code_mun,code_mun_short,sum_fpp_2010,sum_fpp_2022,mean_fpp_2010,mean_perc_forest_2010,mean_perc_forest_2011,mean_fpp_2022,mean_perc_forest_2022,mean_perc_forest_2023,mean_respRenda_2010,mean_respRenda_2022,mean_fpp_abs_change,mean_fpp_perc_change,mean_forest_abs_change,mean_forest_perc_change,ifdm_saude_2013,ifdm_saude_2022,perc_agrifam_cadunico_2012,perc_cisternas_2010,perc_pessoas_cadunico_2012,perc_pib_agro_2010,perc_popRur_2010,perc_popUrb_2010,perc_public_light_2010,perc_saneamento_2010,perc_popUrb_2022,perc_popRur_2022,perc_saneamento_2022,perc_public_light_2022,perc_pib_agro_2021,perc_agrifam_cadunico_2022,perc_pessoas_cadunico_2022,perc_cisternas_2022,taxa_u5mort_2010,taxa_u5mort_2022,bovino_hectare_2010,caprino_hectare_2010,irrigacao_hectare_2010,irrigacao_hectare_2022,bovino_hectare_2022,caprino_hectare_2022,cat_change
2200277,220027,574,402,574,85.4506273279856,85.3874105218908,402,77.8851517937705,77.8629660357908,588.4003587266792,626.8742005156788,-172,-29.965156794425084,-7.565475534215096,-8.853621992939258,0.316334033692806,0.6276,5.770662816025948E-05,48.64672820157438,74.91010177368251,9.47724398593652,45.16062228358698,54.83937771641303,84.53403343186504,2.279212499763458,65.60812270468783,34.39187729531216,4.199999999999999,97.49,15.71,0.6535947712418301,76.06394469647873,84.44444444444444,0.2527695056246703,0,0.1038256543732873,0.05619505166874821,3.521435264522929e-7,4.178655195769463e-7,0.1424387708708362,0.07171910046092621,PP
2200459,220045,2476,2653,225.0909090909091,94.66717354092962,95.2014810168152,241.1818181818182,90.8242258405923,90.6086442400782,629.9795669647509,621.3710688258475,16.090909090909093,7.1486268174474965,-3.8429477003373194,-4.059430060701886,0.1946986542770229,0.431,0.1240236514893726,7.938052754114464e-6,90.77015059494016,24.75855449204975,63.37618241230457,36.62381758769543,71.25155695815177,1.089810447700677,39.57158962795941,60.42841037204059,31.14,99.38,29.71,0.4837595024187976,90.41713641488163,0,10.10796654633284,22.98850574712644,0.06895817325680768,0.0028496383318884202,7.709419822928763e-7,8.922970065069873e-7,0.05328391004397972,0.00200208330730968,PG
2200509,220050,2359,1267,1179.5,91.451950153821,91.48425449743479,633.5,88.9877525189475,88.99312811786496,625.9652500779149,693.7894389694305,-546,-46.29080118694362,-2.4641976348735,-2.694527159594466,0.2620259810754978,0.3489,0,0,78.04019379221823,8.5285992023956,48.79860216911602,51.20139783088398,93.10027517360346,9.535283319182259,53.21042224031639,46.78957775968361,58.3,98.61,10.55,0.233849751534639,81.64475979993021,1.549254603916983,19.16911371532559,40,0.2044039654018001,0.1044805302786009,1.782617453207068e-6,2.232843437342e-6,0.2075970630666367,0.1622999223096254,PP
2200707,220070,892,1016,892,75.2949266858363,75.9124056571695,1016,76.5097966966168,76.5198325484381,537.6130898456693,635.2995178828762,124,13.901345291479823,1.2148700107805013,1.6134818961302342,0.4456999442065224,0.6291,3.031605211682875E-10,37.03703901622598,85.49132364591216,5.670001598590041,50.50562087718601,49.494379122814,87.12999142109005,18.25999099568064,50.59111726488445,49.40888273511556,32.95,96.27,11.61,44.85702091335894,69.58142507189264,31.58344003414426,1.824026649257134e-5,18.18181818181818,0.07722299303801548,0.06140630150855351,4.682521582034789e-7,6.107265781323005e-7,0.0644591330866117,0.1357508761305323,GG
2201002,220100,1996,1275,499,87.64869050633112,87.87583891106625,318.75,84.62658294253303,85.34235002514048,541.7414898627715,603.6979193630123,-180.25,-36.122244488977955,-3.0221075637980874,-3.447977997548967,0.5139608089430552,0.4618,0,0.00113425072258567,91.2104155246535,7.651007337252724,48.10466523956864,51.89533476043137,82.10938662795552,10.08621306918895,56.84886036733791,43.15113963266209,2.22,98.97,9.33,55.53257497414684,89.00199159105998,0,64.50520653620485,21.73913043478261,0.04454430429999251,0.04612066933255245,1.461156376648769e-7,1.408353818963043e-7,0.04873163430821439,0.05123944374733991,PP
2201051,220105,3008,2649,250.6666666666667,90.6207835620074,90.02471551746314,220.75,87.9611814727679,87.98599033021273,431.5284111677013,519.4513364558572,-29.916666666666714,-11.934840425531931,-2.659602089239499,-2.934869888230068,0.3357999995213348,0.3432,4.655244824076423E-11,48.51190350793834,96.17486305596948,9.190000137326555,54.97800925482687,45.02199074517312,77.39000065828074,13.46000024406443,42.05582393988191,57.94417606011809,13.06,82.88,14.35,0.1146788990825688,88.05689747718733,20.90978593272171,23.25581349117291,38.46153846153847,0.02007917252682254,0.01690088271479631,1.314026466939615e-7,2.127062647144552e-7,0.02515520233399041,0.08299890079885072,PP
2201101,220110,3655,3459,304.5833333333333,90.85400963610455,92.01204832010113,288.25,89.6135731319785,89.52802277581542,687.288580107942,627.4659019889503,-16.333333333333314,-5.3625170998631955,-1.2404365041260519,-1.3653073860959395,0.2614170509997658,0.452,0.1599156960220245,41.89810696634517,91.30800212405194,11.89353253116481,41.3490637413774,58.6509362586226,76.99722166001408,1.557575028764035,64.54285977350152,35.45714022649848,13.68,98.11,13.16,87.33258928571429,91.40042353374459,71.81919642857143,26.48857578342941,6.802721088435374,0.08734021870792019,0.04224280613146312,2.59115425908879e-7,2.99381666456792e-7,0.09016618943032595,0.1130124886592473,PP
2201556,220155,1482,979,494,77.9855794405444,79.01498191842776,326.3333333333333,77.56851443030737,77.65113721620273,484.35713873294,663.8289584975092,-167.66666666666669,-33.94062078272605,-0.4170650102370246,-0.5347976039018748,0.6152554113019177,0.6015,1.970843099130641E-05,34.86275571987608,86.20723652103321,14.52822858306421,67.09205208630848,32.90794791369153,89.66077026995825,33.43766217375638,43.07391091532061,56.92608908467939,2.67,99.82,22.96,0.6342494714587738,88.32599118942731,24.94714587737844,0.002860258541667917,18.51851851851852,0.1018884740827566,0.139438382790467,3.233196376715058e-7,4.298246571024301e-7,0.1138469710627805,0.2258513775112529,PP
2201804,220180,1881,1397,940.5,74.2471139352879,75.6321580218954,698.5,72.95115577097545,72.95046829720636,717.4028534695793,756.2524763131094,-242,-25.730994152046783,-1.2959581643124523,-1.745466046588666,0.1585790685325892,0.5314,0.9732106585012469,0.1414219210888358,73.156426878134,16.54790357296054,59.50211675471407,40.49788324528592,87.75945775600913,22.27406835173411,43.78219278881531,56.21780721118469,67.47,97.64,18.02,0,70.51753740495462,0,1.048428208943475,0,0.1415395264450163,0.0801399798382692,1.744362010269019e-6,6.296215192305487e-7,0.1220416829307102,0.1043566454164465,PP
2201903,220190,503,44,167.6666666666667,99.99762297265833,99.99762297265833,14.66666666666667,100,100,1065.455315943111,1081.554848187132,-153.00000000000006,-91.25248508946324,0.002377027341665894,0.002377083845598838,0.3137009824029743,0.5886,2.28246935943579E-10,5.154866340941883e-4,66.56107860366627,18.1298226101669,22.12277935464255,77.87722064535743,81.16995502449787,9.420313351687994,82.15354632143107,17.84645367856895,39.64,97.41,37.53,8.904374758033294,69.59351291153337,0,21.17685080847638,20.16129032258064,0.2796276413308468,0.007237314123036733,9.669407081637224e-7,1.036069875011604e-6,0.2931095290207514,0.009548894004925328,GP
2201919,220191,3914,3408,782.8,98.18770792566453,97.9258873650611,681.6,96.6314658620623,96.42617098851915,540.2641311813203,604.7204557555284,-101.19999999999993,-12.927950945324469,-1.5562420636022267,-1.5849662819101744,0.361326957327864,0.4307,1.365283809513006E-11,0,88.4836932243476,13.44842138291089,68.64465907558026,31.35534092441975,90.68458097908672,20.86411662651643,33.99006034788783,66.00993965211217,1.04,98.24,27.14,0.3244646333549643,91.0365637202698,0,25.62723272428471,22.72727272727273,0.0882215901399813,0.05819191145512422,2.981384233830065e-7,2.22266389964138e-7,0.05713901797574868,0.03280029930219506,PP
2201929,220192,1042,928,1042,71.0529827670422,76.2298873451663,928,73.364632578492,73.4718230433949,481.4392141591329,555.2642883443251,-114,-10.9404990403071,2.3116498114498114,3.253416987473841,0.1227927101655497,0.6059,4.82846319985119E-08,28.90720348284307,96.3085184283601,9.438290445856937,69.70136552098536,30.29863447901463,91.78912011985194,4.147695745477316,30.27228141383392,69.72771858616608,20.44,94.37,11.19,3.912111468381565,96.22864874006426,36.81672025723473,54.00293907760149,0,0.06757179616521089,0.3338888776244434,4.016158308377595e-7,4.768491083733395e-7,0.05463604970676245,0.4837786203680824,GP
2201960,220196,1287,822,429,86.9796733526543,86.62403755119686,274,86.5764920735959,84.41065477251966,601.8801876490699,641.8067126431604,-155,-36.13053613053613,-0.4031812790584013,-0.46353505769529046,0.3787439300061018,0.631,4.887862357926967E-11,0.007103061967414982,76.73849849698543,7.409968283385579,56.28489879163681,43.71510120836318,87.28015166387281,26.8807369447103,46.84684684684684,53.15315315315316,1.34,99.31,9.05,52.18423551756886,68.48032242769085,0,20.00230898890065,0,0.1504105063102111,0.2822772257021893,8.072201808340637e-7,7.325431504670128e-7,0.1245545222441924,0.2739900438898658,PP
2201988,220198,2047,1776,89,95.26742073925197,96.38591677786732,77.21739130434784,96.31748755122497,96.2480600851734,433.498318219705,537.6583145214097,-11.782608695652158,-13.238886174890066,1.0500668119729966,1.1022307561438465,0.3547571763623225,0.6441,2.087180702817407E-12,15.22278713084607,93.49868643655853,10.64259522375579,62.78875984567776,37.21124015432223,85.96677848999772,0.8147866258018832,38.87316696681245,61.12683303318754,3.91,99.08,15.34,11.23595505617977,90.7126318497556,19.98394863563403,2.270151266889898e-6,0,0.02542458478839117,0.01855955089283734,2.294525753404698e-7,4.869473199635825e-7,0.02404251258450317,0.05255241317534542,GP
2202000,220200,3479,3729,1739.5,95.96897435688254,95.82691771261725,1864.5,93.71123573599145,93.2816775708598,529.1253417406492,604.0834897832385,125,7.185972980741592,-2.2577386208910895,-2.352571376344164,0.3283901925800742,0.5173,6.107421958165395,0.001300663811455354,84.44933979014257,17.8923520330329,46.04267101850958,53.95732898149041,89.7883272975615,32.06256415191505,64.44568868980963,35.55431131019036,5.4,94.57,17.5,13.27375041377027,79.70579252774101,0,9.012326494789273,6.825938566552901,1.009220586647987,0.166456058760326,5.645988178545059e-5,4.662633459924727e-5,0.279020866865511,0.1354532893012015,PG
2202026,220202,5573,3868,242.3043478260869,91.77230835162977,91.68858569705044,168.1739130434783,86.0989054933778,86.1129623533548,503.421176782491,601.814483416155,-74.1304347826086,-30.593935043961928,-5.6734028582519755,-6.182042230553987,0.4426819961787151,0.6831,76.41595137161653,27.57676208675773,80.58941449721962,12.32629809990898,69.44737169557557,30.55262830442442,95.17538816651215,42.06940292204477,36.46884672318665,63.53115327681335,0.9299999999999999,97.8,15.89,82.16424294268606,84.026375992464,25.74850299401198,9.67625862466244,16.39344262295082,0.0448430744224498,0.03934384018053656,1.119989273811757e-7,1.078460466599559e-7,0.02763418717014197,0.07715628436375821,PP
2202075,220207,1892,1265,473,82.76454476361397,83.4521520066597,316.25,77.85632895784103,78.96002359461032,481.8106740254362,555.9020526740238,-156.75,-33.13953488372093,-4.90821580577294,-5.930336256656068,0.2827450571821837,0.6032,0.001887888581967361,6.723769996813127,84.20495230228936,13.60555007264015,66.72277133590212,33.27722866409787,78.44486327163379,46.86190492573319,37.785645317026074,62.21435468297393,9.74,99.51,10.02,0.3529411764705883,77.53459929192147,4.823529411764706,0.02484050906337361,0,0.1294198472795055,0.06330963780795237,3.783743899629108e-7,2.69807954775703e-7,0.07588803129295807,0.05737363973882181,PP
2202083,220208,1072,1172,1072,86.5683750213845,86.1183412797833,1172,85.4442299441394,85.4628789153772,587.9231592512634,717.9093528142057,100,9.328358208955224,-1.1241450772451032,-1.29856321892078,0.2136676078996571,0.4555,0.07130926611766449,0.06278743001491817,75.80869245416316,29.57110473894411,62.19976806397016,37.80023193602983,73.4593002604865,14.17871674066354,71.44475207651648,28.55524792348351,58.56,90.49,18.48,29.96670366259712,73.86106216964511,0,22.23535156415641,9.433962264150942,0.05808633012058909,0.1015090431183308,6.549057109938193e-7,6.705169775998489e-7,0.03854071664986627,0.05319704551671683,PG
2202091,220209,1327,1083,663.5,79.28685124688184,79.30758111563475,541.5,81.62614669803065,81.71021279169591,555.9859871618353,608.7210312094037,-122,-18.38733986435569,2.339295451148814,2.950420422000064,0.4301330723382041,0.5691,2.310303742390764E-06,7.057358489290586,87.27438611176855,22.97181630522514,70.51933600670101,29.480663993299,99.51249423830546,0.1229515410203269,39.12411411957114,60.87588588042886,0.21,98.04,11.96,2.991452991452991,88.8424495729602,34.67643467643467,11.70353608586113,14.49275362318841,0.1051221632062319,0.05086311132924017,2.476855719484641e-7,2.42199170383051e-7,0.06693896580047283,0.06556307924088665,GP
2202109,220210,639,218,319.5,81.32033220447096,82.00326794916151,109,80.1426781507235,80.12597145253935,471.734317559035,565.8137464879233,-210.5,-65.88419405320813,-1.1776540537474602,-1.448166801368174,0.3338798217574027,0.557,0.000792904979036842,52.4139718031777,91.53918320115108,13.09819126471402,66.14214655957267,33.85785344042731,66.89169266254648,1.468689365664069,34.0632603406326,65.93673965936739,24.56,86.11,20.59,0.1174398120963006,93.89699918896999,58.54374633000587,23.44831448387275,0,0.09942285402394357,0.06523003764139407,5.49305284623342e-7,8.763614298167203e-7,0.09031377271088237,0.1548039970885951,PP
2202117,220211,2579,2299,429.8333333333333,86.97002183910678,87.15985274322604,383.1666666666667,86.11272452963318,86.11186272924125,611.5382622889612,582.8607921158308,-46.66666666666663,-10.85692128732066,-0.8572973094735943,-0.9857388688019204,0.5394999927581181,0.4974,74.41340260122658,44.24581091224467,104.3255909802974,5.940000371340291,73.91860241874573,26.08139758125428,61.43000071136179,0.1600000992580809,29.21543129605548,70.78456870394452,28.55,86.39,5.82,104.3781725888325,91.28738621586476,49.74619289340102,27.3972614798144,48.38709677419354,0.04636784222305556,0.1531566399555313,1.50757361847499e-7,2.00393107714132e-7,0.03685045688935434,0.3045144494444346,PP
2202133,220213,1540,1162,770,81.83019294945086,83.10857257709345,581,77.45834125777054,77.4852429321983,479.8907704672174,579.8583127764133,-189,-24.545454545454547,-4.37185169168032,-5.342589983114121,0.1246757224501355,0.4496,0,5.985364920236372,93.77353356440834,10.38947084224605,71.91321871776182,28.08678128223819,69.53406117380872,12.81165885082395,39.1420019953442,60.8579980046558,19.83,75.91,13.77,0.1062699256110521,83.15596940472231,44.26142401700319,21.04151881259702,12.98701298701299,0.07535758239469759,0.04204436871486538,3.658611639602349e-7,2.948385247316071e-7,0.06418316704506333,0.03971157434431271,PP
2202251,220225,409,243,81.8,97.17923501749941,97.2705648783187,48.6,96.014598250249,96.02837812812226,553.4002575577266,581.9240352822089,-33.199999999999996,-40.58679706601467,-1.164636767250414,-1.198441999508119,0.471799999688022,0.4804,0,5.232613506945257e-8,75.84799795868443,15.45000000239314,55.67457278828404,44.32542721171598,74.74000003722415,9.920000016251574,49.64850615114236,50.35149384885764,45.47,98.35,19.01,0,78.9103690685413,0,73.17073164766467,27.02702702702703,0.08454255067394582,0.01730764577931784,1.279846420611795e-7,1.274799755813194e-7,0.08600841178981394,0.02403643705255375,PP
2202307,220230,4805,3214,111.7441860465117,96.71095723216983,97.100272191433,74.74418604651159,97.63941985259956,97.68896043819424,636.9530538630868,764.6751338875664,-37.000000000000114,-33.11134235171704,0.9284626204297268,0.9600387039917375,0.2808000008604917,0.3442,2.453200382571741E-09,7.6243980903719,77.01798208417772,12.55000000603988,44.40559444725582,55.59440555274419,91.44999988191132,2.990000090230206,60.81674851382787,39.18325148617214,21.84,95.74,13.3,60.66649835900025,79.19359007495477,16.43524362534713,10.83032488021999,13.74570446735395,0.02738743995646904,0.007107687444105278,3.251275058765969e-7,5.408853936547941e-7,0.0207934582848505,0.004793769514948591,GP
2202455,220245,2086,1733,298,81.62380399694584,82.40474837856152,247.5714285714286,83.69189266582919,83.69170238317591,535.0361299021615,539.3919824780041,-50.42857142857139,-16.92233940556087,2.068088668883348,2.533683273277402,0.3225962745188896,0.668,1.525876261141937,56.98049048696198,95.89439904215043,8.542880624856862,70.04071726765429,29.95928273234568,18.75762187977193,4.551076192047008,37.39612188365651,62.60387811634349,42.54,94.87,11.93,105.1938551572787,109.040543943591,57.49817117776153,0.01669282999465548,23.80952380952381,0.03647388772359611,0.1532925294749155,1.043968799447571e-7,1.53216998063712e-7,0.04556692946887501,0.2494953484641511,GP
2202505,220250,4871,4201,304.4375,94.79238861812114,95.6481184655317,262.5625,94.55182410886897,94.52913154347566,623.2628560670365,619.5466783986127,-41.875,-13.754875795524532,-0.24056450925216666,-0.25378040659076584,0.3641996409409937,0.5108,5.54258214310503E-08,34.24052744799907,85.39956416981059,6.420003111845174,60.55624248161368,39.44375751838632,90.6099828226208,35.86996548770874,39.13844959736102,60.86155040263898,28.99,95.02,7.14,0.8480565371024734,85.02959153973028,49.68197879858657,18.40489943458985,6.944444444444444,0.02894556601316646,0.00941861392105034,1.240112905838399e-7,1.713663205383963e-7,0.02630245838743403,0.02587517315022809,PP
2202604,220260,1428,1231,714,93.23594861305631,93.2353710322543,615.5,91.01263800880965,90.98585912931485,565.27629057892,628.4927151060541,-98.5,-13.795518207282914,-2.223310604246663,-2.384606621501485,0.2859134234033476,0.3489,19.36154654507659,37.70298892874918,88.8441052512415,9.005718037830377,45.51389347011874,54.48610652988123,87.75109825854099,23.49393973203626,59.15624513517721,40.84375486482279,2.96,98.17,13.19,8.29103214890017,77.83716465154896,49.46418499717992,11.26654162399014,23.69668246445497,0.2482433325531045,0.418137238082719,1.31088269743588e-6,1.511975309639974e-6,0.1944112031323898,0.6183331398870121,PP
2202703,220270,11599,11548,1657,96.37834193183856,95.78462098735623,1649.714285714286,93.0420760046603,92.6725643618536,488.1288835370301,578.2315026663244,-7.285714285713993,-0.439693076989378,-3.3362659271782604,-3.4616344920498427,0.3492158798720321,0.4744,2.059335827029938,0.3810196097427401,83.65916172752517,6.547815469974936,53.71578920830773,46.28421079169226,86.95785946240572,1.183844214749111,44.75886524822695,55.24113475177305,7.19,98.55,14.34,7.273280584297018,74.177304964539,0,44.45478399284261,20.35623409669211,0.1088427653394779,0.1542406635260735,8.114634910640112e-7,8.714491724774644e-7,0.08120619792302314,0.2532143052246972,PP
2202729,220272,556,870,556,97.9585880169002,97.9175595021751,870,97.9462029599006,97.9550726510118,433.2247399069694,524.0289162218405,314,56.4748201438849,-0.012385056999590915,-0.012643155899158322,0.4207858105117504,0.6583,0.0018023247049982,1.11740053156131,96.65612798026223,6.773469751624454,66.19641803645098,33.80358196354901,40.16657493052482,11.65478908835026,48.97415818324198,51.02584181675802,0.54,89.12,11.28,0.2569043031470777,82.78778386844165,0,47.31781547862812,25.31645569620253,0.07434356158740728,0.1431598506547152,4.065826823737241e-7,4.232929457856574e-7,0.06851054814653702,0.2287804701392648,PG
2202752,220275,293,179,146.5,90.23042421589406,91.2626199001331,89.5,90.1647712380194,89.89768719665115,624.0375365580317,706.6335276756915,-57,-38.907849829351534,-0.06565297787466307,-0.07276146426794512,0.3404510995431156,0.5335,6.049978003128439E-06,9.923020841749015e-9,90.65338879771518,7.767070874996715,19.65887098380452,80.34112901619547,88.47294203018896,1.829364011666425,79.37489825818004,20.62510174181996,16.58,91.52,7.54,1.338688085676037,97.16750773237833,2.677376171352075,20.83670605077179,15.15151515151515,0.131928022727503,0.01561131447627659,1.405916660175328e-6,1.593584049523338e-6,0.144267072572261,0.01251864325610254,PP
2202778,220277,4732,3515,525.7777777777778,87.36437336680302,87.82897161419665,390.5555555555555,87.70277116550383,87.80513800087225,513.1182750093612,593.8858609998377,-135.22222222222234,-25.718512256973813,0.3383977987008109,0.38734072672854114,0.2403274373422599,0.5646,0.01728432438982912,15.59623207634072,92.927561888573507,15.24021590893788,64.35809609870594,35.64190390129404,86.7724821948486,0.9542340683100253,40.6978406978407,59.30215930215931,51.98,99.47,11.68,29.65616045845272,84.37008437008437,17.00095510983763,0.06016984514317748,0,0.08963888477954528,0.05230157379772766,7.407290017394021e-7,8.086301281727682e-7,0.07817889444248205,0.07824073667935152,GP
2202802,220280,2716,2503,301.77777777777783,87.8277021214819,88.81273914319722,278.1111111111111,86.98389488888938,86.98174800521508,545.8939464653355,583.5832717734837,-23.666666666666742,-7.842415316642144,-0.8438072325925248,-0.9607529426483045,0.3644607951144988,0.5855,0.3232542923320528,32.30543060004636,101.2116852456983,13.26543475870896,48.89757368840677,51.10242631159324,92.5554887000246,48.77457717845495,52.49594155844156,47.50405844155844,29.91,97.25,30.72,0.4091653027823241,87.90584415584416,30.11456628477905,53.31869476074295,0,0.05183133171875771,0.05013805259566723,7.826452665646939e-7,1.600183084869321e-6,0.04411875118870699,0.1099828444218076,PP
2202851,220285,1608,1181,107.2,90.93320885619615,91.43486465671717,78.73333333333333,91.7593087060348,91.78503913932809,577.5784021527252,636.6797137117818,-28.46666666666667,-26.554726368159205,0.8260998498386556,0.908468820389995,0.3324714468449979,0.3321,2.903488492300519E-11,23.24492902219706,94.73021972977872,10.89727508899817,67.15055421295419,32.84944578704585,88.15838577237756,19.4453526192963,34.71698113207547,65.28301886792453,2.15,98.23,13.37,13.68770764119601,94.71698113207547,57.07641196013289,21.13573471599112,20.40816326530612,0.01450445488002394,0.07390470763587366,6.148980985019544e-8,8.85645493751514e-8,0.01365168143958305,0.151537225730027,GP
2203107,220310,4,1,4,100,100,1,99.9673051987667,99.9673051987667,724.2095705339282,713.0368800275173,-3,-75,-0.032694801233304815,-0.032694801233304815,0.2409999583910594,0.5045,1.1136276762531E-07,0.8559193474957077,81.28444895238663,6.14001671768204,27.24179179352541,72.75820820647456,71.05000018767032,1.909999263989475,72.45160675121579,27.54839324878421,5.399999999999999,97.69,5.84,0.3364737550471063,85.19118909125584,7.133243606998654,5.586596242953201,15.26717557251908,0.2638364162023821,0.005800308021014582,3.311834780748148e-6,1.507514418851692e-6,0.1617571820735373,0.006296588295479975,PP
2203206,220320,2817,2454,201.2142857142857,90.31658635193409,91.10104043702528,175.2857142857143,88.6777452388305,88.42799036318576,669.5184224569612,681.7868559313048,-25.928571428571388,-12.886048988285392,-1.6388411131035951,-1.8145516557917383,0.2836929118601431,0.3019,0.002054820195840626,22.9421250718012,91.43421460842649,13.48796769055592,34.23781574420083,65.7621842557992,80.32702349513163,4.966152536719797,70.57254623044096,29.42745376955903,14.24,92.64,14.18,0.514668039114771,82.92140825035563,68.86258363355635,5.399757675344392,33.5195530726257,0.09773499292438843,0.01627159774180907,1.847692773236986e-7,2.224543939502101e-7,0.09221569571938426,0.02725405023014412,PP
2203271,220327,350,233,350,76.8081436486991,83.1305864091362,233,76.8260008519251,76.937785391421,509.4891536693962,531.5116456065763,-117,-33.42857142857143,0.017857203226000706,0.023249101433404,0.3424006145344387,0.3227,1.552216009645861E-10,33.10873778364139,87.53564098087185,11.16097760257816,70.80558363225158,29.19441636774843,62.10863584500865,0.8547921425286986,46.62055335968379,53.37944664031621,0.8200000000000001,93.7,9.01,0.3228410008071025,95.0197628458498,55.60936238902341,13.75203672587245,10.52631578947368,0.08271632968451426,0.03309238495160237,1.884461951218834e-7,1.734241570394226e-7,0.03715484525770695,0.08024414496629766,GP
2203354,220335,2524,2336,420.6666666666667,82.43166536387739,82.83964307825252,389.3333333333333,80.71651680130323,80.81822481658449,562.8729689023064,637.1472511861797,-31.33333333333337,-7.44849445324882,-1.7151485625741572,-2.080691388440342,0.2208172460022634,0.4527,7.609533906851436E-08,49.80421303942506,86.91462123473671,10.46047243304396,64.5123981586886,35.48760184131141,86.4317755468542,0.7792102190238984,39.41543700340522,60.58456299659478,7.24,95.01,11.17,0.2482621648460775,77.85187287173666,36.59384309831182,0.02174839051588035,23.52941176470588,0.04445999621498783,0.235990831911452,2.235449107025312e-7,3.281081782897551e-7,0.03470275117511963,0.429323443169575,PP
2203404,220340,2833,2374,1416.5,87.37742683953995,91.0282868303163,1187,89.42216948722495,89.0042237003659,678.2108192585459,759.4276511923284,-229.5,-16.201906106600777,2.0447426476849984,2.3401268744614865,0.3053436878858805,0.4426,0.1721054197817192,0.01244241578066532,74.78465814348714,6.366818239859819,45.00576426267568,54.99423573732433,95.88723855691401,4.561832781173339,59.39873417721518,40.60126582278481,73.47,97.44,7.78,12.64728986645719,82.46835443037975,0,12.70488435960971,12.04819277108434,0.07903525449244272,0.003538832241214736,9.829943520736622e-7,9.74754223113953e-7,0.05361659703801917,0.009293543486589988,GP
2203420,220342,2927,2433,418.1428571428572,85.92705285125568,85.6324971979355,347.5714285714286,85.38978917617503,85.40789756400696,516.3139209314687,577.9500974776352,-70.57142857142861,-16.877348821318762,-0.5372636750806521,-0.6252555595159119,0.3716074851002132,0.488,1.155353716792384E-05,9.79158011514354,95.64857092990088,9.005000152219962,77.4784699362402,22.5215300637598,98.56783670447507,44.26129333068445,22.82768777614139,77.17231222385863,46.96,97.81,14.55,0.5797101449275363,91.11438389788906,40.79710144927537,24.11577788618292,19.23076923076923,0.03139946507184675,0.0885438570010026,2.243990775852007e-7,2.370883739133417e-7,0.03687009593106375,0.1217311183500654,PP
2203453,220345,7050,5403,180.7692307692308,86.022697761269,86.55289028001303,138.5384615384615,86.66856994217902,86.70503195608869,471.0376355803597,598.8442716982597,-42.23076923076931,-23.361702127659616,0.6458721809100183,0.7508160028908287,0.3159476847847296,0.6488,0.0007105756533199601,27.12250285310827,86.12130390186041,13.61690677426848,78.16814571823468,21.83185428176535,84.98421320324782,6.447086986318854,32.5139298590626,67.48607014093739,15.2,80.45,7.26,69.9642043605597,80.54189883098438,21.15196876016921,29.40533020947075,14.49275362318841,0.02928816066786544,0.1298904085303058,1.05816671383219e-7,1.808036878164831e-7,0.01822383862982987,0.2243781696043353,GP
2203602,220360,813,907,162.6,89.56548779241498,90.71101327618003,181.4,86.66550011605922,86.68381843470064,717.6446422632183,754.9480725098377,18.80000000000001,11.562115621156218,-2.8999876763557637,-3.2378405430862336,0.5422999899495862,0.6112,4.878048090507573,0.4065040099582183,83.81564732306028,9.970000772646857,18.09218108201943,81.90781891798058,92.03999755997985,36.99999616602297,78.74771480804388,21.25228519195613,94.85000000000001,98.72,10.55,1.286173633440514,80.85009140767825,0.1607717041800643,1.03209339892316e-5,0,0.08090977580238443,0.01711213027230322,2.843423590757823e-7,3.740136324905145e-7,0.06746531022561998,0.01820580174419874,PG
2203750,220375,4735,4274,591.875,85.33128606005647,86.21076491660472,534.25,84.35551521949421,84.4096207653366,478.3676208901264,535.1512447997643,-57.625,-9.736008447729674,-0.9757708405622623,-1.1435088882587696,0.2867991140709896,0.4494,4.010176341217945E-07,37.43515392396134,89.94911935064823,11.10983220511672,73.67022014517218,26.32977985482783,79.94407785234863,1.590460769724523,26.06060606060606,73.93939393939394,16.64,98.28,13.9,1.396160558464223,90.75757575757576,32.69342641070389,0.009362575563213363,0,0.04614227786822989,0.244868734577096,1.604093941353345e-7,1.90943282534842e-7,0.04442308510958247,0.3636718507669506,PP
2203800,220380,2048,1345,512,91.74582236443796,92.24693488234583,336.25,89.56303982633972,87.92354553163952,500.3506714987218,543.8755782926704,-175.75,-34.326171875,-2.1827825380982375,-2.3791628674139136,0.2553002221892366,0.6264,0,12.74361617381988,83.57764388248258,15.1899985741473,54.48923791176423,45.51076208823574,83.40998188891491,33.61998945991243,44.07432585542715,55.92567414457286,6,99.29,13.35,0.529500756429652,85.2028098799003,14.0695915279879,65.78941157156231,0,0.07601404794985771,0.03479670739296201,1.693141494189125e-7,2.196035479281057e-7,0.06738076777430418,0.08524511566952268,PP
2203859,220385,1242,656,621,79.0167990164772,79.40025624535406,328,78.11328502152514,78.15582771348176,473.1388548892133,609.109237638246,-293,-47.18196457326892,-0.9035139949520499,-1.1434454523570896,0.4591702078237441,0.5365,0.3704949837431815,48.72421125787744,74.8431405029239,10.09574806696033,65.42922824793558,34.5707717520644,56.93451252907738,1.444610561850233,42.37870330613998,57.62129669386002,3.13,81.19,13.54,0.2816901408450704,95.53456419063976,43.66197183098591,3.006531382287908,47.61904761904761,0.1594330950888653,0.03390684573809397,4.824478062005298e-7,7.100177349326375e-7,0.1113483344308755,0.06104219986706399,PP
2204105,220410,2502,1818,625.5,85.1869857570106,85.2255001933919,454.5,83.57898737270428,84.25366883501583,556.6135917020907,633.3126712407188,-171,-27.33812949640288,-1.6079983843063275,-1.8876103785301437,0.4445000027429067,0.6544,0,9.539697700902704e-11,90.90909090175934,12.57999977793738,51.88742444428164,48.11257555571837,93.02999952232462,30.6099990615828,48.39075249320036,51.60924750679964,23.78,100,15.15,1.599326599326599,79.3064369900272,0,48.38709743235364,51.28205128205128,0.07215616716771736,0.03304315260428281,2.071262921355833e-7,2.235553574558361e-7,0.06519421888330654,0.03034933452174318,PP
2204154,220415,2303,1730,1151.5,75.6775225306514,78.0033884268193,865,74.6739448926037,74.64841043113364,582.6247315410664,578.9961860045497,-286.5,-24.880590534085975,-1.0035776380477017,-1.3261238006849738,0.3401428282236032,0.622,0.0007941175473806785,10.70895904114814,81.37411589398444,11.26553558531342,60.39194884417731,39.60805115582269,83.81102977589622,2.106491669568627,45.78354387162854,54.21645612837146,0.39,97.31,6.05,0.5108556832694764,79.4469102082622,16.47509578544061,20.81837886317464,0,0.1078489482590776,0.04835830413687726,4.985931853256948e-7,7.164733087928242e-7,0.08452619431439695,0.07321979661832327,PP
2204204,220420,365,341,365,95.2392270379853,95.1826661920988,341,82.070777276952,82.2201051797624,650.05799368426,700.6902650319379,-24,-6.575342465753424,-13.168449761033301,-13.826707933886512,0.303069754405212,0.4541,2.344927841995217E-08,0.08330025680746546,74.67687332512386,10.11043288507424,53.70223744319259,46.29776255680739,81.60191370600403,8.104175453116923,59.64741641337385,40.35258358662614,5.79,99.36,9.72,15.79664094416705,70.0790273556231,12.52837040399455,15.62937960541342,19.8019801980198,0.05432766577118076,0.009246387933086951,3.845671485101552e-7,2.797402330503265e-7,0.06753413003332148,0.0185139059146235,PP
2204303,220430,1684,1296,421,72.96478429125327,71.7091117503848,324,75.4904564109056,75.5656418809255,801.1400499020153,707.5011880778909,-97,-23.040380047505938,2.5256721196523273,3.461494670594257,0.3544077140603754,0.6174,5.653519120466457E-08,44.92837775495791,77.62945859882525,2.038054395636006,34.77957726672778,65.22042273327223,86.64171045103494,43.51030976473844,70.11796821682753,29.88203178317247,55.79000000000001,98.31,8.49,0.2596053997923157,72.48708199278542,33.59293873312565,14.49976138514515,9.433962264150942,0.1026595738172824,0.09305888662803623,4.947197272978123e-7,3.602832461862184e-7,0.07396965149146735,0.1121131889667456,GP
2204352,220435,1844,2090,922,72.07532778470895,74.80658601302571,1045,72.92787100734415,72.9139793415756,517.7835326862652,595.7530306490119,123,13.34056399132321,0.8525432226352052,1.1828502884950811,0.1185726277468027,0.4092,0.007639330944908748,0.2490783823073918,84.08769460989603,11.69208902129419,77.72424444512687,22.27575555487313,86.93588679894359,8.086852330951142,27.18071402281928,72.81928597718071,1.5,99.02,22.4,2.470308788598575,96.57710710342289,0.4275534441805225,0.03425574559360303,27.3972602739726,0.09961518531536193,0.02527058693960264,1.782392173368737e-6,1.534029414583421e-6,0.07999654291813829,0.0190351884672246,GG
2204550,220455,3369,1600,177.3157894736842,97.73089613028124,97.87888543840387,84.21052631578947,96.97868681804349,96.93853588292359,481.5135138139837,495.588290409665,-93.10526315789473,-52.50816265954289,-0.7522093122377527,-0.7696740150985741,0.3800999998177394,0.4896,4.619619125980629E-08,34.84224961014232,98.36400813663042,6.140000017212373,71.02931147375664,28.97068852624335,78.13000001950527,30.59999994669155,32.37359550561798,67.62640449438202,2.51,86.13,13.54,57.69817073170732,97.56554307116106,42.68292682926829,46.87499991774797,28.16901408450704,0.002622917123839029,0.003530304353645394,2.436256149485761e-8,3.864887287604373e-8,0.007400913360016908,0.006259584767140738,PP
2204709,220470,3468,3424,693.6,90.32455168760254,91.2842702738485,684.8,89.44241139253684,89.3654162569211,580.5436575501874,623.7445402695056,-8.800000000000068,-1.2687427912341505,-0.882140295065696,-0.9766340143227901,0.4205999720643552,0.4089,0,7.15990504605615,81.60997313158451,8.190002591505243,50.96666200249339,49.03333799750659,92.89999367370781,5.20000594375368,50.79258912447327,49.20741087552672,4.21,97.86,15.49,0.153217568947906,73.888034245201,6.843718079673137,4.830926251354856,36.76470588235294,0.07679846018459763,0.05791702310565972,2.477666989542531e-6,1.856612444125249e-6,0.1039037625245393,0.04358111778522877,PP
2204808,220480,4150,2938,1037.5,90.43766646848198,92.53774348804397,734.5,93.07251300689177,92.91496071597813,584.6318452348308,622.8409690601036,-303,-29.204819277108435,2.634846538409789,2.913439323788886,0.3069577078709509,0.4866,0.0267714495023604,15.43529903522928,72.87517685424694,10.02624406163975,38.32241865537026,61.67758134462974,91.51573855464468,1.945416808680428,66.63478907661248,33.36521092338752,51.08,99.05,9.91,2.002503128911139,79.10955265115291,15.64455569461827,30.96670561668211,19.6078431372549,0.07008319051763916,0.0515532444985119,2.571295642914114e-6,3.64065862787933e-6,0.06640314061948091,0.05526245292379729,GP
2204907,220490,1512,1323,378,89.6538915147089,89.90630557852047,330.75,86.62096602426035,86.3805901140895,479.4699848207425,527.6667354852323,-47.25,-12.5,-3.032925490448548,-3.3829267633641495,0.3856744201339788,0.6842,0.006844853201328796,31.35275194188268,84.67789022543242,12.66985195516295,76.36983551882423,23.63016448117576,72.29357483933883,3.089485280369124,29.00733874082657,70.99266125917343,27.81,95.84,14.04,0.4147812971342383,82.8505214368482,26.58371040723982,43.08680789683594,18.34862385321101,0.109609126001557,0.1403956179540587,3.997539967498311e-7,6.089350689289866e-7,0.1005027839977237,0.2575811147696762,PP
2205003,220500,4167,3251,694.5,82.43255226293738,82.43311866006414,541.8333333333334,80.69517834613288,80.73168035115039,488.5690296080452,642.7356553699565,-152.66666666666663,-21.98224142068634,-1.7373739168045006,-2.107630868037121,0.1903656987815139,0.6177,0.000339255307302946,9.216086036060553,83.78540878218055,16.61979737885435,76.91487913203959,23.08512086796039,80.67308946716166,6.063323889613311,27.33017377567141,72.66982622432859,30.72,96.11,21.79,0.3597122302158274,79.23055478115417,16.810551558753,67.59012360292493,0,0.1113934045263464,0.08797399897328886,9.342090514075198e-7,1.117804516804797e-6,0.08357220474562012,0.1867508264520418,PP
2205102,220510,1716,1162,343.2,92.62403951310947,93.1719983066465,232.4,91.4547787714861,91.41488047927777,625.780570555494,692.8267337959809,-110.79999999999998,-32.28438228438228,-1.1692607416233614,-1.2623728653703026,0.3284000046225952,0.3443,0,24.05159189140022,75.37928874008912,16.54999855930692,44.28731727390672,55.71268272609328,91.84999828232841,17.39001322973659,61.6571262248957,38.34287377510429,29.07,98.2,14.8,0.04940711462450593,74.03706219074415,21.59090909090909,45.75162890708889,36.69724770642202,0.1214230308343227,0.09064379923851455,8.194345972734178e-7,5.006238330365193e-7,0.1387119070775917,0.1012576876593143,PP
2205151,220515,541,498,270.5,70.55855339645635,73.76897630695925,249,72.0336236438872,71.97576773441716,469.757320991035,637.3748351273684,-21.5,-7.948243992606285,1.4750702474308497,2.090561918329992,0.2758429176234714,0.5985,0.002035346849919247,42.31769575916278,85.86297281400088,21.80149201190866,81.64056789729491,18.3594321027051,74.46243427613145,14.73054219293101,39.35127428265906,60.64872571734094,0.25,97.77,23.32,5.48011639185257,78.57779361967565,57.75945683802134,0.5606364330463987,0,0.0984706394241761,0.04170790662110534,2.097117276940195e-7,3.443488216924116e-7,0.07991802753511339,0.105320543430203,GP
2205201,220520,587,512,587,83.0749603437549,84.656692815179,512,83.1303941699492,83.2212292936223,530.5525921437574,619.5306432451697,-75,-12.776831345826235,0.05543382619430304,0.06672747837004564,0.09668270832491675,0.2469,0,1.057964422757751,76.43754368947155,10.20050563123768,52.87357122794997,47.12642877205003,77.83522753196242,7.459617554722394,51.48158721096203,48.51841278903797,32.8,98.29,16.14,0.06150061500615006,78.84670282614901,33.94833948339483,20.30679918923543,29.41176470588235,0.04425761584879465,0.05372910787428677,5.254455804182853e-7,4.160139281821322e-7,0.0455764872786929,0.144678325477076,GP
2205359,220535,2060,1786,114.4444444444444,95.63168947122828,96.21810026899233,99.22222222222223,93.70879583922708,93.74441086824942,459.7997704094107,564.6550260328376,-15.222222222222172,-13.300970873786369,-1.9228936320012053,-2.010728496624256,0.4543999402894898,0.6146,2.200441714191497E-08,25.12234261368844,97.93917815644889,19.32999392123019,76.31755136616624,23.68244863383374,56.4700129782912,18.5299967325959,28.46076119905692,71.53923880094308,11.27,98.48,13.89,54.01459854014598,82.2499157965645,22.81021897810219,21.27659342532336,0,0.02078972989148158,0.0351742358644862,3.328231416815427e-7,7.676477168243787e-7,0.01971676794173119,0.09018515015999587,PP
2205516,220551,1127,1036,1127,97.0181721196977,97.0050354065298,1036,95.6843942985358,95.6709490144629,512.6965410182817,641.1960671578863,-91,-8.074534161490684,-1.3337778211618883,-1.3747711300067773,0.2838871029048416,0.6833,3.638989712878048,28.66251502796354,99.38510570254205,10.55064342069998,69.645229611851,30.35477038814901,54.82415940940753,21.90658437423912,34.0265742345465,65.9734257654535,0.29,96.33,13.62,0.2466091245376079,79.7997304063162,28.1750924784217,22.29278126674205,21.27659574468085,0.3219823311471627,0.6744097605039379,8.903807147801505e-7,8.252199520072096e-7,0.1752535449831074,0.7927356614189158,PP
2205524,220552,3611,2911,361.1,88.87826333110976,90.76517881027416,291.1,88.28551562352055,88.20584170050842,512.6971236471676,613.9922381599716,-70,-19.385211852672388,-0.5927477075892114,-0.6669208931108062,0.307429031125031,0.4403,0.003500804311004839,32.37489397021472,93.6314490051231,16.71113847513847,69.2772742981351,30.72272570186488,51.68419006286992,5.073640676965345,35.49107142857143,64.50892857142857,0,77.63,11.78,48.15278647463995,93.63839285714286,53.72573575453976,28.11339010553168,34.48275862068965,0.09586172387403488,0.06102847754758312,1.391194193791732e-7,1.607665797020774e-7,0.09748199228978859,0.1137784742495705,PP
2205532,220553,3205,2696,246.5384615384616,94.60433313475716,95.49485193532446,207.3846153846154,94.79502806814236,94.69370410317617,544.6187125302457,577.1998680324975,-39.15384615384622,-15.881435257410317,0.1906949333852026,0.2015710349266679,0.1508025305234836,0.5524,8.660963572555451E-09,46.83161946890343,105.7559911830523,8.25998551149315,80.82793725957086,19.17206274042917,80.40010632442961,15.39988408642036,16.38418079096045,83.61581920903954,0.33,94.72,10.92,89.8840885142255,112.6327683615819,45.36354056902002,13.33331558062547,35.08771929824561,0.02514977233175895,0.01533758417530858,7.692407408595035e-8,1.204576441920689e-7,0.01988020823093083,0.03248208138470004,GP
2205565,220556,2258,1876,225.8,85.05894494282501,85.88462700537018,187.6,87.97748608942533,88.00080071588947,478.5910236139923,663.8065407879384,-38.20000000000002,-16.917626217891947,2.918541146600319,3.4311983866742133,0.4464851669924786,0.6165,1.624272092707065E-05,62.00355273184879,100.5638298266632,11.58120053107124,78.46709346855818,21.53290653144183,72.40338938033592,0.7462173696974577,30.31031031031031,69.68968968968969,26.32,97.52,1.15,54.89467162329615,78.51851851851852,62.57744733581166,48.54265443070022,13.88888888888889,0.04638141511635475,0.1393453703254237,1.143040901411827e-7,1.17590147990751e-7,0.02600395129095091,0.190950223515195,GP
2205573,220557,6398,4698,3199,99.6980029495155,99.70700477874286,2349,99.49934070668826,99.4275289111225,503.3974965540322,552.2603590809742,-850,-26.570803376055018,-0.19866224282723977,-0.1992640142730213,0.3268812911049617,0.6166,0,33.58582145753857,83.6532687012635,3.746308484290865,67.15544836444809,32.84455163555192,95.51521184579744,3.160899594142342,32.017752417181804,67.9822475828182,19.29,97.24,7.52,0.1109877913429523,86.51133301632589,27.24750277469478,23.21297871653967,0,0.09532253716002888,0.5917104986354896,7.645569607741028e-7,8.450516873690361e-7,0.07875654875938999,0.5423219875527079,PP
2205599,220559,4330,3251,433,94.71267008309101,94.83472956577315,325.1,92.64409485463293,92.3737582677858,425.5738710158384,558.464027992499,-107.89999999999998,-24.919168591224015,-2.068575228458087,-2.184053333776078,0.351027052211531,0.3268,1.264906360742452E-10,10.33432851994257,89.58066067556877,16.8905389232404,64.47079955913588,35.52920044086413,63.85845829827609,7.938248489373072,39.94246514715645,60.05753485284355,16.38,95.78,22.79,58.0135440180587,104.4700154901527,16.98645598194131,14.29913973094874,63.82978723404255,0.05839907627695681,0.06120309916089314,1.598210976489639e-7,1.669133874862384e-7,0.04553191625376579,0.05911205300405817,PP
2205706,220570,14945,13347,1494.5,95.848088938561,95.47217115497064,1334.7,94.23365536406328,94.10372244363045,613.1381052970235,638.6684387147004,-159.79999999999995,-10.692539310806287,-1.614433574497724,-1.6843669940384332,0.1682360423141084,0.4298,0.0246108730381169,0.01787428074205255,82.9284105247357,11.30999666117141,55.44975123215804,44.55024876784195,81.62044593777213,16.40520410053051,46.42203633511959,53.57796366488041,23.76,97.83,10.26,19.21359642805704,81.35537838191085,1.584329540544433,13.05506276559976,19.13875598086124,0.06422962897347129,0.06721844368337046,8.037374375713402e-7,1.022828849306524e-6,0.07954461420318648,0.1026114586748025,PP
2205904,220590,302,480,151,98.7489767771597,98.99301768577624,240,98.2152608149675,95.5546241004986,608.0495765798024,714.3269963799222,89,58.94039735099338,-0.5337159621922041,-0.5404774607402826,0.4617609723673654,0.6644,0.000180043678880762,0,85.0480674235863,20.87018793390904,36.44114907113217,63.55885092886783,75.41938493097805,0.57127907503498,70.05183336532924,29.94816663467076,0.98,99.67,12.83,0.1108647450110865,80.38011134574774,0,28.9547096209429,0,0.1346418416489281,0.005895349967692751,2.824187365801314e-7,2.448489026512238e-7,0.1225622251160668,0.004914857520256563,PG
2206050,220605,1878,1143,939,74.4783533140199,75.1485257169245,571.5,75.57149200576325,75.6973498698701,469.4757258316807,513.7336830015797,-367.5,-39.13738019169329,1.0931386917433485,1.467726719378978,0.3005124428888442,0.5587,0,33.4924873697117,96.88712994207873,9.468404882591438,84.61702555962871,15.38297444037127,71.33084055340399,0.6139815895349969,18.03372939823687,81.96627060176313,14.3,94.1,11.43,0.04928536224741252,88.88463012648525,62.64169541646131,25.16735430674188,0,0.0757557690849806,0.06763761609222234,3.424069566340945e-7,5.948895503544912e-7,0.05096858056653602,0.1576897961932179,GP
2206357,220635,1544,797,386,89.0152031731879,88.87362840986131,199.25,87.02982259397572,87.00871244315765,418.7179781699467,501.5669207404787,-186.75,-48.380829015544045,-1.9853805792121761,-2.2303836967595543,0.3487966202950546,0.3669,10.01946948666233,32.07667824618945,96.84043701929832,10.19279494775169,74.03777407888587,25.96222592111413,80.54059439676028,7.973526040340876,29.76445396145611,70.2355460385439,0.19,97.83,13.62,0.2337540906965872,85.57662893851331,26.50771388499299,30.94508554175157,30.76923076923077,0.07526344898953315,0.274747127337613,4.822781910641748e-7,4.29566102195978e-7,0.05373984963293357,0.3135529809291636,PP
2206654,220665,3234,1585,215.6,93.86645310000492,93.58878947470723,105.6666666666667,87.07365780264884,86.9974957419587,544.6173341688573,513.0845545359257,-109.9333333333333,-50.9894867037724,-6.792795297356079,-7.2366591822949395,0.2574005075565741,0.5436,0.01402245534006144,57.3741302296963,100.7966989038789,18.32530326742441,63.39715482132979,36.60284517867019,83.70684292107993,2.727887480057455,38.22517771153405,61.77482228846595,0.22,68.51,15.42,8.438485804416404,93.71703737674846,70.26813880126183,52.5825128394012,15.15151515151515,0.04714291252399425,0.01171883325956732,7.833802916182105e-8,6.257677839361282e-8,0.03457961429444652,0.01329901858865654,PP
2206704,220670,897,722,448.5,92.33584294721985,92.2009825575481,361,91.9118501594064,92.71841540557335,605.6101553085136,645.9498069414127,-87.5,-19.50947603121516,-0.4239927878134466,-0.45918548450985114,0.3803000008920382,0.5884,1.08542354884288E-09,0.3853566987920684,88.4168829884901,12.57000001422827,52.15134566827789,47.84865433172211,93.69999997361288,1.710000128406556,56.54913728432108,43.45086271567892,2.44,98.31,8.44,0.2743484224965706,89.5423855963991,0.2743484224965706,38.46153813800259,14.28571428571428,0.1596586767696602,0.07125289617942072,4.838373694820476e-7,5.026405445604567e-7,0.1086455489863043,0.1086296372187316,PP
2207009,220700,12681,9426,528.375,86.4873653013298,88.03179567519305,392.75,86.65555391750175,86.82260722911263,688.9356421502051,792.0891436517608,-135.625,-25.66832268748521,0.16818861617194614,0.1944661114209709,0.2136344445473561,0.6156,6.370611953558685,21.44443057405295,74.63453545006237,4.280668414837282,38.29400974018552,61.70599025981449,91.34339056304523,20.9318359086619,69.57218268245923,30.42781731754077,46.42999999999999,98.52,3.79,47.81557310978559,75.8725739948,18.03965822988877,22.20169275320693,19.78021978021978,0.07663560547291555,0.07857733487432078,1.07571199822344e-6,1.152257295572775e-6,0.05449146956116532,0.1277773948260526,GP
2207207,220720,1138,735,1138,77.1059807046723,80.385307417183,735,75.5284789775416,75.6429959770005,525.5549688027041,595.7589109664866,-403,-35.41300527240773,-1.5775017271307092,-2.045887637656516,0.2127649719374177,0.4208,0.07689352710765851,31.37691731637383,85.82242348225012,7.283645483446026,63.37595809114069,36.62404190885929,86.3815543010258,18.53664182556077,56.17342130065975,43.82657869934025,6.04,99.81,10.75,0.195822454308094,85.29688972667296,41.90600522193211,23.0337073718047,25.64102564102564,0.1404534870151855,0.07131993940171884,6.867470343510755e-7,7.479554196047433e-7,0.08225826772403086,0.1073694225819621,PP
2207306,220730,665,478,332.5,87.26503761168925,87.54117676906546,239,84.50063994761435,84.5303220455144,519.9069565480289,641.7180897569137,-93.5,-28.1203007518797,-2.764397664074906,-3.1678181087549455,0.3653000049114336,0.5238,1.745851193391808E-10,22.27171345795855,92.68292686963302,11.64000059862781,41.46341695456732,58.53658304543271,98.40999690965634,8.519999231295575,59.27103718199609,40.72896281800391,15.67,96.67,14.2,0.468384074941452,95.37671232876713,11.7096018735363,15.62500359110805,20.40816326530612,0.1048653355977918,0.09444226365726748,5.865456084922383e-7,3.576522826013461e-7,0.08873039250430499,0.1988927752751244,PP
2207355,220735,2265,2103,226.5,92.82786348736194,93.72574639388469,210.3,91.82816290970582,91.82813330901774,537.2179466768132,702.1064570145667,-16.19999999999999,-7.152317880794697,-0.9997005776561139,-1.0769401988792064,0.4906990171809452,0.6514,0,5.623455497243168e-5,81.92091014299746,13.68000532106908,57.59737659610085,42.40262340389914,64.21008167202507,22.45004256708034,52.2,47.8,1.82,87.76,37.48,44.14784394250513,82.3,0,2.759490954153864e-4,0,0.04331245340426719,0.02687696169036813,7.013282549867397e-7,2.071709338912855e-6,0.04876297200981917,0.04012029963035091,PP
2207553,220755,1963,1911,981.5,84.63523674097046,87.9271335362696,955.5,86.9558732541735,86.83728785030439,444.8725802570456,529.5353708998977,-26,-2.6490066225165565,2.3206365132030413,2.7419271246389285,0.3931915613701512,0.5388,0.1591170476785127,2.908255521043376,85.18290666685444,14.63347864602999,84.99362066480498,15.00637933519502,62.14993002085964,31.29914463408187,15.49960660896932,84.50039339103068,79.72,98.49,10.81,11.16129032258065,96.19722003671649,8.129032258064516,0.4961618024511938,0,0.1338715913700817,0.03146050470439889,4.40183584149376e-7,1.50116165386397e-7,0.05582185803481379,0.02537973545469469,GP
2207603,220760,3156,2548,185.6470588235294,94.74439359569612,95.86809609748916,149.8823529411765,91.9435442055227,90.81853947671307,613.0228373077715,601.3162669586793,-35.7647058823529,-19.26489226869453,-2.8008493901734255,-2.956216493532613,0.1797646140682336,0.3634,0,0.004814961624725883,89.22165177159319,26.18625354424498,48.04082627421603,51.95917372578398,82.76865698992589,3.280541216138647,52.3922734026746,47.6077265973254,27.69,98.31,27.6,0.819672131147541,89.47003467062903,6.352459016393443,5.3237495650926014,5.917159763313609,0.1392256493082175,0.004990763150406015,1.740162456308147e-7,1.563551982458424e-7,0.1450317114492525,0.006437476386397072,PP
2207702,220770,2837,1683,2837,99.0520796249978,98.9944749091228,1683,92.419910327285,92.2100017047122,1015.637681973487,1042.462077150998,-1154,-40.67677123722242,-6.632169297712807,-6.695638620432401,0.2890819022718774,0.4835,7.231176368115586E-05,0.001277499299309343,54.56553406042612,1.773888457754309,5.843552122734365,94.15644787726563,88.11656241401553,24.23722884100416,95.35757853476088,4.642421465239118,74.63,98.77,2.79,6.51085141903172,52.266717856943806,0,25.09038473943749,21.45139205842081,0.4566487781189916,0.09267031193728996,2.412702801209594e-5,1.342205107936008e-5,0.1353357764211078,0.03272930170264759,PP
2207777,220777,2015,1492,503.75,81.31282604563584,82.3561833441579,373,79.1399244215578,79.17894353893911,488.605482247618,589.5080882074155,-130.75,-25.955334987593055,-2.172901624078051,-2.6722741414233178,0.3709158631164012,0.4375,0.01014770023674043,17.93798502890052,80.49050981237322,14.79859126021995,72.09177191015561,27.90822808984438,84.04970143402446,20.12710480364735,46.10138248847927,53.89861751152074,31.72,99.84,23.82,0,78.85714285714286,13.17926296064959,34.23668462687257,20,0.09500868612233787,0.09611107949582272,3.207672317393651e-7,4.525027703726401e-7,0.05890026407908688,0.2010040035790969,PP
2207801,220780,1266,920,422,83.24712265916887,85.05243870394017,306.6666666666667,78.14088157364397,78.0711749214423,668.8466216044562,714.9279150867092,-115.33333333333331,-27.3301737756714,-5.1062410855249,-6.133834927161289,0.2925871630053038,0.4193,0,58.79229814046779,82.27782157220014,3.063928672878677,46.18945074366688,53.81054925633313,84.45900219001092,1.055394736920212,59.655123272053586,40.344876727946414,16.26,96.74,6.82,57.33554188357785,72.4953683910503,46.23757690487459,27.32369734915434,27.4390243902439,0.0680563840246393,0.06490844584749562,4.990667215756395e-7,7.484682527665608e-7,0.04655874668734387,0.1347197593630766,PP
2207850,220785,1776,1618,177.6,91.45732369171932,92.65832980257704,161.8,90.36044855043416,90.29167284660693,465.5212655463756,506.2030980635197,-15.799999999999983,-8.896396396396387,-1.0968751412851674,-1.1993300230197748,0.4421999975946181,0.616,1.127819526004718,21.8045111086425,98.6622983711426,14.09999995138788,51.05105078778047,48.94894921221954,66.92000044412835,13.90000057797143,51.80689655172414,48.19310344827586,3.62,93,16.2,68.43718079673135,93.73793103448276,11.8488253319714,4.74222140838011e-7,0,0.03559269768935951,0.04100055059266573,2.733045174340145e-7,8.4340731549363e-8,0.02063997829069353,0.05175316827299662,PP
2207900,220790,6340,6062,704.4444444444445,89.67875095436172,89.51578230008408,673.5555555555555,88.67202110284421,88.67901041233941,590.2123839908002,659.2776145110506,-30.888888888888914,-4.384858044164042,-1.0067298515175054,-1.1225957551860182,0.3449595175331322,0.3631,1.921206675026556,27.59564704180077,81.60341853369542,4.095991163083409,40.29794696055204,59.70205303944795,89.93340857858585,10.21129269952097,62.54620340057028,37.45379659942972,18.47,98.47,4.03,0.354774024371433,80.74770303094307,37.11244794076816,18.17010353444585,25.52204176334106,0.07939293794519547,0.1956371975642975,8.336738620232626e-7,9.266455605783457e-7,0.05522275158708759,0.2273489072638159,PP
2207934,220793,2286,1716,207.8181818181818,88.44761990770189,90.07236137501872,156,85.43007108570791,85.47302823761251,452.3474949873066,620.2640601312384,-51.81818181818181,-24.934383202099735,-3.0175488219939837,-3.4116789407593995,0.5322321698784334,0.466,2.087232749502545E-05,16.58332172171568,104.5162535076193,10.188074238033,65.96317529646332,34.036824703536666,79.921332495903755,2.751798889287009,44.06848756624541,55.93151243375458,0.25,73.58,16.17,177.2519083969466,106.0741948634325,10.53435114503817,0.004558338369892704,40,0.04434875047662901,0.05552885677842313,1.517307790530363e-7,3.598592187702424e-7,0.05707654598731218,0.133238624702243,PP
2207959,220795,2287,1839,326.7142857142857,86.47048256457288,86.87505048564113,262.7142857142857,85.41222833962719,85.46566414939116,502.5654368757578,510.9527972750604,-64,-19.588981198076084,-1.058254224945685,-1.223832912179507,0.4089001199990349,0.4977,6.819422322714355E-05,11.56759754072858,99.23573429526338,11.34999503999398,83.18604351709061,16.81395648290938,46.92001339270848,46.91995705688429,21.56526005888125,78.43473994111875,0.15,99.66,13.15,62.28646517739816,93.15505397448479,7.030223390275952,2.511248941385606e-5,17.85714285714286,0.06794123644623785,0.09840403936997298,1.587449434267693e-7,2.573662513080343e-7,0.06242111281458287,0.1962913187318774,PP
2208007,220800,5288,5240,1762.666666666667,82.86585548366074,86.2456707924954,1746.666666666667,84.57088754981126,84.1071952066153,980.419752678167,1091.410550761702,-16,-0.907715582450832,1.7050320661505225,2.05758096166245,0.339271024595333,0.6218,6.411311639281648,1.076440076231792,66.49245420340218,5.068702199548129,26.00854652028682,73.99145347971316,92.10053610483946,37.2573262830384,79.37578722991958,20.62421277008042,75.36,99.06,3.14,10.9560453893309,59.55091560895263,10.91691665579757,20.64241505831184,12.88404360753221,0.1954984228436358,0.01868678824147777,6.928710742914607e-6,6.906936013878205e-6,0.1649474071473,0.01898943061966659,GP
2208106,220810,5318,4283,166.1875,91.03148577490333,90.2446271707092,133.84375,87.04525937656368,87.06047125013015,539.9419571584948,563.4557097763862,-32.34375,-19.462203836028582,-3.986226398339653,-4.378953462537711,0.23740742210507149,0.4553,2.238589310421071E-05,28.63169793547976,78.72682091436823,17.72955450667724,59.13143076494984,40.86856923505017,92.60891492685485,5.210180949726075,41.29608345858014,58.70391654141985,2.66,99.49,21.41,0.1681883709754926,79.4447882592167,24.65160980297934,35.21000202081357,31.25,0.02981322022163655,0.01860412936104458,2.788436253533444e-7,2.598876768589621e-7,0.032898474325433,0.0426937848886963,PP
2208205,220820,1779,898,355.8,91.33678642784308,91.1378407713072,179.6,87.9583482105136,88.02169352805734,566.0624759807819,586.7670172840844,-176.20000000000002,-49.522203485103994,-3.3784382173294745,-3.6988801001866563,0.3302166626174801,0.5704,4.313885533151221E-10,31.2221003295008,90.06857452476656,12.230450873819,70.02583518996819,29.97416481003181,95.17194501142932,16.36482301917741,33.01693759236103,66.98306240763897,33.17,98.72,22.7,0.09416195856873823,86.37035352961236,24.32517263025738,21.04621173961842,32.25806451612903,0.04061948545134102,0.04845276426767402,1.747403606314255e-7,1.857350442753836e-7,0.03576753046177738,0.06508550622748364,PP
2208304,220830,1055,1047,1055,96.4832992845034,96.4913378123211,1047,96.3706639421778,96.3688387279176,590.153408759433,649.6773011801946,-8,-0.7582938388625593,-0.11263534232560346,-0.11674076566709438,0.4945565181596777,0.5788,0.04653876544384136,28.85404159222428,79.15485949777612,6.938008476011887,30.61695773438671,69.38304226561328,90.15723021998087,10.06477071847951,74.62536422922159,25.37463577077841,33.67,99.88,9,2.642595499738357,72.03413348133759,41.07796964939822,13.20352246138071,15.74803149606299,0.3125194781959139,0.3589250150630168,2.011542874749839e-6,2.494094944308322e-6,0.2800165538932782,0.472940215810873,PP
2208650,220865,2317,1832,463.4,81.7579822096899,82.0596101300337,366.4,75.77437693066796,75.42466436072024,442.3471923926563,606.1327643406303,-97,-20.932239965472597,-5.983605279021944,-7.318680228280844,0.5218261962415475,0.5424,1.761572194832747E-08,53.45780653362636,88.17062185297108,12.11845791217117,86.47791299044519,13.52208700955482,97.22639010292316,1.690523622210186,24.79972533760586,75.20027466239414,0.59,96.39,3.13,51.46473779385173,76.98558022430763,57.54068716094033,22.47156193635665,10.1010101010101,0.07565533883894163,0.1835687208814563,1.966371284051095e-7,2.869610308492975e-7,0.04147141011092062,0.3275708738449378,PP
2208700,220870,587,3,587,100,100,3,100,100,671.5362785672202,645.6942265792309,-584,-99.48892674616695,0,0,0.280901250713999,0.3683,0,0.6973234787138359,91.18953701605996,14.54013689217245,36.48754743911127,63.51245256088872,83.61990657776532,40.03883241272411,64.2370653602581,35.76293463974191,12.56,99.13,20.2,1.192982456140351,105.4008842155574,0.3508771929824561,12.19546442373384,15.26717557251908,0.2672429158196437,0.01029043273989258,2.562783557263427e-6,5.873739160376803e-6,0.248086326009781,0.03014288358590434,stable
2208809,220880,1463,1055,731.5,82.008862213264507,82.65693422386539,527.5,78.61628679205796,79.7547675789901,563.3221153742588,602.2752972888943,-204,-27.8879015721121,-3.392575421206544,-4.136840006856982,0.238200000135008,0.4967,0,0,80.20619731683799,10.36999999866347,21.36591480013395,78.63408519986604,92.48999999492358,15.13999999750678,79.95794146854372,20.04205853145628,19.1,97.11,39.87,2.396878483835005,84.31567264443017,0,3.278688554600127,0,0.1840773789561463,0.3469724975903195,1.839968315004059e-6,1.325211845364329e-6,0.2011729055684247,0.2914826021881239,PP
2208874,220887,2706,2386,338.25,82.95771292512353,84.78405502623714,298.25,84.56967769556547,84.68296464481593,506.1741452064019,593.5486058115384,-40,-11.825572801182558,1.6119647704419435,1.9431162137954312,0.5036186798657204,0.5859,9.313471755628594E-08,7.897932800105858,79.7613409421484,10.80582822842409,75.61207507206792,24.38792492793207,67.44217101202604,10.28056548998702,26.49235323137642,73.50764676862357,4.3,78.63,2.75,0.2567394094993581,89.41785890478539,4.557124518613607,2.037488360138196e-5,0,0.05908402958397837,0.05985941107076898,1.377602616721162e-7,1.674774915942137e-7,0.068740110755873,0.1023707980095146,GP
2209005,220900,2323,1602,387.1666666666667,89.97813865602308,91.14776433494949,267,90.96177092067282,90.49132000252973,494.4506468133209,629.1503763558223,-120.16666666666669,-31.037451571244084,0.9836322646497422,1.0931902785965204,0.348099991921535,0.5215,2.901793280896989E-10,19.03226012373966,91.04096280220854,11.17000221052232,34.73617482135589,65.2638251786441,85.66000253610075,66.67997973740857,72.135955831608,27.864044168392,0.33,95.22,13.4,1.099908340971586,89.44099378881988,13.56553620531622,25.97403409192291,60.60606060606061,0.1186145392281833,0.00750904359448511,3.380586730800141e-7,3.77085280963203e-7,0.08488579990533653,0.08225919160830208,GP
2209104,220910,1535,1200,307,86.81189473028162,87.31399356552473,240,85.49046999522027,85.37066871585826,611.3830054526484,677.3620825155195,-67,-21.824104234527688,-1.3214247350613562,-1.5221701348264873,0.3266203739630964,0.5285,1.715953780143545E-10,8.85265260815236,83.75716502514172,8.552092754094627,32.54102510211643,67.45897489788356,88.30274337283662,26.29403689704958,70.39643041015961,29.6035695898404,91.74000000000001,99.49,9.48,0.4499437570303713,79.49201990732796,7.874015748031496,58.80941106573486,35.08771929824561,0.04660729130834892,0.03710139376715871,4.167519729140646e-7,4.692279621652384e-7,0.09333802153600773,0.04263236372980753,PP
2209351,220935,2236,2293,2236,85.3995322953725,87.1659339114354,2293,84.6733523831685,84.7126850885784,504.4807421114103,616.7553013576867,57,2.5491949910554563,-0.7261799122039889,-0.85033242300712,0.2867500532667125,0.3935,9.346843517508708,12.57758265808871,72.09359923912724,11.33063680036439,60.72215784514482,39.27784215485518,95.91885256763833,5.119569763206781,46.51783547682601,53.48216452317399,8.35,99.41,14.82,61.91425722831505,80.32031060422227,10.86739780658026,32.23119915066532,31.25,0.1205117640332812,0.01973545263876039,9.284678037798395e-7,9.895535928831829e-7,0.08011156157096826,0.009056089568892063,PG
2209377,220937,1355,1274,677.5,88.15448204011554,88.8632056840826,637,82.75435981758096,83.99410289789779,505.9469071218839,612.6732837325344,-40.5,-5.977859778597786,-5.400122222534577,-6.125748909825368,0.181115263961259,0.3952,0.02256573365218831,8.279239475794025,81.58338122338702,8.793950831565189,29.04809534255073,70.95190465744928,87.414033752431,19.89368143162411,72.55913978494624,27.44086021505376,21.57,99.68,10.73,207.1129707112971,87.93548387096774,4.741980474198047,15.64832207214822,36.36363636363636,0.1521136897642198,0.04183849087908144,1.574665716609226e-6,1.471207473931955e-6,0.1590465796285689,0.06361273905485001,PP
2209401,220940,1083,739,541.5,85.51357792756015,86.10685347307034,369.5,82.34424863318995,82.41630591878919,666.1533100788115,647.2084371782354,-172,-31.763619575253927,-3.1693292943702005,-3.7062293160683644,0.1918245055469932,0.4301,25.68615681678962,9.621398492437281e-5,77.24010370278415,10.9108558411307,35.24800000551819,64.7519999944818,87.05822603927226,10.43925118921528,65.65239814337286,34.34760185662712,36.71,95.91,9.75,135.2767527675277,82.4479972494413,8.265682656826568,13.07078099137505,29.85074626865672,0.07465335427559981,0.01360727322541257,4.134905425587715e-6,4.847663278018497e-7,0.06537563803987886,0.02320189246204147,PP
2209500,220950,1763,1141,195.88888888888891,90.21472766509402,90.56416754008286,126.7777777777778,89.09363859038207,89.10620567001635,577.6414121422301,597.5176667799499,-69.11111111111111,-35.28077141236528,-1.1210890747119464,-1.2426896402922019,0.4647441815549597,0.4781,0.0001830131410680866,14.51773191814091,88.54081048168091,12.65390920407771,37.34189060217668,62.65810939782333,83.05875202318799,0.1019059494868431,65.75907590759076,34.24092409240924,29.71,91.03,17.33,3.298153034300792,93.50935093509351,7.519788918205805,0.2354635884277549,23.25581395348837,0.07192176226334512,0.03323890706425146,3.647417443043137e-7,2.086961775952317e-7,0.05466590980051186,0.08386547750652178,PP
2209559,220955,2624,2699,524.8,92.36626772982478,93.76687097848114,539.8,93.14320193186585,93.11826741005626,513.218938821783,585.5269864674965,15,2.8582317073170733,0.7769342020410619,0.8411449559850434,0.4320916785626886,0.637,0.0001820935906063226,39.80555328944682,101.4962816168583,6.668779064769516,76.30941299931754,23.69058700068246,92.35942662524786,2.111058297534201,21.54658100045893,78.45341899954107,43.58000000000001,98.76,16.21,51.24610591900311,99.47223497016981,29.28348909657321,11.63589002401671,0,0.01684113595936863,0.06384930823119069,1.142303949197653e-7,1.226915344713544e-7,0.01941885761184264,0.07496547421934933,GG
2209658,220965,3178,2876,353.1111111111111,81.78505927992796,82.77006005754885,319.5555555555555,84.79323360495817,84.70480724491425,462.8138326820965,538.1154073408135,-33.5555555555556,-9.502831969792336,3.008174325030211,3.678146536195628,0.374248944457888,0.4465,3.106663337391619E-08,16.88445919837773,90.02568703488559,8.646494230643652,74.31326209816196,25.68673790183804,74.11648038035109,3.288593953438533,33.36923353078442,66.63076646921559,7.75,94.59,11.95,0.5725190839694656,89.96589481242147,11.19592875318066,11.91441739353963,28.16901408450704,0.04965256372191618,0.1284994822170997,1.183127590900932e-7,1.480425688327446e-7,0.03704156361941981,0.2204811574689383,GP
2209708,220970,5588,4302,399.1428571428572,86.7361267678576,87.19919541969452,307.2857142857143,89.4498741214832,89.30399276083514,509.0453657321538,580.0922267907991,-91.85714285714295,-23.013600572655708,2.7137473536256067,3.1287393785622197,0.4334693323353477,0.4365,0.003791455140366597,17.69266224612274,91.52694885952292,13.65442287614236,68.49585673446803,31.50414326553196,92.70920410006876,2.610886975358894,31.69510385756676,68.30489614243324,46.16,98.19,12.21,0.2784222737819025,93.62017804154303,13.22505800464037,13.51868600226275,12.5,0.07642229300827573,0.07447603826713346,1.740473771803521e-7,1.225857504319909e-7,0.04408672881225093,0.09723461466751888,GP
2209856,220985,2180,1585,545,92.90663164099327,94.3024549455503,396.25,92.766795099593935,92.72106932686248,520.9274753580472,643.0819632250486,-148.75,-27.293577981651374,-0.13983654139933321,-0.1505129816132878,0.2877605574214977,0.4568,0,6.401068303535447,88.8437329052556,6.590357408527213,72.22757071783715,27.77242928216283,86.83389413777554,30.00223072980824,29.41037735849056,70.58962264150944,5.49,95.97,15.78,0.1132502831257078,87.99528301886792,3.510758776896942,33.24517500453642,0,0.03320456525666953,0.03402371493882037,3.364098715811309e-7,4.081068225484164e-7,0.02369494534962271,0.04058216626346188,PP
2209872,220987,3045,2126,435,90.99804948511796,90.7415734475398,303.7142857142857,90.92411158611235,90.9350870483554,457.5182388193375,541.0023714211967,-131.28571428571428,-30.18062397372742,-0.07393789900561387,-0.08125218004557982,0.5552741332838207,0.691,2.279345456070248E-07,30.82049150666316,88.20369990390539,7.042382786475899,60.0487845411642,39.95121545883581,89.69073886594558,13.78806629166537,47.73017319963537,52.26982680036463,17.72,99.45,7.22,1.001430615164521,84.26618049225159,28.25464949928469,40.56735625146028,14.08450704225352,0.04312376408866728,0.04477529139619963,1.999149832561922e-7,1.968372999272187e-7,0.03843243959867827,0.08481888938154539,PP
2209955,220995,2688,2152,896,95.92323622197983,96.62845269453669,717.3333333333334,96.2993509095222,96.3400987226663,474.1171418402889,580.1774785389374,-178.66666666666663,-19.940476190476186,0.3761146875423691,0.3920996646443276,0.3207787138672432,0.6499,0.007137969905598279,10.53773027216377,77.12023831803387,8.724832508902486,70.09791876652102,29.90208123347898,56.34231611981668,21.6178194585066,32.57990867579908,67.42009132420091,13.67,100,6.61,75.90847913862719,86.62100456621005,6.662180349932706,10.53954883866134,0,0.09891571446091142,0.04334541976295651,5.441088863621121e-7,2.654867590831878e-7,0.03635879032921908,0.0252229807399835,GP
2210003,221000,3091,2557,309.1,89.49541484035394,91.10087597479183,255.7,89.21262680395434,89.23665168846405,698.1475046850528,776.17601635799,-53.400000000000034,-17.27596247169202,-0.2827880363996087,-0.31598047442325294,0.3185000358749191,0.5056,0.06579141634083717,6.447372461723741,66.05791710586224,4.120001329830657,31.09270445472166,68.90729554527833,84.11999456742029,8.420001396910804,71.8563153961136,28.1436846038864,20.99,99.24,2.71,2.296008477569763,62.73822869955157,7.38255033557047,14.36781344345507,24.47552447552448,0.06984638943031456,0.08755808608211386,1.616406130333226e-6,1.059297973217554e-6,0.04115734610714393,0.1271407311643937,PP
2210102,221010,481,307,120.25,95.77985447136385,96.03877858623756,76.75,97.9624559815276,97.9718002408561,565.7551866584163,656.1399686694837,-43.5,-36.17463617463618,2.1826015101637495,2.27876887285969,0.3403000003844744,0.7144,0,13.73307541784317,93.02702701755511,15.37999999626354,48.94594601317133,51.05405398682868,72.63000004639697,3.389999992532514,65.37059538274606,34.62940461725395,66.95,99.33,14.93,24.57337883959044,89.48967193195627,8.0773606370876,21.27659579530769,38.46153846153847,0.1117601493837402,0.05540102748417286,2.270871962081811e-7,2.009198900615127e-7,0.06239195909259587,0.03937663297440239,GP
2210201,221020,5801,3340,1450.25,75.63304172380353,77.04348394722476,835,77.16158412834055,77.14470417877487,544.574568942785,587.047070422114,-615.25,-42.42372004826754,1.5285424045370206,2.020998190339807,0.3439260605228452,0.3259,0.000122976797264488,6.542142735362881,90.74781348613611,12.91673721806372,70.50964140798935,29.49035859201065,88.95951149712863,31.86160794452488,52.81188418978323,47.18811581021676,21.99,98.27,20.16,0.17825311942959,75.17053206002728,5.570409982174688,36.56850239023485,44.11764705882353,0.0959175130817829,0.01182475769845477,4.873491696352834e-7,5.737853539050507e-7,0.08443692214331847,0.009733664405737362,GP
2210359,221035,672,364,336,83.73037980285781,85.98263302157095,182,80.2811508819058,80.352392066225,571.8734595040836,657.898246528348,-154,-45.83333333333333,-3.4492289209520095,-4.119447360770581,0.2929007578396633,0.4664,0.001191541237369126,47.15855206921096,93.49154928087239,11.19800658459999,74.73972991076174,25.26027008923827,86.33413922836903,0.3333981124233473,31.12522686025408,68.87477313974591,14.93,91.5,12.06,0.2691790040376851,94.62341197822141,41.58815612382234,0.07994104026234211,52.63157894736842,0.04109294870672772,0.3585421965717787,1.834901237241802e-7,1.986216847629265e-7,0.02676662376442954,0.4467362605772898,PP
2210375,221037,1431,1248,715.5,87.87615380786156,88.71523225311151,624,87.94488725013095,87.8585838379467,546.2923949233502,599.9765145449942,-91.5,-12.78825995807128,0.06873344226939082,0.07821626151239429,0.1581512112156377,0.3444,1.003374936921557E-05,5.757199929406458,74.63630306937141,6.668943889949088,68.12270173228255,31.87729826771744,93.407802557263,1.992767949745248,35.42659159809441,64.57340840190558,1.92,96.93,12.8,0.9828009828009828,87.48375920311823,3.562653562653563,5.36667260202959e-6,103.448275862069,0.07763349618865704,0.01979582986582906,2.181730192227474e-7,2.704407245282235e-7,0.06601833241492097,0.2442767876465257,GP
2210391,221039,2565,1985,233.1818181818182,87.37662547116032,87.95825444453799,180.4545454545454,91.52447702536804,91.50620920530383,570.7332555877624,605.8607382973748,-52.727272727272776,-22.612085769980528,4.147851554207719,4.74709515484409,0.409800007708392,0.5345,1.653541310770983E-08,8.187139407706626,93.44757703046153,17.44999786188529,63.54166159305715,36.45833840694284,69.08000520919062,0.8500052340629384,41.08910891089108,58.91089108910891,90.66,95.41,8.03,0.353356890459364,86.81046676096182,4.946996466431095,49.9999912745801,0,0.09372220890212658,0.04360853536049705,3.386884266704036e-7,5.368285161147858e-7,0.04048846803119129,0.0345736100117581,GP
2210409,221040,7136,5307,446,94.37032584877471,94.31499361531054,331.6875,91.08233831430114,91.11125879988052,471.6615885911839,678.9216942447132,-114.3125,-25.63060538116592,-3.2879875344735723,-3.4841328615760663,0.2796234914503986,0.4153,0.6179690006819096,21.16978025838676,87.09525266460732,12.60598012375246,63.07068397354544,36.92931602645456,96.02068326768233,20.21900887998572,43.55877157996695,56.44122842003305,15.77,99.24,13.07,0.2478826688700682,77.08962452281921,16.56682503614956,11.74808550019701,13.6986301369863,0.1040311616947607,0.1031801284491224,3.054125285738328e-7,3.393459160635663e-7,0.06231514598047302,0.1612881634022108,PP
2210607,221060,5863,6432,254.9130434782609,93.85485922447076,94.70522874809242,279.6521739130435,92.65531058568936,92.70044751087984,796.7201190561022,856.3351523881145,24.739130434782595,9.704929217124333,-1.199548638781394,-1.2780890075307214,0.2193705082882969,0.5471,0.4365576566399124,33.40415986833516,76.41994990953144,3.326105665597059,34.25312104496125,65.74687895503875,91.04505607379309,4.33822536640937,68.60180727544216,31.39819272455783,64.11,98.28,4.58,1.244019138755981,71.57789048219756,37.43221690590111,24.34704829716754,23.71541501976284,0.02371394406783792,0.1204639737139627,4.415740069411816e-7,4.765766632941157e-7,0.01847805117288583,0.201596838422916,PG
2210706,221070,1102,849,551,80.18910822592801,82.6210725925911,424.5,77.30789217127301,77.2979476224316,590.2056888529869,672.3405558244102,-126.5,-22.95825771324864,-2.881216054654999,-3.5930266820493197,0.3796548135652024,0.3167,3.312587930963139E-05,29.3994334634135,97.17998655349534,10.7264243749442,60.0265285539387,39.97347144606128,82.86786761486442,33.25548829144847,48.92221834670387,51.07778165329613,41.53,97.79,5.61,0.09006304413089163,76.7631670735961,41.63914740318223,12.41124296250121,26.45502645502645,0.09451914218919215,0.03632458313487053,4.040047923211734e-7,3.414996170022638e-7,0.06862600224511557,0.09551508228047087,PP
2210805,221080,2915,3199,242.9166666666667,87.01765453066454,87.48964017083121,266.5833333333333,85.3689153040957,85.34580615257501,747.0554272177216,723.3403064230815,23.6666666666666,9.742710120068582,-1.6487392265688499,-1.894718072397416,0.4436823143640402,0.6074,0.0767917395257562,30.61335562193194,77.49944537416712,7.906634129293117,41.04531064381881,58.95468935618119,92.31309437723336,24.55951078820855,62.52354048964218,37.47645951035782,21.79,98.33,12.08,1.772388059701492,68.0573663624511,53.45149253731343,11.46261310743259,0,0.1062250364459639,0.05489274469331537,1.494990066195516e-6,1.757336426353644e-6,0.07161993722796679,0.09904149896433033,PG
2210904,221090,1773,1328,253.2857142857143,93.18460466253016,94.33117983885722,189.7142857142857,93.85766762133052,93.8567518933756,548.036043163811,566.5418377730937,-63.57142857142861,-25.098702763677398,0.673062958800358,0.7222898688446107,0.5272999309425431,0.5589,0,2.608704024946153,81.37992521911069,7.990001564942032,63.95399309391185,36.04600690608815,91.37000293840605,2.50000255899224,38.65668035757429,61.34331964242571,2.34,97.9,11.68,0.2928257686676428,89.10364822420874,1.537335285505125,16.39344229969602,25.64102564102564,0.05720279558827585,0.0682057948963291,2.127525130306348e-7,1.979401840547133e-7,0.04740943414406888,0.1421768263907907,GP
2210953,221095,1154,715,76.93333333333334,97.34977839556372,97.41833792723988,47.66666666666666,96.81936167593351,96.82674930616552,458.2495416030777,577.133268164982,-29.26666666666668,-38.04159445407281,-0.5304167196302103,-0.54485662769046594,0.4106999995123257,0.5857,0,14.74926252603013,93.9702142740146,14.02999998554736,45.0780966768768,54.92190332312319,78.33000005557734,54.28999971772448,53.0390492359932,46.9609507640068,0.3,89.86,11,1.347708894878706,84.48217317487267,29.3800539083558,48.78048756893398,0,0.01483547891305229,0.02248531270823629,7.90840297697624e-8,9.612267841977616e-8,0.01531823632047997,0.06267789059292957,PP
2211357,221135,2633,2117,877.6666666666666,86.28224200135384,87.1384297857143,705.6666666666666,84.38534305404863,84.39511346064174,507.2206815068411,549.7313689625263,-172,-19.597417394606914,-1.8968989473052034,-2.198481290362668,0.2820224592332988,0.3733,0.0003798164137480989,42.12350663065416,91.93231287824976,10.21292409829686,76.60716090444406,23.39283909555595,47.94907617987276,4.080302803280969,28.70168483647175,71.29831516352824,23.29,86.38,14.54,88.29389788293898,99.00891972249752,40.90909090909091,50.61440475380507,25.64102564102564,0.06717199101836513,0.2190231316679211,2.129913621532247e-7,2.4220128191362e-7,0.05304331555441989,0.3752493001737259,PP
2211506,221150,532,404,532,89.965522779062,89.9833002923039,404,87.4037210633261,87.424396841799,436.6153929508893,542.6886604636654,-128,-24.06015037593985,-2.5618017157358963,-2.847537186025349,0.3279999994830631,0.5949,1.180438255966529,12.31028700057003,106.3295336551138,9.790000867231294,67.64902978644123,32.35097021355875,85.14999969113691,37.69999641423635,40.50235478806907,59.49764521193093,45.7,96.02,15.59,107.6853526220615,93.90894819466247,35.62386980108499,7.221195863054948e-6,0,0.08025656605721115,0.1614273941044725,3.200568187468178e-7,4.33911861665254e-7,0.06222812169381358,0.4185398322739555,PP
2300150,230015,2340,2127,2340,95.6139009110653,95.794914896387,2127,95.2630804591152,95.3245888096997,554.8886899266479,605.2351405379543,-213,-9.102564102564102,-0.35082045195009925,-0.3669136481278102,0.4559934891390925,0.5924,0.5824954903995476,13.42780475900819,73.2268369675194,6.603388691258015,47.46433049515007,52.53566950484995,96.44746763905822,40.02241999834271,62.43759806019112,37.56240193980887,45.28,97.91,5.52,10.78204534937529,81.66452717158751,23.83155946321148,23.29599337200714,16.30434782608696,0.1527549718437616,0.01033354855180851,7.032858289181912e-6,3.681236547524377e-6,0.09304487177284217,0.01514856651369497,PP
2300200,230020,8183,10259,2045.75,82.34223064613123,83.08150636010525,2564.75,76.11625836332665,75.17281267002427,530.6547023932678,633.9673872653295,519,25.369668825614077,-6.225972282804577,-7.561092569329245,0.351448223320031,0.6767,1.07989105355956,0.02728166808246371,82.17761394661808,16.27021263670304,50.97824122054718,49.02175877945282,92.83981280911912,17.19245008254661,44.27049759032447,55.72950240967553,35.01,96,13.97,5.373215131623469,72.4099825029929,0.392501861000203,15.8768062202248,7.223942208462332,0.07071312269116349,0.0286997837770528,1.236079087752835e-5,2.148982776378615e-5,0.06299101389943426,0.02020379301487448,PG
2300309,230030,8176,5350,908.4444444444445,82.81490404109957,82.3038546488322,594.4444444444445,73.4971400869583,73.05097379942325,555.3700306070704,685.1634546613251,-314,-34.564579256360076,-9.31776395414127,-11.251312866965382,0.3929451481189725,0.5105,0.1178203734099721,15.81387473289928,71.83782055082644,12.39811754213525,50.67358402507538,49.32641597492466,96.5992087646641,19.76271306397069,54.55679009596758,45.44320990403242,44.77,98.26,27.58,33.97615708274895,76.6983589766427,14.81416549789621,14.98116326823942,15.41425818882466,0.1711634918277883,0.03272351935268138,1.837445372577177e-6,6.098438330396258e-7,0.2778147962692504,0.03211259617998144,PP
2300408,230040,7604,4208,543.1428571428571,78.43935547868205,76.86237702973727,300.5714285714286,78.63423573965706,78.53628760724723,454.2359429208353,559.7601506456003,-242.5714285714285,-44.66070489216201,0.19488026097501177,0.24844704521823305,0.5042037188851841,0.591,0.0002353411280799668,11.36345611939706,81.12834169729528,16.16127877419588,75.51309895690706,24.48690104309294,98.55674628035587,10.93842800750842,40.33715057969984,59.66284942030017,33.01,98.55,23.34,0.065359477124183,85.66043104061455,35.88235294117647,39.70842820636941,18.40490797546012,0.05241291492541771,0.05238235764367589,2.239662519732954e-7,2.16401259474106e-7,0.05129934957844279,0.1992041668783729,GP
2300507,230050,4276,4667,4276,97.2067592048899,97.2394540061234,4667,96.2872539327998,96.2954276331082,564.2730115349326,671.0971823624355,391,9.144059869036484,-0.919505272090106,-0.945927299306416,0.6306629973652113,0.7318,3.099437682657703,2.581320859415327,81.681721215742,10.49924189423605,67.43129525896133,32.56870474103867,98.07093860887504,21.93568974258461,35.61185888976863,64.38814111023137,23.04,90.73,8.92,0.9022556390977444,77.48746371074162,16.15037593984962,36.50775711436815,0,0.2254344723062104,0.04856997643386565,1.972055804362093e-6,1.249880151562946e-6,0.06716143671150883,0.03368823399616772,PG
2300754,230075,13091,11341,1870.142857142857,78.07071364847013,77.80202381777276,1620.142857142857,79.2048008209662,79.1604683596237,480.208803670673,599.8832740363314,-250,-13.367962722481094,1.1340871724960664,1.452640970598185,0.4605794191649629,0.5853,0.6121748792627757,2.497576664350841,84.55742628644077,10.58929560884869,59.29517863825497,40.704821361745,91.44520779170466,10.11376009394904,40.04792749187368,59.95207250812632,21.5,95.15,8.66,65.46381447421031,75.5285073670724,7.626949220311875,18.81659372063665,10.63829787234043,0.08810772343835166,0.04979374546473286,1.388247514535788e-6,1.0821443879765e-6,0.08216557752008212,0.04276840599798321,GP
2300804,230080,1102,1086,551,81.13488480826106,80.9743711159444,543,81.96836436180516,81.63688509174816,491.6386892620537,599.0556552962405,-8,-1.4519056261343013,0.8334795535440946,1.0272764366570355,0.2525220904205831,0.7182,0.396078431508896,49.14709626335742,94.02686777356016,6.853973655041766,28.58768109522574,71.41231890477427,91.29058499920126,40.34729328963975,75.79063665239609,24.20936334760392,57.55,98.87,7.64,0.1095290251916758,94.48971136583346,49.83570646221249,23.98420270923457,0,0.1338215852016333,0.05169296659429574,8.409907001022681e-7,7.441601939881364e-7,0.1489403051778273,0.08121976973292513,GP
2300903,230090,8822,5672,1470.333333333333,92.35056140098442,92.41666179116415,945.3333333333334,92.97164769574853,92.9077933629112,461.2773336501025,529.6258752405822,-524.9999999999997,-35.706189072772595,0.6210862947641118,0.672531152320089,0.5471878578971828,0.637,0.4822213821585368,11.90201755061448,73.41484885094098,8.954865330142395,57.52658655074163,42.47341344925838,94.58990815264907,4.058623056404266,51.76151761517615,48.23848238482385,24.08,96.88,10.05,38.64541832669322,90.70847851335657,38.44621513944223,32.80225083542902,14.38848920863309,0.1195557260693169,0.08450806902341916,1.889029438369222e-6,1.18894377952412e-6,0.08723050455933942,0.1201043551859666,GP
2301000,230100,2676,5216,1338,83.179917512779,82.9642546301282,2608,79.5044178177001,78.8723796984429,721.409345293842,998.0440853134976,1270,94.91778774289985,-3.675499695078898,-4.418734479406316,0.5442289548206737,0.6108,NA,NA,72.85480176907862,8.08216973149094,7.705842575607022,92.29415742439296,92.43804311543714,36.66413603459429,80.11162674024834,19.88837325975166,55.6,96.11,3.32,9.886887306242146,72.90731217860278,0.8483452031839129,17.78298671404283,16.83816651075772,0.2130661653337428,0.02978058591305908,7.286800582866001e-6,5.961298230272566e-6,0.178084904874139,0.01828057117151342,PG
2301109,230110,6232,3966,2077.333333333333,85.9793380614966,85.6807727843355,1322,82.07382089000444,82.08421438266043,698.2052519820796,816.0861972592256,-755.333333333333,-36.36071887034659,-3.905517171492164,-4.542390369066052,0.5863879189640789,0.61240000000000006,13.39552828500456,6.196574183867261,67.12125328551724,9.958786622877025,36.39494409176752,63.60505590823249,95.90959402145306,4.564243869291377,63.26606776317544,36.73393223682456,51.73,95.53,8.39,42.29267904086672,58.92490603257537,20.02708515892615,9.567793370544925,12.70207852193995,0.06226269192216952,0.04210800914617294,5.359436780436815e-6,1.061240921573515e-5,0.05760096935632712,0.05276890979237691,PP
2301208,230120,8927,6487,1785.4,89.3760441113519,89.44376174474934,1297.4,89.38892419660377,89.14409955061632,536.8815905243097,611.0928566952633,-488,-27.33281057466114,0.012880085251865125,0.014411115841978945,0.4784041995976733,0.654,5.572290068878431,22.00638784822326,84.63817134260168,10.36162152077558,46.05517894873833,53.94482105126165,92.81174643317638,18.27360301368804,65.98817865111364,34.01182134888636,20.46,98.69,17.14,32.38289205702647,89.57607546874388,61.642905634759,14.64085866824329,13.2890365448505,0.1649545092414974,0.01332288350585536,2.179786713036652e-6,2.406048339447946e-6,0.1394466297793282,0.02474053108988081,GP
2301257,230125,4816,4702,1605.333333333333,88.81129707031303,88.90645775065063,1567.333333333333,84.76595396110163,84.65062907928593,408.2022631981777,516.3782985643386,-38,-2.3671096345514955,-4.045343109211402,-4.554987082340045,0.2945387964760507,0.5575,0.4155162402670071,40.52455636721326,81.56044664638557,9.039914221079423,53.13506807624453,46.86493192375547,97.91598760929377,15.85727148331033,47.39362182672328,52.60637817327671,0.81,95.83,13.04,6.742424242424243,78.5527147890505,49.12878787878788,7.214697825790096,19.6078431372549,0.1479389583971215,0.04871370621860976,8.834173049442666e-7,7.280292244106106e-7,0.1564914104743473,0.0486830551493833,PP
2301307,230130,3038,2080,506.3333333333333,92.47548759328505,92.24242725589886,346.6666666666667,84.54847908745955,84.01735515998348,454.8210877713107,542.5669673923519,-159.66666666666663,-31.53390388413429,-7.927008505825498,-8.57201049935432,0.4851192337603092,0.5537,96.66861732725562,25.62449577342712,100.1069677245138,16.24406339818524,38.47963010468494,61.52036989531506,87.06680684639149,15.05476960711148,61.24348661911267,38.75651338088733,33.05,95.5,18.15,115.7232704402516,93.48408964435676,40.38259958071279,17.70912151701847,10.06711409395973,0.09405839508248501,0.01426764702582986,3.517546497854977e-7,4.006714366043689e-7,0.1345808506290721,0.02036420766097802,PP
2301406,230140,10467,7765,5233.5,96.4686329576456,96.76420338266504,3882.5,97.03112798733065,97.01486673221295,496.5247981839963,868.2887282598381,-1351,-25.814464507499764,0.5624950296850528,0.5830859341937761,0.5493383246218764,0.6166,0.2063861950732612,14.29194704573861,95.46738966522304,40.1563698533249,66.91863205823657,33.08136794176344,97.46834050381895,19.88582328654585,33.51163412677187,66.48836587322813,52.14,91.89,35.14,77.93060331353549,100.0980654363912,61.61300406376993,18.81248270043719,27.77777777777778,0.2609361238739354,0.06222655883495479,1.113386545487225e-5,1.701298702173519e-6,0.1090017580261239,0.02503003332451735,GP
2301604,230160,7647,5927,1092.428571428571,79.82344323189261,79.8999145416744,846.7142857142857,76.27756225567505,76.03955837971068,565.4601402461245,574.5056774011392,-245.71428571428544,-22.49248071139007,-3.5458809762175605,-4.442154876627574,0.4196726985933058,0.6593,71.55591009599443,20.99040058698085,83.7797392069852,11.94455170675199,47.62523587084577,52.37476412915424,97.23426874519289,21.00452965519642,59.10119624959587,40.89880375040414,24.26,98.16,19.8,146.8653010552452,83.35411759272088,44.87895716945997,4.849155335694201,11.58301158301158,0.1228422739692865,0.01750238230478818,5.619919320074536e-7,5.296727729550159e-7,0.1882390534889803,0.03109305794237622,PP
2301703,230170,4162,3282,1040.5,86.7767150405243,86.90989183287408,820.5,80.2501738837717,79.87489185937703,513.3380082959708,605.1899915398793,-220,-21.143680922633347,-6.5265411567526,-7.5210742348390784,0.3903831469379361,0.4616,5.798928023166076,13.79748446771629,85.135069639332,13.58190776683896,51.82817343550591,48.17182656449408,93.1815352146697,12.55926202427739,53.3693404785012,46.6306595214988,32.21,97.83,15.58,65.82690659811482,81.33676526435714,41.31962296486718,10.51719435823344,16.61129568106312,0.2588788028317339,0.03684579512993885,2.787264937091738e-6,8.063549453242773e-7,0.2947293782657746,0.05457951449366196,PP
2301851,230185,4583,3494,654.7142857142857,71.26770079794339,71.32607268332902,499.1428571428572,77.80096472011287,77.30459630381718,556.360476041141,614.1508652804725,-155.57142857142844,-23.76172812568185,6.533263922169482,9.167215792035227,0.3842287676420205,0.6861,34.75624617567998,19.5710445196075,80.75010683090744,18.16116720756515,49.39598172044852,50.60401827955146,97.7016022412131,18.63324822022787,55.38273331003146,44.61726668996855,33.51,99.05,21.28,140.6486146095718,77.7234067342421,48.0793450881612,6.820436506858742,4.926108374384237,0.2488252929695668,0.07971552738825768,1.329419743214735e-6,6.30558681083121e-7,0.25239286988663717,0.1148459532287313,GP
2301901,230190,8901,8433,2225.25,96.69089739883218,96.68505920928885,2108.25,94.82085435746995,94.84845713300693,758.3472947803905,927.7189219229837,-117,-5.25783619817998,-1.8700430413622229,-1.9340424917649064,0.6326348815867405,0.6849,2.026381471261814,1.221761018170036,74.84198969640642,6.212954256898017,31.81631930145978,68.1836806985402,96.61178010195262,19.24535157203897,71.76836263706944,28.23163736293055,60.78,97.4,11.77,2.384028185554903,63.39612070115525,17.76864357017029,22.37347136419542,15.3015301530153,0.1833723214077108,0.02244619273754132,1.177369842368979e-5,1.320070680264256e-5,0.1173671068987529,0.02215465405023276,PP
2301950,230195,13165,11393,4388.333333333333,79.01633347722922,79.59448225446883,3797.666666666667,82.3420029047246,82.39538915302566,514.9799782752875,585.7493622497876,-590.6666666666661,-13.459931636916053,3.32566942749537,4.208837946718643,0.4848223217619108,0.5929,0.0562058111280358,17.47876047644545,76.81462803294949,13.23106678493376,57.72329235228704,42.27670764771295,95.95663006230846,15.22461548199635,47.26379271833817,52.73620728166183,19.45,97.09,15.46,79.88614800759012,78.84744248380612,54.85768500948767,11.79862437767679,11.32075471698113,0.1788022609420887,0.009926965108531747,5.213428522675081e-6,4.61891414995137e-6,0.1463738586876605,0.01622251489893676,GP
2302008,230200,888,745,888,85.6251111026634,85.1973026328762,745,70.9290549941433,70.7221390126282,553.6245190546108,619.9913335582678,-143,-16.103603603603602,-14.696056108520096,-17.163254936860422,0.3294502342131837,0.5535,0.08191652019630501,9.901063916450564,78.89573347882958,12.97402018663852,38.86149239377698,61.13850760622302,94.3767400232151,11.26283066045167,62.81158074005264,37.18841925994736,46.89,98.5,19.3,2.175141242937853,75.90958352686175,29.06779661016949,21.49607238070041,24.15458937198068,0.2290765030173882,0.04050067988760952,1.566040559921072e-6,8.779468736756501e-7,0.3110396230755439,0.06914104644311811,PP
2302057,230205,3589,2724,1794.5,91.51540889647231,91.3605199214349,1362,85.2241279950056,85.10349118381275,442.0688756182921,548.0508616301438,-432.5,-24.1014210086375,-6.291280901466706,-6.87455913417136,0.4666413375556223,0.5928,3.276574324784478,9.618335929572595,98.0179594959822,17.49751895344245,32.48952691234418,67.51047308765584,91.08000702844336,21.43257696595689,65.40733617255118,34.59266382744882,41.43,99.33,10.37,53.27797202797203,90.88473691441132,7.255244755244755,19.58026070005665,4.784688995215311,0.07536063063090587,0.09388714277452408,1.104672551191085e-6,7.176144251560721e-7,0.03942084685302506,0.03409440083567768,PP
2302107,230210,10163,8843,3387.666666666667,97.60857529719884,97.84915782536606,2947.666666666667,97.45197191488083,97.32429094459667,635.0622296037635,685.9679041125236,-440,-12.988290858998324,-0.15660338231801063,-0.1604401886219364,0.452537689869157,0.5749,0.9689789607197681,12.99241764386401,82.18442044113964,22.93001020777264,27.69244816475748,72.30755183524256,98.02853727866406,44.74219916108975,74.51615653508398,25.48384346491602,59.02,98.55,8.78,134.7350510452115,76.26964503936112,41.05493437044239,19.87695105448741,13.51351351351351,0.2197996065942336,0.01949076215607247,7.762189315341164e-6,2.076451898942663e-6,0.03839271910140042,0.02101139995693629,PP
2302206,230220,7667,7150,958.375,77.12462640864719,76.90075283676117,893.75,75.96993755507462,75.87581825145811,555.9344740228864,646.5461032739734,-64.625,-6.743185078909613,-1.1546888535725657,-1.4971727026000898,0.4548654109283132,0.5674,0.03332162476558038,11.54593756678566,83.0409955797459,26.7733700121119,56.08170240391465,43.91829759608533,94.16461686693795,11.54517574525146,41.77652050919377,58.22347949080622,41.37,96.76,36.49,23.59605911330049,76.3960396039604,8.374384236453201,9.192563163343557,15.81722319859403,0.07078893598620209,0.04211733132604904,2.718953242252179e-6,2.289752613976486e-6,0.06765586304254163,0.03059085219171373,PP
2302305,230230,8119,8310,2029.75,83.7531816473823,82.49600347935107,2077.5,75.15481016231305,74.792445155894,514.3103215392638,537.2533604187555,47.75,2.3525064663135855,-8.59837148506925,-10.266322205250804,0.4993464670366217,0.7055,0.1076050309731738,13.01064094825927,77.95666486803226,9.9022609814919,57.83033911232551,42.16966088767448,96.3820365594343,20.65274960528634,37.75931074516514,62.24068925483487,43.98999999999999,98.83,21.36,2.852776362710137,66.9670954141334,8.647478349465104,16.61376801905652,11.23595505617977,0.07282533170122603,0.0784757854984111,3.434487874868713e-6,2.728543791503009e-6,0.07076520726471286,0.03639848262734741,PG
2302404,230240,9766,6657,1085.111111111111,77.12075396171981,76.41917227713857,739.6666666666666,78.7502744598312,78.67703476229143,509.9319895485137,612.7168522403642,-345.44444444444446,-31.834937538398528,1.6295204981113898,2.112946793699955,0.3719791678173804,0.584,97.74890667770821,3.95111815078565,74.44311282425927,17.34853059278204,49.3061350601161,50.69386493988389,96.44020553069657,40.36745898709599,56.80468672425777,43.19531327574223,52.54,97.96,12.3,117.1911814203972,75.0173766259557,43.67216425445978,13.61527014084402,12.38938053097345,0.1552790266222111,0.05911211313897839,9.94803698273426e-7,3.404840627350682e-7,0.1185045160448272,0.03988139333074487,GP
2302503,230250,1505,794,752.5,92.225043569439,91.96025924636814,397,89.73622833292045,89.61735295205361,745.365364858091,862.1209501505374,-355.5,-47.24252491694352,-2.4888152365185476,-2.6986327576464024,0.3917369462782238,0.5364,6.986737567091527,0.06090963001054581,69.76308468672075,13.71417115140213,37.98175548250075,62.01824451749929,92.57946276872725,61.95291371501804,63.67091087169442,36.32908912830558,73.86,97.25,11.12,3.572895277207392,54.17825661116552,24.59958932238193,16.71604881766503,12.76595744680851,0.4545268220093276,0.0192715637033763,7.294055780696e-6,1.075840467199544e-5,0.6496082372339426,0.02141533157487306,PP
2302602,230260,12947,11510,2157.833333333333,90.4072681769257,90.13133567727212,1918.333333333333,86.0540916837938,85.94074227578425,616.5735252027921,703.9345990473886,-239.5,-11.099096315748824,-4.3531764931318975,-4.815073589672895,0.3217518348065554,0.5592,0.6837436049449764,0.003544985834111681,85.88582841237462,9.087944555474486,25.81220645930202,74.187793540698,97.4463054979462,31.41879965479057,74.33719268382765,25.66280731617234,70.97,99.57,12.19,35.91618619040923,75.03412393814334,5.484460694698354,11.13657002690394,12.30425055928412,0.076827010687543,0.05279065366221306,1.926459641706852e-6,1.953668903184115e-6,0.04990293753270249,0.04015873236184322,PP
2302701,230270,4671,3291,667.2857142857143,78.29916266796268,77.44329926554815,470.1428571428572,76.46188085490054,76.14931336040324,582.2056800166164,649.8655707854236,-197.1428571428571,-29.54399486191393,-1.837281813062134,-2.3464897330426835,0.45132338237652603,0.6228,1.252502111713324,40.13296444277334,82.36213202294083,8.688794633463814,28.06186103134895,71.93813896865106,95.74553593991632,23.61231247900978,72.4713949687039,27.5286050312961,39,98.93,14.11,19.52240275726243,84.71873380377147,55.2683407188577,29.48810709245637,10.92896174863388,0.07094272036881691,0.06205319169943846,6.046045780739813e-7,6.771850264581557e-7,0.1365177205466151,0.1257400057666192,PP
2302800,230280,25959,20677,837.3870967741935,90.9849648879891,91.384059974585,667,91.39556331654616,91.35446125630462,601.5736937788761,676.0867669672633,-170.38709677419354,-20.34747101198043,0.41059842855706563,0.45128162555489276,0.4679018205128213,0.5597,22.03894573601182,14.02338747713763,82.68316789082334,9.948693884236514,37.13136604012659,62.86863395987343,95.17813271028665,25.15996424025953,68.60851477659517,31.39148522340483,40.14,97.42,7.17,79.32876346479124,75.89551029229024,16.37140567969376,13.19191235334264,10.80550098231827,0.105987228420475,0.04797392154610376,5.310352437209544e-7,4.687269133927509e-7,0.07608977479640665,0.07206487487014836,GP
2302909,230290,7857,5662,3928.5,83.4079869221851,83.41772634358244,2831,88.08651860119491,88.0450324644323,504.8061584821402,548.9004587908113,-1097.5,-27.936871579483263,4.678531679009808,5.6092130402027465,0.4620462495352381,0.6084,0.03674106223411951,13.03617866380356,92.18092385522623,17.98119445693647,62.49545621540403,37.50454378459597,98.20643554769562,16.82908727339877,46.8695652173913,53.1304347826087,21.87,78.43,15.86,103.7568796362766,83.77391304347826,16.9179229480737,16.96290960149581,17.0940170940171,0.2128721074435553,0.02163042366521246,2.398388171670718e-6,1.344937393725564e-6,0.1207280972847155,0.02900887143236979,GP
2303006,230300,12583,9232,1258.3,84.98455635568403,86.51073090159407,923.2,90.51061042117267,90.21215547899942,512.3586803132343,536.1900097501413,-335.0999999999999,-26.63116903759039,5.526054065488637,6.502421501573252,0.3516419498989861,0.5722,3.47333930774075,16.01443504084501,75.72054383614518,9.5910330324376325,41.60476113011315,58.39523886988687,90.92027836969847,12.69739852986338,63.95625878184374,36.04374121815627,23.57,99.32,12,73.07551988325429,84.86162868837437,64.21014228383801,15.91896241739512,15.38461538461539,0.0911638592345389,0.04162561263360622,6.153792958614349e-7,4.051916824261092e-7,0.05943012945800894,0.06408763037845737,GP
2303105,230310,5120,3613,1280,82.53557222059405,82.79967151273564,903.25,80.24209297457568,80.07240176763102,506.2806692495359,555.5094414062271,-376.75,-29.433593749999996,-2.2934792460183644,-2.7787766950819077,0.4528983162946911,0.6564,1.683825557259095,0.2522838071946806,79.26323095466982,17.16371400584319,54.29278497943034,45.70721502056966,96.34894956545307,7.177330533303834,49.22247446083995,50.77752553916004,47.66,99.38,29.41,1.193755739210285,82.00908059023837,25.52800734618916,22.30699636980177,4.807692307692308,0.2343828404399275,0.08590800522353334,2.976461099238137e-6,3.363042397107027e-6,0.1928161456503289,0.05215423695210259,PP
2303204,230320,11575,9141,1929.166666666667,90.51751892266452,90.86830239934963,1523.5,83.45352221798098,83.12525622951921,514.5841457075775,566.7061572461911,-405.66666666666697,-21.02807775377971,-7.063996704683547,-7.804010526093645,0.3604273099889804,0.5822,0.5630179606105092,24.21323707405968,89.0705794895573,11.1253174025922,46.05486694870049,53.94513305129951,96.6002048511306,16.54632392358826,56.24073299623618,43.75926700376383,7.06,95.59,19.04,1.684636118598383,90.3433068471277,43.95215633423181,25.79506970805086,15.66579634464752,0.1904646367629496,0.07207534679020793,2.80089419838926e-6,1.184871840379993e-6,0.2387062474212305,0.0559587051809396,PP
2303303,230330,7789,5548,865.4444444444445,86.15498185806763,85.95779617596743,616.4444444444445,78.97182707717991,78.67253648821904,564.0860456443208,585.2982337029616,-249,-28.771344203363718,-7.183154780887719,-8.337480463661755,0.4707579726883346,0.674,4.18164490685357,13.87623438660664,75.4744980702418,14.31085357556261,55.16664926494738,44.83335073505263,96.17233143287878,12.09461890560616,50.99617984131648,49.00382015868352,30.37,98.91,29.65,0.2465814839722036,82.06876285630325,27.99820668011657,14.21603623467592,5.102040816326531,0.1204930103680632,0.006958385143821232,2.999114239228185e-6,2.350438849963565e-6,0.2149331948738487,0.02056955927973147,PP
2303402,230340,5184,3713,1296,85.63663491178012,85.39019819471233,928.25,85.21080331271463,85.23844028262772,528.1094919179161,573.6671460393954,-367.75,-28.375771604938272,-0.4258315990654893,-0.49725400759168803,0.4910038069879813,0.657,7.318969209592114,11.83932208153555,70.85188824974013,16.68688642441394,52.44996321139232,47.55003678860765,96.25494710647298,2.723401702869437,57.52310106352066,42.47689893647934,16.97,97.68,11.18,11.82828906732551,75.14383681060033,20.41383570105003,14.71340120185559,12.60504201680672,0.1099939054793211,0.1094052869686461,7.143197353959632e-6,7.911003452321177e-6,0.06441791795938606,0.2053321134955431,PP
2303501,230350,3657,3677,914.25,82.32687812262188,81.43683931280533,919.25,82.3789730569842,82.36409722211614,626.8989430371232,768.4316222734662,5,0.5468963631391851,0.052094934362315826,0.06327816085133577,0.5243288692969844,0.7006,3.407799899959877,14.40661884500567,83.76179930450922,9.545390322423817,16.33237809431245,83.66762190568755,95.69937657160571,14.37559733813537,70.66681341055731,29.33318658944269,28.96,97.76,12.96,4.968103614923642,74.36338373068827,4.803788903924222,9.893686768773312,23.64864864864865,0.1158018866914837,0.016912181886201,7.670959267443934e-6,9.64400358035539e-6,0.07825545222093422,0.02740781050007146,GG
2303659,230365,3698,3039,616.3333333333334,82.97015510011357,82.84029808423716,506.5,84.77963388763045,84.70728962966436,561.7461024126945,596.8448735762161,-109.83333333333337,-17.820443482963768,1.8094787875168805,2.180879118923575,0.2696521633540223,0.5593,0.4882514473830403,53.07666857876847,86.22201441907353,22.25368857647864,45.80636147128805,54.19363852871196,95.62651844998754,1.779850199406099,60.77961881045877,39.22038118954123,32.38,99.21,15.15,79.68291250733999,75.8164926731156,76.15971814445098,8.676801632888766,20,0.1014776280575976,0.08530189591216593,5.150781491587401e-7,2.460940787067113e-7,0.07663174567692597,0.04957576948208053,GP
2303709,230370,23160,22771,2316,91.77670130558018,91.82754514483369,2277.1,89.61595932273275,89.46721820602822,792.8165269883806,876.817158673774,-38.90000000000009,-1.6796200345423185,-2.1607419828474264,-2.354346966179367,0.4234642398697688,0.5379,Inf,NA,54.94977596900345,1.780753886394117,10.90364137072259,89.0963586292774,93.39114494031064,57.04921465981599,89.57441173818968,10.42558826181031,72.92,98.11,0.77,13.67046401778272,59.38401550667147,4.445679355376494,13.3740773311715,15.03445395698476,0.1670351361128311,0.04392625036572217,8.174821410590206e-6,7.950603944356504e-6,0.1421782428470695,0.02697396616170577,PP
2303808,230380,2398,1586,1199,80.81159614616135,80.81416836462665,793,72.44249635853625,72.35745011664845,584.5672052611885,671.4647331662583,-406,-33.861551292743954,-8.369099787625103,-10.356310463770793,0.3115228778345525,0.4895,0.212586874566333,12.19310080485394,84.02862990412204,9.513245114427232,38.28719491584207,61.71280508415791,94.6153932169765,9.14369322275853,62.59849570200573,37.40150429799427,18.48,94.12,17.57,0.5707491082045184,83.04083094555874,35.90963139120095,8.903038707715304,30.3030303030303,0.3534763259060372,0.02834678360412581,1.859516243618845e-6,1.391884260473623e-6,0.4218479809818426,0.07024393789323466,PP
2303907,230390,1220,869,1220,94.5584088625336,93.5590769248321,869,89.073473404604,89.1738931512493,483.7770318827434,581.0981578020096,-351,-28.770491803278688,-5.484935457929595,-5.800579265143349,0.3715054152477887,0.5416,33.04676837165168,23.95304041252972,92.10484894838385,6.598231563284772,27.44884405697364,72.55115594302636,91.42256937169549,7.275979212701089,70.01611603545528,29.98388396454472,0.43,100,5.42,77.53578095830741,84.09347300564062,16.17921593030492,34.23175384478932,13.24503311258278,0.115150355488138,0.1632461378961987,1.034551426795705e-6,1.025353712069364e-6,0.06469052812272834,0.0933550532985336,PP
2303931,230393,10319,7750,1031.9,90.28155246667154,90.29928185250517,775,90.83449455203501,90.7797253777376,445.2173089754716,525.0351432844285,-256.9000000000001,-24.895823238685928,0.552942085363469,0.6124640862457409,0.4342200849954723,0.5193,0.1977364044826921,40.17688925538507,87.14734429344645,13.61997143451661,70.25511069380572,29.74488930619428,84.58923602995814,11.44768231588223,35.97027250206441,64.0297274979356,13.66,97.63,8.08,110.3571428571429,84.81420313790255,65,23.74608588944399,20.40816326530612,0.1769872048034793,0.06036443434721276,9.198594779848441e-7,3.48892344357712e-7,0.1130931750143499,0.09984674519528879,GP
2304004,230400,9509,7261,1188.625,92.9992014084519,92.81418601766644,907.625,88.88897258877387,88.75791819629562,514.8530947697275,582.9301240147968,-281,-23.640761383952043,-4.110228819678028,-4.4196388328389284,0.5023376967218122,0.6406,0.2100492918005583,9.410682139342764,74.0322585468701,8.627343678636722,35.43272998371855,64.56727001628143,93.34938982010394,17.77583334846927,66.1096256684492,33.8903743315508,30.52,99.34,12.24,1.726538568643832,77.79793735676088,34.69785575048733,15.78314079930635,11.2781954887218,0.1095335217586691,0.08309273847681381,3.228762160637359e-6,7.557195463958229e-7,0.1354927417762994,0.07427442156951737,PP
2304103,230410,13821,11257,628.2272727272727,84.3215838587246,84.92517580973859,511.6818181818181,81.91962195582738,81.41195625312086,721.3796024402704,818.358202242398,-116.54545454545467,-18.551479632443403,-2.401961902897213,-2.848573037861274,0.4450632272968754,0.5829,24.16749593763962,19.29576900196509,73.55581204986093,4.504036073246814,27.77665455683645,72.22334544316352,97.98964133389357,49.26899176094651,73.19498373386504,26.80501626613496,67.61,99.46,10.39,53.5243553008596,56.61270857382726,23.75358166189112,14.36114007832703,10.79913606911447,0.1319321619018139,0.03377227729831549,1.169637111947702e-6,7.100549871571517e-7,0.1471893184894812,0.04286883593031562,PP
2304202,230420,20571,17683,1469.357142857143,93.91306685238959,93.95714721152413,1263.071428571429,90.26680305710421,90.01896208314858,942.6403684410981,934.6252353389351,-206.285714285714,-14.039181371834115,-3.6462637952853783,-3.882594741599156,0.4310656778552612,0.5959,13.46280032041179,13.91517435620669,65.63699942031084,4.089103104611519,17.01721297451626,82.98278702548373,95.49699318571103,43.99968688505072,83.73756908188928,16.26243091811073,70.66,99.39,3.97,24.79190314037079,67.70063368062192,19.12599318955732,24.78046127153553,16.98513800424628,0.1674836901628494,0.01281975753605298,8.666152070360344e-6,8.349762981037973e-6,0.2214082688739589,0.05134968697346046,PP
2304236,230423,8398,6753,1199.714285714286,82.23173923988101,81.71660448774549,964.7142857142857,81.24265526659111,81.22420686526473,464.9461299355842,528.9749069895352,-235.00000000000034,-19.587997142176732,-0.989083973289894,-1.2028007463208379,0.4816958537914364,0.602,0.1542461080934004,9.712949382400494,92.24375294852722,24.01182156238522,47.05077458831231,52.94922541168767,93.36248190883022,23.8124332676947,57.71343556878004,42.28656443121996,34.33,94.46,34.69,2.836499866202836,83.33714808880751,15.03880117741504,8.944488617065538,14.28571428571428,0.07842035368065536,0.04892892659419634,2.113513126967354e-6,2.601576272930539e-6,0.065790570150334,0.08678756062384485,PP
2304269,230426,1095,918,1095,76.6796640013868,75.5521138631221,918,72.3312662771395,71.6963076474237,503.4511699398716,521.2992993366533,-177,-16.164383561643834,-4.348397724247292,-5.6708617348253485,0.7233989237623563,0.6454,75.46672281402186,19.4883788646429,86.9337537815045,14.60691420805922,54.50892490217259,45.4910750978274,91.8614955914272,2.186852386798688,46.24270973530732,53.75729026469269,6.17,99.87,24.26,140.1631912964642,84.72409152086138,53.80779691749773,35.27127897113606,11.36363636363636,0.2257572914697271,0.08144793744450077,1.523405499251779e-6,6.117297227822081e-7,0.271057849628573,0.06680381086668873,PP
2304301,230430,5456,4519,1818.666666666667,88.41025612966634,88.5730950476476,1506.333333333333,81.51005522132729,81.4588375690619,530.476677006962,602.3849916400034,-312.33333333333394,-17.17375366568918,-6.900200908339045,-7.804751632230213,0.4310413746507857,0.5474,3.62195622518524,15.90345704379405,78.27882483957127,11.54866233515185,53.26129755556795,46.73870244443204,98.35248474863909,12.73926685934982,46.75859795626855,53.24140204373145,25.57,99.08,23.99,47.08758503401361,82.6887155257664,38.26530612244898,16.40792018840498,56.41025641025641,0.1992015220046881,0.02689210703802332,1.841079212670445e-6,7.871343155523293e-7,0.3142817097736232,0.05298935804322717,PP
2304350,230435,5851,4854,1170.2,89.05358200076356,89.51090211248408,970.8,85.64042085760619,85.16285399374154,630.8752613788822,772.3958979044914,-199.4000000000001,-17.0398222526064,-3.4131611431573674,-3.832705059666328,0.4211283621488611,0.6772,1.914288828692745,19.97652605980462,69.58824445884393,5.647791505461277,27.20030497060002,72.79969502939997,98.03828040589869,72.61619373292538,75.32075159341115,24.67924840658886,76.35,95.84,9.61,46.15092908608267,72.38225312474133,55.82100872203262,27.13544860305508,8.333333333333334,0.1703727355142149,0.0459511259144643,1.834838697935802e-6,1.401599310938769e-6,0.1396659454055389,0.02178542701150748,PP
2304459,230445,898,1246,898,76.2813211409448,75.7401866278586,1246,72.0799433118721,71.7199416030488,591.8760486381099,708.6026771055841,348,38.75278396436526,-4.2013778290726975,-5.507741300533878,0.5425548558867044,0.5215,0.5974340834816643,5.940002542476975,88.05327486489563,23.13093905766668,35.43069713559562,64.56930286440438,97.052243217064,2.210942889938414,71.51799687010954,28.48200312989045,42.77999999999999,95.28,9.12,25.93571114046675,71.58175389787283,8.014090708938793,10.54600957292041,28.03738317757009,0.05993123464961878,0.0525687586675018,7.286057554788156e-6,1.566164037352748e-6,0.04178893846526639,0.03921939208714322,PG
2304509,230450,2206,2223,2206,97.5762984895194,97.3975762422782,2223,92.0864490567546,91.8301891319339,532.9833469547151,702.7314771677522,17,0.7706255666364461,-5.4898494327647995,-5.626212018438535,0.4457728384740386,0.68,0.02315917514685808,9.749222768596585,87.65531041255412,13.17519201741487,40.33008733344829,59.6699126665517,94.79342804857798,13.25986549939252,69.77828892722509,30.22171107277491,65.3,98.45,4.6,0.7582139848357203,72.04651459970609,28.77000842459983,15.28726540894442,17.24137931034483,0.2138757955532214,0.126793908045264,2.133549694443178e-6,2.059957979294425e-6,0.1853060294502407,0.1853060294502407,PG
2304608,230460,2873,2495,1436.5,83.58679047883035,84.74801270031925,1247.5,88.9258421840612,88.9396696484904,508.4959432907702,525.1779233704464,-189,-13.156978767838496,5.339051705230844,6.38743475451787,0.4974444811539929,0.5327,1.73721553812471,51.75235916981588,100.84585682063491,14.64337702807662,41.57566372815304,58.42433627184697,93.33932231742867,5.829216585037359,56.72287718251008,43.27712281748992,25.35,98.8,10.8,36.78977272727273,94.38889717952544,68.96306818181817,9.325228108969954,31.25,0.1420487911420759,0.109004438919356,2.239203572917476e-6,6.164683500595096e-7,0.1517594992625731,0.1358644893647475,GP
2304657,230465,12207,10350,4069,97.48311650160697,97.4917732220064,3450,94.61826104742987,94.58975013335744,465.9308022711727,519.827926993414,-619,-15.212582944212338,-2.8648554541771034,-2.938822184793279,0.3772440097654246,0.5769,0.1108947073046268,15.9614376548865,85.81762846235172,9.718878414618393,61.28709452922368,38.71290547077633,95.57877193514724,6.612735745855581,45.34454025070647,54.65545974929353,47.02,99.64,10.93,80.103995621237,89.60220273893196,19.64969896004379,27.1505065416627,6.849315068493151,0.103776583918803,0.1357640515885051,1.759823107504964e-6,1.361170772199566e-6,0.09065213430274394,0.1880749674330787,PP
2304707,230470,23918,23657,956.72,93.06085473922231,92.12344673049331,946.28,89.10227169366406,89.06247909705212,495.653248253678,542.3300876976625,-10.440000000000055,-1.0912283635755555,-3.9585830455582425,-4.253757454357252,0.3105600143596672,0.6808,49.31440356817482,9.189367076445755,76.45367462167438,12.32364159725017,50.81505152013523,49.18494847986481,90.08632849168777,12.77037750471299,49.65487489214841,50.34512510785159,24.07,98.36,14.56,64.06703725213639,74.7721048880219,5.749605907243009,18.79394429522086,12.46537396121884,0.08005044945499126,0.1031742446744423,5.773284144924812e-7,5.202437257476166e-7,0.06145713405538383,0.1079105282362579,PP
2304806,230480,5870,4064,2935,91.37909119730034,91.4641465075829,2032,86.1175831405586,85.94185803485911,507.6919578735303,582.79943351126,-903,-30.766609880749574,-5.2615080567417465,-5.757890550018066,0.5275176258124826,0.6499,4.296332627612875,25.78729909584547,100.4231299404099,15.78188284283855,67.30906343109469,32.69093656890532,98.55399184626333,25.04984780160515,53.90495867768595,46.09504132231405,36.17,98.49,20.58,45.8546571136131,93.82231404958678,41.65813715455476,32.42903353562736,0,0.261717633363758,0.06451081413296278,1.7394773194561e-6,9.291086296838727e-7,0.307483517236097,0.1057354387333614,PP
2304905,230490,3845,3500,1922.5,88.6594905471687,88.85895127122706,1750,84.25924037462295,83.8416673802211,583.7854671821867,653.2266975985582,-172.5,-8.972691807542263,-4.4002501725457535,-4.96308984564346,0.5453177227085918,0.6912,0.7501953426931731,18.633080586693062,84.46639409783576,8.67596553299857,30.82530725992016,69.17469274007985,96.74455353557778,30.10602803889288,70.28712962113568,29.71287037886433,49.76,98.75,9.72,2.767527675276753,75.2958444179433,46.1869618696187,8.495880091156412,0,0.2566753633726587,0.05989815924030592,7.109091573245297e-6,4.026106069341632e-6,0.2692753156666571,0.2010039354709586,PP
2304954,230495,7177,5171,2392.333333333333,95.3984142239389,95.4990302780318,1723.666666666667,93.65833175604004,93.3367504591319,516.66295582729,592.3307443326707,-668.6666666666661,-27.95039710185312,-1.7400824678988585,-1.8240161349162227,0.4624678101850369,0.6143,0.0760968076477401,0.008369679922546986,79.70113835060188,11.17978936492235,21.56938069438869,78.43061930561132,97.96416578913829,19.2287378968145,79.19786096256685,20.80213903743315,30.58,98.86,10.63,5.494018608772707,74.91155902920609,7.266282676118742,17.98565208499755,15.50387596899225,0.1360415989747196,0.01111645577213558,1.239434846026998e-5,2.652680462365476e-6,0.1764493860377324,0.08015628092226905,PP
2305001,230500,25436,21565,3633.714285714286,86.66855794040625,86.40346685890967,3080.714285714286,80.63496378164244,80.51818795647516,560.2144554797574,649.7305444376326,-553,-15.218587828274885,-6.033594158763805,-6.961687493303553,0.4395217344031218,0.6188,44.39326522850034,2.916333928270838,96.33151539581587,23.79325034669413,53.91934972820173,46.08065027179826,95.34965062708982,8.1905026870283,49.01362813304107,50.98637186695893,31.78,98.02,40,92.8513778392713,76.60583245973505,27.8565663553557,22.00847769575691,11.78451178451179,0.1682773833827217,0.03059356776633916,1.443319989669865e-5,1.156863708193363e-5,0.1375751651929003,0.01560339857013726,PP
2305209,230520,8029,4788,802.9,86.24351801944562,86.4112466086502,478.8,86.46786402339055,86.17514451090494,515.6776867206303,583.420854838681,-324.09999999999997,-40.36617262423714,0.22434600394493032,0.26013085863954,0.4026280824828233,0.5457,44.4422043977246,29.5078574387726,80.18209831338272,17.35594866119848,42.81532203594977,57.18467796405021,94.54770172594165,6.514280718964955,65.31115218730746,34.68884781269254,9.93,98.51,18.53,81.62246489859595,78.04850725368286,53.7597503900156,14.43508584726469,25.97402597402598,0.0993690962234701,0.06247665004286047,9.09281553450626e-7,4.56138720909386e-7,0.1805413603657886,0.1028665890456237,GP
2305266,230526,9992,7994,999.2,86.03444406401837,86.08700832964423,799.4,87.63362767319946,87.32831522254413,468.5338248399574,545.4331545337669,-199.80000000000007,-19.995996797437957,1.5991836091810825,1.8587713637007144,0.4536597675869607,0.5113,47.17280927443402,20.33343663269731,99.48249356705043,13.39806532941469,65.44578588041827,34.55421411958174,87.28093054431561,3.123902789263499,38.06294994140298,61.93705005859702,8.46,95.64,17.36,123.4655920644761,95.99866063954462,74.79851208927464,18.07401791337679,18.18181818181818,0.1559369106348518,0.05542094467256867,7.138799274985398e-7,3.697375075381034e-7,0.1664257541883785,0.09236722713154248,GP
2305308,230530,2256,2110,752,90.1013120370537,89.5566667093503,703.3333333333334,89.61847650903006,89.5970495295885,572.4701981213738,599.185633868035,-48.66666666666663,-6.471631205673754,-0.48283552802364227,-0.5358806848729113,0.4030047441804763,0.6979,0.03081141707360486,7.944852274682364,71.64113541883651,30.05990974822248,54.83964961164376,45.16035038835624,95.55976637825795,18.48512045182709,45.46175353670242,54.53824646329758,64.3,95.59,28.75,51.57976352006203,78.2414555773484,35.66582671060283,10.61594914795863,5.208333333333333,0.1601822065731611,0.07037300461934948,2.021429783144983e-5,1.226073466445499e-5,0.09416932539200674,0.02354233134800169,PP
2305332,230533,1742,1449,871,84.16696409032845,83.71521720866615,724.5,76.4486778338184,76.2507551392248,460.3687455429993,552.7816286505122,-146.5,-16.819747416762343,-7.718286256510055,-9.170208691650975,0.5598294043242285,0.62,147.4892651230855,28.99336820932129,99.87781715964111,11.19372240943317,49.29024071843283,50.70975928156715,83.46836903653256,15.72986967818078,53.90793678210554,46.09206321789446,24.74,99.33,15.96,221.9794344473008,99.49909318594007,19.28020565552699,0.1146674161886516,8.771929824561402,0.2330219176079511,0.07041596554488358,8.17289141586461e-7,8.457717180904056e-7,0.2012350525524783,0.06477132305824197,PP
2305407,230540,8624,6428,2156,83.55158289805702,82.6135381824979,1607,77.0728675277175,77.10443073338158,624.0267495980939,660.599377788916,-549,-25.463821892393323,-6.478715370339515,-7.7541503651035875,0.456269039488711,0.5568,0.0006902017677871247,3.319771209806567,83.28993586952394,12.33733196138315,53.39982898126038,46.60017101873963,97.38351046589163,35.80594828050626,51.27295959111963,48.72704040888037,44.39,98.19,15.99,0.3234241673548032,72.77431720172497,30.11285439031104,15.28997692201268,15.24390243902439,0.2720678249695742,0.04079685463804376,8.197244351980964e-6,5.517823155118389e-6,0.2395503943831371,0.05157189019661174,PP
2305506,230550,1287,839,1287,83.6543753015997,82.9868134565012,839,74.5931000079408,74.6472507473015,812.4696034268617,862.6168162643816,-448,-34.80963480963481,-9.061275293658895,-10.831800800603933,0.5038322375901516,0.61,0.04868603497060758,0.09513950316163769,64.09828655749342,7.003358999396373,22.97695342100983,77.02304657899015,94.71480000861531,27.77863293620111,76.24992344282711,23.7500765571729,55.69,99.01,13.28,28.84721456150028,64.68774881081191,24.25997425997426,9.228489312918027,11.12061591103507,0.4299198511792362,0.01869782722737724,2.189879872803585e-5,1.701381350651852e-5,0.7147152248683695,0.04391281538902613,PP
2305605,230560,2349,1758,469.8,80.80435634540444,80.1341811544777,351.6,75.28299678720563,75.26749331668871,551.5998311645683,602.42948016824,-118.19999999999999,-25.15964240102171,-5.52135955819881,-6.832997387662286,0.4150733315035903,0.5043,0.39411220776091,14.7082306399542,76.58173320745126,17.49724258551625,55.09424116050278,44.90575883949722,96.66999117559958,32.37359421312883,48.86363636363637,51.13636363636363,48.48,99.1,38.51,95.8963282937365,81.2978687978688,57.2354211663067,14.53242962044149,27.11864406779661,0.1113916483948346,0.1380854806922073,4.224422691280327e-7,2.675477851403538e-7,0.1387922318991009,0.1729772728399823,PP
2305654,230565,5168,3778,861.3333333333333,93.85611376530974,93.87678782035928,629.6666666666666,91.29623967249454,91.08403434454428,459.0478271852302,554.0833687563553,-231.66666666666663,-26.896284829721363,-2.559874092815207,-2.727445224523418,0.3376110334948029,0.4276,32.92725370646497,16.29505468391694,93.78234397994673,8.500185587391496,63.26688832961042,36.73311167038958,93.29457409896764,2.277036806613603,52.17015389936019,47.82984610063981,10.75,97.35,24.15,68.09929603556873,79.13712605913885,69.24786958132641,28.72073523360099,22.55639097744361,0.1012270508143035,0.01337611259397745,3.935730922520263e-7,3.747220422334264e-7,0.0860332389772855,0.01658738540693165,PP
2305803,230580,14398,14342,2056.857142857143,90.54122486175943,90.31664296260655,2048.857142857143,86.4359448670272,86.04750072424716,599.6366824340258,648.3475094400708,-8,-0.38894290873732457,-4.1052799947322285,-4.534155574988378,0.5170780347237472,0.5493,0.1757404708165123,5.585677987463219,78.66690113149254,16.503185746,36.632762928731736,63.36723707126825,95.71679256512375,7.556842530914718,61.05645122010618,38.94354877989382,51.2,96.18,23.21,57.35616438356165,78.36929521211826,31.47945205479452,13.36641667136488,18.38235294117647,0.2166758195936171,0.07109740046796477,1.255833504099618e-5,6.669318980913475e-6,0.1866224408765079,0.03110374014608465,PP
2305902,230590,19162,15204,1277.466666666667,88.81006734593586,88.7130738683562,1013.6,86.11798839944804,86.090066685123,502.8895831451777,556.4660249026145,-263.8666666666669,-20.655463939046044,-2.6920789464878254,-3.031276776315856,0.2596051251873543,0.574,26.86259283228327,20.4425617935619,81.79262597907965,14.7142771148231,51.45689132236595,48.54310867763406,97.2721571806,21.05570154178438,50.60070671378092,49.39929328621908,20.99,99.37,11.12,3.412212127614621,77.86083174775754,41.92900908514684,24.44068077775021,8.849557522123893,0.1210161660528521,0.04173304346483695,3.102797062439596e-6,1.9856687438046e-6,0.09525830084433799,0.05584107290874986,PP
2306009,230600,1307,951,435.6666666666667,93.50606726934873,93.06167147109043,317,91.53746390587607,91.2594970431592,651.1433628493731,741.0084235025171,-118.66666666666669,-27.237949502677893,-1.968603363472667,-2.1053215272138543,0.5365912707237911,0.5693,10.60282439934215,35.52553790252946,75.08300879012921,13.52868031021111,29.25757059926528,70.74242940073474,96.52825711239869,22.36747190669842,79.75569683548825,20.24430316451175,49.22,97.57,24.27,221.4381720430108,72.14801057218374,41.93548387096774,18.17134138191005,14.81481481481481,0.2420763056489217,0.03149871338105292,2.107151009445412e-6,6.680275176690399e-7,0.3097796217513686,0.1241577055432073,PP
2306108,230610,3566,3554,594.3333333333334,87.8704797987908,88.22175053045095,592.3333333333334,90.03519341481746,89.97916029825898,512.4855087563009,549.7704541361929,-2,-0.33651149747616377,2.16471361602666,2.4635277068971337,0.5375628441728934,0.5237,40.27978959796925,32.11559983494409,89.62282500616297,11.45987051065124,35.8167364643044,64.18326353569562,94.34596778927035,36.72755181625119,64.4401689740265,35.55983102597348,60.55,98.11,10.2,69.4901086653664,81.38776193065372,48.03566453050989,27.33748277233267,9.09090909090909,0.1411951042484999,0.07199867638107392,6.365687278887095e-7,5.625586316812948e-7,0.0960343024835684,0.06858364309642921,GP
2306207,230620,601,561,601,75.0392707341849,75.0740248260627,561,74.2408054299352,74.4953308903316,581.6048581062121,605.9133526490472,-40,-6.655574043261231,-0.798465304249703,-1.0640632517314084,0.4948679488931154,0.5938,0.7838830610889419,9.489938634973925,77.73474851940719,12.52949746174227,41.52731921334541,58.47268078665459,98.83490883288708,3.455867643404717,63.41625648529998,36.58374351470001,2.77,98.11,12.73,120.6480304955527,79.7924704004257,18.93265565438373,9.040532569033745,14.70588235294118,0.1516584280008382,0.1676385944424292,1.127464619940859e-5,2.554758709098389e-5,0.1093266562750346,0.2951549554706967,PP
2306256,230625,2003,1970,2003,79.187450488061,79.5232360224616,1970,76.8801068809034,76.1886278845316,640.816536680612,893.295030866573,-33,-1.6475287069395907,-2.3073436071576054,-2.913774332847704,0.4870095924552154,0.5916,NA,NA,68.38120497842402,1.412183016243165,1.03581100189006,98.96418899810993,93.09650790119736,8.211659248850042,90.85936941445628,9.140630585543718,48.78,97.89,0.72,12.40441801189465,52.43261600057196,3.738317757009345,28.93677856775132,10.20408163265306,0.2110413060451669,0.01127361356173042,1.080775498736636e-5,6.342455229575841e-6,0.1100545646295941,0.06811705797096954,PP
2306306,230630,15637,11403,3127.4,85.6520022500688,85.73414118234437,2280.6,86.55523320966424,86.49902786955013,553.1839592021698,617.3289534151952,-846.8000000000002,-27.076805013749443,0.9032309595954331,1.0545357211362885,0.400977428989552,0.5346,0.133193788144591,11.24086180896832,75.11254254638246,9.6194767174614,29.86684666333059,70.13315333666942,97.01809645489514,26.52381965646911,75.36843919675947,24.63156080324054,48.94,99.05,11.31,38.6000367444424,76.07084374730672,55.17178026823443,19.76373218489307,19.71326164874552,0.2271024692315461,0.05213461841880637,7.090974432427436e-6,2.957210740187345e-6,0.1908869476698088,0.05633317816571424,GP
2306405,230640,27632,30536,3070.222222222222,86.24417284974172,85.88146235301285,3392.888888888889,85.92327615827104,85.59998070756996,611.2932365038101,686.3842659116752,322.66666666666697,10.509554140127399,-0.32089669147067923,-0.37207927314667294,0.4186952976239252,0.5858,12.20648060637148,9.554520913754013,75.84610269333302,9.131583721695375,42.41068521914509,57.58931478085494,91.2722854845469,34.59374256282211,58.4610923298815,41.53890767011851,53.32,97.81,6.2,94.61904761904762,67.78718111125525,52.38095238095239,13.70992413369221,12.71393643031785,0.1121660951944807,0.05815708783220348,4.273133656387036e-6,5.438888857697373e-6,0.08568274942734173,0.05500516224463675,PG
2306504,230650,8129,6373,1625.8,85.92342311557933,86.13519628286272,1274.6,91.14305962034598,91.06817590149112,506.2150948200439,527.0112707567056,-351.20000000000005,-21.601673022511996,5.219636504766655,6.074753909356585,0.357589450621949,0.5391,3.398951157773264,7.930445085625772,84.69677727731064,12.12551228502715,52.66046906807668,47.33953093192331,96.55839804209123,15.27978598727149,51.70441803094864,48.29558196905136,9.86,79.52,12.18,85.22537562604342,83.6678627494954,25.87646076794658,22.48393089373419,27.47252747252747,0.1263570872775386,0.04592798703954192,1.189575844866088e-6,6.516707879702509e-7,0.1309428941537419,0.05132778952019499,GP
2306553,230655,6870,6078,1717.5,82.98934948622045,84.55540707863447,1519.5,80.6517378993594,80.35174995806608,504.3822049529766,606.908983713024,-198,-11.528384279475983,-2.337611586861044,-2.8167609474384196,0.5700573092345707,0.6307,0.02274385106434555,1.091733396415977,84.20708438135183,13.76006061970202,57.47004650283179,42.5299534971682,87.94349212772549,12.50313011314056,35.72877089112142,64.27122910887859,11.76,98.61,10.73,40.21631276046835,78.04246987249715,11.6888271482437,9.701536291973149,15.82278481012658,0.08973565923925533,0.01871689568645182,8.647168104715736e-6,1.113855391866422e-5,0.0883014046340583,0.01505261305876518,PP
2306603,230660,4065,3700,1016.25,88.7661403215193,88.8037847768268,925,87.7821061545218,87.5932803648063,458.8523164939037,547.0815651954763,-91.25,-8.979089790897909,-0.9840341669975032,-1.1085692849021473,0.5062249538129829,0.528,0.8119058796129066,22.95588795567228,103.5887379132781,29.41703570178621,49.24499227170166,50.75500772829832,85.53358803496118,6.626803172728921,49.35853491332876,50.64146508667123,30.31,98.98,11.72,100.667361835245,92.84105376554696,52.11678832116788,14.83670257504656,20.24291497975709,0.1187882224606564,0.08166617269499866,5.70678091821134e-7,4.004415223859297e-7,0.08150408902452999,0.1111334424887227,PP
2306900,230690,644,349,644,81.3555725097393,80.3842889975843,349,72.7621707951592,72.7449743632677,621.5371153214253,768.4665630878204,-295,-45.807453416149066,-8.59340171458011,-10.562769641319125,0.4251566550997814,0.6385,0.3578228743619604,14.68769288856799,66.52078406421835,11.97713519238385,32.51326287200245,67.48673712799756,93.7854774425742,53.88544520806889,69.0192239231043,30.98077607689569,75.03,98.65,17.48,14.86694947936753,65.89830307345437,45.96991901272657,14.42066445563105,19.07356948228883,0.2549255727648078,0.07620328597022313,3.670449993322547e-6,1.870234770749172e-6,0.292895020043418,0.1000943739560628,PP
2307007,230700,866,913,433,86.656004199412,85.79023383422415,456.5,79.8454921547958,79.79983102606644,562.2713018833392,634.9841304141295,23.5,5.427251732101617,-6.810512044616189,-7.859250039897872,0.5327170719829045,0.6061,23.11897254826223,6.508971521615425,82.4490171904924,21.35739791941806,40.63505626293036,59.36494373706962,94.63642414879375,13.70672568962354,60.88095989895801,39.119040101042,18.27,96.46,17.34,51.78750417641162,88.35175244711083,19.64584029401938,12.27368872995303,9.868421052631579,0.1786357920661126,0.2677351192871545,1.582913480349507e-5,1.526014718387414e-5,0.1751519579290124,0.1514998048025326,PG
2307106,230710,13831,13128,3457.75,83.67764330006725,83.86483476272272,3282,84.39802230659211,84.05974943382438,529.7661090193691,594.5623623969495,-175.75,-5.082785048080399,0.7203790065248654,0.8608978194349869,0.3052764027866477,0.5229,55.56946424297053,14.0603890655058,89.46419830252192,17.39757994142997,65.95197813279457,34.04802186720546,91.57142878381815,38.08051356839669,37.14014667785602,62.85985332214398,47.64,96.41,23.85,80.01368925393567,82.83285292078666,21.08145106091718,22.45418197518128,22.72727272727273,0.2924981230569897,0.03781630042961702,2.474383538310743e-6,1.399832376189849e-6,0.2672139944957453,0.02414520069944933,GP
2307205,230720,521,344,521,92.504434356325,92.2422950820172,344,91.8161127543769,91.6831127978156,597.0126502294308,648.9048988711751,-177,-33.97312859884837,-0.688321601948104,-0.7440957903668755,0.4267310363246077,0.5429,7.040918786487805,19.56603312260542,80.7617924091056,16.07457776536532,42.33144763531983,57.66855236468018,94.75879018546425,19.43810904672612,62.32475146571501,37.67524853428499,58.81,98.96,14.28,5.278174037089872,77.27504460871782,45.36376604850214,62.26342456970548,0,0.1692464777020479,0.02671052604827406,1.232523037307961e-6,1.166624096019331e-6,0.203387826017736,0.08218485611096227,PP
2307403,230740,4307,3517,861.4,90.86696588096586,90.19851665266091,703.4,83.31800931293745,82.95884961312886,559.843829778207,696.8321509499452,-158,-18.342233573252845,-7.548956568028416,-8.307701808727076,0.3694876786708965,0.6342,11.16515208720714,11.82417284160149,69.00662206670815,10.23695659971286,40.56485785487526,59.43514214512475,97.64685602852249,27.48915052672142,61.93707846340748,38.06292153659252,63.92,99.1,18.34,1.648599819331527,75.75719492270956,41.91508581752485,5.38698192172513,6.734006734006734,0.2170242301380003,0.02176870887463022,4.276766015760794e-6,2.962535670169662e-6,0.3678505969344513,0.02835568721989463,PP
2307502,230750,1149,1143,1149,77.1642681481881,78.171855492806,1143,70.7157868514859,70.4719294168424,556.2902151174516,606.3314669681855,-6,-0.5221932114882507,-6.448481296702198,-8.356822984854052,0.3894824199289129,0.5003,24.40702452675263,6.403572151566011,84.01547456519339,13.0399362921472,41.68988918934447,58.31011081065552,94.18535878087256,28.36754542398054,61.18889069351957,38.81110930648043,43.07,98.5,27.27,26.06968766925438,77.90482377781387,24.80592164650659,14.52567081825335,6.968641114982578,0.2933300193532369,0.02574572182046727,5.513794350124961e-6,2.484237404958776e-6,0.2660009320963874,0.07502249365626186,PP
2307635,230763,4194,3093,838.8,77.42690208763652,77.09952250745606,618.6,75.1471074511783,75.00695968592056,539.6152509187743,584.8481536684939,-220.19999999999993,-26.251788268955643,-2.2797946364582202,-2.944447698395331,0.4191662588378591,0.6353,0.6395915164425815,18.75980029730991,73.85072272202339,20.33749770448788,50.7159404449579,49.28405955504211,79.58288913602456,11.80123534500071,59.70724191063174,40.29275808936826,31.04,99.14,12.78,120.8798646362098,82.47599857769349,62.53807106598985,12.89525978154965,22.47191011235955,0.1483413212324345,0.05243084248686104,6.178838019810156e-7,4.605245958459111e-7,0.1418403757730123,0.03507890703814587,PP
2307650,230765,1881,1490,1881,90.9591715875013,90.8634826624792,1490,84.8622010794328,84.7990464012714,772.1097545203038,855.886146277915,-391,-20.78681552365763,-6.096970508068509,-6.702974974000636,0.4829357516211704,0.5541,Inf,NA,66.0150786338916,0.3779977870185161,2.099695160831794,97.9003048391682,97.59915834845619,68.01715053995967,98.49697217990244,1.503027820097556,80.71000000000001,98.8,0.21,27.26671078755791,55.94447076094517,0,11.02060630640337,10.93493712411153,0.1424392825587945,0.02692132757706866,9.538803418758269e-5,1.039338767297498e-4,0.1228172622227949,0.09590218531084357,PP
2307700,230770,23719,14687,4743.8,94.0439995541735,94.28137117023212,2937.4,91.9925913228747,91.82995334019714,637.1446174712335,714.3788023974548,-1806.4,-38.079177031072135,-2.051408231298794,-2.1813281453614617,0.5841490705748742,0.6237,0.06312721794291738,0.02558582027875862,57.17289837639765,5.328584074817383,23.8005918889232,76.19940811107682,95.16767187863984,32.86397500812256,84.03932065191508,15.96067934808493,59.03,98.36,4.55,43.67050272562084,68.08626158520903,6.384009691096305,9.395138096141732,10.09251471825063,0.2937787279989268,0.01749054424977718,1.560044793177342e-5,5.780460295394129e-6,0.2511567415212868,0.09891645445848583,PP
2307809,230780,7812,6841,1302,90.6637228681501,90.36920177602438,1140.166666666667,85.11704056124455,84.88212978676954,607.8816094046119,630.120937284309,-161.83333333333303,-12.4295954941116,-5.546682306905552,-6.117862946100226,0.6017516693258784,0.5829,21.81693665935645,24.13755630194091,96.51533982780846,5.129405311607135,37.65178628412558,62.34821371587444,86.09530738302045,8.497895790206007,64.9747376603187,35.0252623396813,29.22,98.69,7.34,108.7407407407407,94.61329187718617,19.52592592592593,12.22495236060561,11.32075471698113,0.1473980110505048,0.08478552160521505,2.189865908755819e-6,2.410078340017884e-6,0.1167143293549457,0.04869874892074824,PP
2307908,230790,1251,1033,625.5,95.78063224453635,95.00971291339539,516.5,91.4972259182306,91.42429158991955,482.4556416281257,543.5395617679164,-109,-17.42605915267786,-4.283406326305752,-4.472100701287751,0.3734206201571438,0.5505,0.9770050452505334,0.2434077050400356,84.62876849460272,6.237359694662183,22.18726795709248,77.81273204290751,96.57569527798852,4.314291588001129,73.95794909627443,26.04205090372556,5.11,99.59,8.06,14.58015267175572,85.97381040206565,1.526717557251908,6.008336270568694,5.263157894736842,0.08347029087859197,0.1638616248728584,6.42211928793314e-7,6.623651597614335e-7,0.07596729581719006,0.07875832399966283,PP
2308005,230800,9748,9536,1949.6,89.21194971987543,89.24525292920517,1907.2,87.2233880748911,86.9879743870936,551.2424411371527,591.9204977875629,-42.399999999999864,-2.1748050882232186,-1.9885616449843297,-2.2290305852841374,0.52475860011211,0.5526,13.20607280185932,16.58514526176745,82.27024855521636,9.215604018899755,31.86629047381909,68.13370952618091,95.76114440807872,38.49337800321179,68.29268292682927,31.70731707317073,38.88,98.85,7.56,88.39863065804488,77.27646699753178,38.58881704069989,28.25511176477413,13.61867704280156,0.1364339312897971,0.06658606722542039,2.162694433669079e-6,2.281336601995238e-6,0.1351710043234671,0.1179406406197915,PP
2308104,230810,8519,5842,1419.833333333333,87.04956650656312,86.41757837824551,973.6666666666666,79.83652127630884,79.1072927191549,504.8471487236493,584.2802558615915,-446.1666666666664,-31.42387604178893,-7.213045230254281,-8.286135726718928,0.361067168695206,0.5465,1.87705159659545,3.929560689506661,91.59686112136863,22.83850920634831,47.4620774255919,52.53792257440809,92.7035401699227,19.26817130544932,54.22168515873887,45.77831484126113,26.44,98,26.14,0.7735661399049618,76.75711303965726,36.4349651895237,21.31158039596798,19.54887218045113,0.3057641857071375,0.03910667915085628,7.5732382399698e-6,8.19831435446588e-6,0.4109185663444564,0.05935490402753259,PP
2308203,230820,7991,8334,3995.5,99.00298986266175,98.93818409593226,4167,97.7796230519213,97.7161896615336,613.4784100930249,703.7414476278153,171.5,4.292328869978726,-1.223366810740444,-1.2356867327315213,0.3870313749973273,0.676,0.5695045509458538,0.2892643475964694,82.96720665383388,12.12130365260654,45.2906525722213,54.7093474277787,93.63010745516067,9.779380104767831,52.37749306564522,47.62250693435477,37.07,99.84,7.01,9.836497890295359,80.88099326376965,16.95675105485232,23.43936736809374,5.747126436781609,0.1081006462802114,0.03343113863857602,4.07897918111504e-6,1.769667161346943e-6,0.03835720457570734,0.01346992133929522,PG
2308302,230830,5877,4931,1959,89.30064104417734,89.0682674050959,1643.666666666667,84.32583550658363,83.9182312157087,579.1181000120525,641.967970481724,-315.33333333333303,-16.096647949634153,-4.97480553759371,-5.570850868956984,0.4323625457848569,0.5292,70.40889404651308,14.67209539728495,83.97182364614989,12.51364536966107,52.07986473593841,47.92013526406157,95.08009491612277,12.87512239279393,52.8445543789132,47.15544562108681,65.7,99.39,12.98,40.99057475512844,85.26706346138981,54.94363333949362,27.28715063078727,8.4985835694051,0.2570234500356685,0.01606221746789901,3.808096215623399e-6,5.464995966570313e-6,0.3464654209663131,0.01445971347261818,PP
2308377,230837,2893,2578,723.25,74.5289842029123,75.70287511269933,644.5,80.97879242655635,80.71611761978693,466.5479168492946,493.6442136105471,-78.75,-10.888351192533701,6.449808223644055,8.654093830239031,0.3498917436555233,0.6857,0.2994341825604251,16.71347148960391,85.69841333227495,20.36152533882423,46.46587157548915,53.53412842451083,96.89847138035583,20.66981174760864,57.91402396053559,42.08597603946441,26.53,97.34,12.94,75.56373676944317,74.96828752642706,55.91348366313852,4.817637308011729,0,0.1310534859056183,0.07670090156052069,5.584205651970664e-7,4.136500521506562e-7,0.1096323434574444,0.06862806659153706,GP
2308401,230840,5117,5047,2558.5,92.7472376039094,93.01671074409501,2523.5,90.28114621444385,90.0839030863041,661.6850970322314,598.8571358515078,-35,-1.3679890560875512,-2.4660913894655465,-2.6589378327334656,0.3770243699625904,0.5622,24.82991169303711,11.00394752487719,89.62226303752564,22.28064291559283,54.71152268431796,45.28847731568204,94.1756489002947,10.73099171350425,44.65489130434783,55.34510869565218,28.13,97.53,40.04,71.10001161575096,81.64945652173913,30.41003600882797,22.03318931760331,5.309734513274337,0.2710694975697883,0.02913912342801315,1.226355774733695e-5,2.378233851031816e-5,0.2524825455540313,0.02960357846621017,PP
2308500,230850,17618,12117,1036.35294117647,83.56487919539927,82.89522432588775,712.7647058823529,77.99209331897156,77.70716898863888,542.5547350672273,600.6834346789182,-323.5882352941171,-31.223748439096344,-5.572785876427716,-6.668813417891628,0.3449141453278041,0.5328,0.01734961618519877,8.092136297770185,81.94672734296608,15.94319614837821,55.87094062911019,44.12905937088978,87.72092444542993,28.85859123029459,54.60959049437726,45.39040950562275,59.17,98.29,17.72,71.60045638419251,80.08964566093783,55.06690177367493,19.68924811863762,16.27906976744186,0.1550447268652385,0.06580899551933606,1.814082461018256e-6,4.160825564760452e-7,0.1535696364916538,0.02345292122696711,PP
2308609,230860,2393,1916,797.6666666666666,76.38486576619813,75.957114700811,638.6666666666666,74.01745636308033,73.96074840572264,521.8117837035445,582.4669840674512,-159,-19.933138320100294,-2.3674094031178043,-3.0993173573991295,0.2744360672415918,0.5716,6.079429217819657,19.06144835553413,90.77852193988991,9.864827888362973,44.00667900650528,55.99332099349472,93.68111328273427,6.401358289896352,53.80802425938885,46.19197574061115,61.67,99.45,13.24,9.072696050372066,86.79146256123164,49.7424155695478,30.32486930103553,15.87301587301587,0.1341520338452503,0.05919883456009597,4.392433488703661e-7,3.853584311853011e-7,0.1186745384834128,0.07692190652294564,PP
2308708,230870,5713,3889,816.1428571428571,83.71001289212514,82.92083123881804,555.5714285714286,79.27245974824886,79.06640163448289,573.7603054607956,663.5212558812572,-260.57142857142856,-31.92718361631367,-4.437553143876272,-5.301101971630119,0.5139218176100566,0.6347,0.2996139752499443,13.08692466674589,86.96532379616892,17.99793418312579,43.01426010342438,56.98573989657564,96.29110985219386,9.646169402427434,63.34815828486715,36.65184171513285,28.1,98.1,17.81,7.459264717923523,72.30340648062167,25.65299271268321,16.23681017045107,11.66180758017493,0.2106771474311807,0.05778752088774448,5.18944757742807e-6,2.946675339035622e-6,0.3419538340484118,0.1109151686009884,PP
2308807,230880,6022,5389,1204.4,90.12224404720875,89.07782863349055,1077.8,86.1751368892334,86.20281557917818,465.8393928617566,634.6964090020168,-126.60000000000014,-10.511457987379618,-3.9471071579753527,-4.379725782136249,0.3855064420435354,0.5816,0.5908153542703298,0.1608654660854228,85.14991273975286,12.40735944953062,55.2040918367333,44.7959081632667,93.20248792459856,7.454914960600224,55.19748000969227,44.80251999030773,47.12,97.35,18.74,34.8,78.82238914465714,2,26.72127476193491,17.5438596491228,0.1229580371115529,0.1156994873327456,5.41843033005607e-7,4.581627432429168e-7,0.0817280219614474,0.07282462434046764,PP
2308906,230890,10055,9302,2513.75,82.2387960404147,81.78518806873545,2325.5,82.8089563999358,82.80210583778745,456.8959198013442,565.6310056994,-188.25,-7.488811536548981,0.5701603595210969,0.693298524507706,0.4732688310548401,0.6325,0.182984293344148,21.03777278052152,72.90023484754171,6.584640418299968,53.53471579138304,46.46528420861695,90.63610314053444,23.29498069740454,51.2405419672708,48.75945803272919,31.99,98.84,7.78,1.677365914267964,67.32799577687841,21.51584178919031,27.55499587917381,15.15151515151515,0.1478879268613634,0.0913673562350611,1.12526817400326e-6,1.192954522278651e-6,0.1221916646006009,0.06048227817136734,GP
2309003,230900,4373,2828,2186.5,98.65330427455126,98.36065822909049,1414,93.05169253553655,92.7689507983791,580.5284318425381,616.6842850444951,-772.5,-35.33043677109536,-5.601611739014714,-5.678078175086239,0.2575529277991075,0.6492,0.09924188359869021,13.8050761514059,72.86709986487399,8.27702424605066,35.93263820370367,64.06736179629632,92.25427745407242,18.14036921704916,65.67371733879821,34.32628266120179,39.93,95.71,8.73,83.41346153846155,72.18766010393031,35.77724358974359,21.85883106874698,5.376344086021506,0.1829847640008078,0.06963374152757591,1.980940325383575e-6,1.433383461216144e-6,0.1755393429614377,0.1454381969686276,PP
2309102,230910,3486,2505,3486,97.8391163088661,97.8461843563743,2505,98.4794302626372,98.4747595767467,532.696708147319,608.5964788025236,-981,-28.141135972461274,0.6403139537710985,0.6544559864479007,0.4059345310074262,0.5551,0.03885861556956993,0.05338263882950605,78.57593237872838,43.91579709765215,63.3475393574178,36.65246064258219,88.19672701656773,30.01871829797938,63.48410295230885,36.51589704769114,60.35,84.22,26.04,8.635863586358635,87.22558667676003,12.65126512651265,6.969761859441074,8.620689655172413,0.06664771237261698,0.007960056426091301,8.473905557728303e-6,1.403953836716886e-6,0.06711844621075123,0.04737772673700087,GP
2309201,230920,4897,3702,1632.333333333333,84.3320186073402,84.18531363746884,1234,77.12777720750954,77.05200241646193,561.0531412459688,580.8176933448705,-398.33333333333303,-24.402695527874194,-7.204241399830664,-8.542711912748656,0.4700168906395515,0.6256,0.3087299972968601,32.22779782141167,95.15933762909646,9.8619447087900909,32.01187803968625,67.98812196031373,92.15862760121497,44.01803324537771,68.84990253411306,31.15009746588694,66.9,99.52,11,7.733812949640289,91.35802469135803,43.83992805755395,7.669319302998757,8.849557522123893,0.1809656422437899,0.01724347518490637,1.264189761766623e-6,1.348826927505169e-6,0.3809846025058604,0.05423024071705039,PP
2309300,230930,6417,5476,916.7142857142857,87.01988792099928,87.21603115972833,782.2857142857143,87.2615395755146,86.98801118276457,611.5158616010034,680.5913805977176,-134.42857142857133,-14.664173289699226,0.2416516545153229,0.2776970417782031,0.2708964404483505,0.6436,0.4514530695535156,22.92638596509075,76.30830216583729,4.959819642523421,25.03265126619268,74.9673487338073,96.6603832735744,20.87363973580876,76.6273638828102,23.3726361171898,52.14,99.8,5.19,2.981778023191607,67.8609922592024,51.02153506350083,6.837418539139469,8.875739644970414,0.1400764144343511,0.06692494724549419,1.493343118344736e-6,6.602960019852625e-7,0.1227023768663101,0.07595609898138352,GP
2309409,230940,4656,3668,1164,85.85808032995705,86.48147188519583,917,83.69287075124338,83.58873626599974,484.9532771283623,579.2256266361899,-247,-21.219931271477662,-2.1652095787136716,-2.521847181293431,0.2776716582990343,0.4995,0.1321120377138379,16.8591316677275,78.5257082489946,8.983146762068726,48.15113821810063,51.84886178189936,95.59856639870594,26.45429073187524,54.47148565201599,45.52851434798401,49.12,99.56,16.39,1.26078301260783,80.01089720305121,60.35169210351692,11.92827899539408,9.615384615384617,0.1633564053851246,0.04485774396971558,9.258780891328018e-7,6.856917118243799e-7,0.1503984162266156,0.05161334765228402,PP
2309458,230945,3689,2843,1844.5,66.34095269399666,65.7923533929351,1421.5,72.01302696315386,71.5771059873678,486.0031176466315,570.5272377555422,-423,-22.9330441854161,5.672074269157207,8.549883652289616,0.4867795082286668,0.4796,0.0400484828642434,22.78056063832153,82.5213088905806,10.386278365286021,68.09909964048167,31.90090035951833,97.17510466456939,11.57485884649694,42.22503677071417,57.77496322928584,7.390000000000001,96.47,18.32,63.38162930563149,81.09985291714332,58.25587752870421,3.027490266632871,40.81632653061224,0.1092103110240925,0.02028055362456655,7.838047760450792e-7,6.402748976745457e-7,0.1332518968119837,0.01365389454999454,GP
2309508,230950,690,447,690,83.5897614412715,82.9606137094254,447,77.8100806435981,77.1697799316668,530.5066625425222,605.3349284228824,-243,-35.21739130434783,-5.779680797673407,-6.914340581931311,0.3949233624206513,0.6047,0.06876398016677282,13.4686474538577,89.34027012232431,18.66845308490262,25.30281000621057,74.69718999378944,97.9743322516408,37.67345379213432,75.41325466659885,24.58674533340115,49.7,98.65,16.18,69.68379446640316,84.6396419307258,52.21343873517787,6.553000268211158,13.51351351351351,0.3259806467040955,0.05717587219272759,3.823673408841308e-6,2.014563204212699e-6,0.3062325580186956,0.06244177780625019,PP
2309706,230970,2974,2656,2974,82.3395940817622,82.26964745615,2656,79.7918114616821,79.4684853302286,663.2770596641643,794.0035695142514,-318,-10.692669804976463,-2.547782620080099,-3.0942375275134126,0.4845680319088495,0.5909,Inf,NA,59.46127189156018,2.081550425678832,13.87128314416335,86.12871685583666,96.24479903743338,76.3881298187269,97.35173950724278,2.648260492757212,76.22,97.86,2.6,77.03213610586012,55.31880648755726,0,16.06871934891132,17.15919923736892,0.1663290542170076,0.02794832635286655,1.986826213054279e-5,1.284649456302963e-5,0.1694203109792718,0.05128241991163934,PP
2309805,230980,4928,4751,4928,99.5890895109663,99.5949278683293,4751,99.4221124903838,99.4081004327125,566.0638109250198,620.4451160666963,-177,-3.591720779220779,-0.1669770205825074,-0.16766597767129968,0.4937151929962803,0.632,0.06058293244835792,0.2075482839343177,79.99968459429334,43.47543467593726,58.59965143787833,41.40034856212168,84.23926986134839,45.12950672318927,41.35365307037203,58.64634692962797,44.71,97.78,31.8,3.640040444893832,81.85567010309278,5.561172901921132,11.298963217177,8.130081300813009,0.3030048863824338,0.03551026238515145,9.141118468897921e-6,1.585798361385637e-6,0.08002300927399042,0.02148845576637767,PP
2309904,230990,3380,3452,3380,77.8432070052162,77.838093626554,3452,70.4767970273082,69.7519282682744,542.567990581586,606.2861744593523,72,2.130177514792899,-7.366409977908006,-9.463137839907327,0.3818726976048204,0.6114,61.90650580282352,14.3158242577699,83.73250222707637,8.952416482448532,39.60041502165902,60.39958497834096,97.60790101693927,39.38227836975964,64.97001134705786,35.02998865294213,37.11,97.14,7.45,148.1218274111675,82.6065812935646,34.92385786802031,23.10394791087375,0,0.2309230875872672,0.2229797005317778,3.223912963625024e-6,1.70493208092259e-6,0.1961523188984991,0.103586056047522,PG
2310100,231010,4191,2721,4191,97.2453322654572,97.4267940243603,2721,95.4472568119766,95.5109330452723,597.5979558224668,574.8369220451334,-1470,-35.07516105941303,-1.7980754534805925,-1.8490095221971825,0.4964211567453987,0.5939,0.001862652950817553,0.05126047442643543,70.98728320347212,32.54752413685659,54.74054685876109,45.25945314123891,93.58215135223155,16.25679953475271,46.79499706859488,53.20500293140512,31.26,99.19,25.19,0.2572898799313894,87.60015634160641,38.63636363636363,49.23547461720723,24.39024390243902,0.2443157503745561,0.01035996075548932,3.88022516635831e-6,1.45498213375279e-6,0.2473526909491214,0.03035692116193763,PP
2310209,231020,10720,6481,5360,84.25882381626721,84.3554949550516,3240.5,83.431738058268,83.0321267084905,666.4244788221777,795.4403273901457,-2119.5,-39.542910447761194,-0.8270857579992139,-0.9816013570314457,0.5021461935424635,0.5829,0,0.0931835469204478,84.56260528238991,12.11801316115448,34.97865937683603,65.02134062316397,93.07160220649527,31.79131973127878,70.6051503247837,29.39484967521631,36.91,97.2,9.52,2.896503002472624,71.21363834758274,9.201695513952666,15.12175321931361,16.66666666666667,0.1480929764895124,0.00871510177851242,4.802164483561553e-6,2.658338561006805e-6,0.1234089643760974,0.01225202166902613,PP
2310258,231025,4546,3192,4546,74.8606206296876,74.4004025904514,3192,71.035245956291,71.1297294550274,590.6532737105788,703.6452947279932,-1354,-29.78442586889573,-3.8253746733965954,-5.109995938077436,0.4429622172579174,0.5652,5.774259700856659E-05,3.421732276031227,81.34793658205886,16.01437997435333,55.0959030736775,44.90409692632249,96.67683645818713,29.11608920363572,59.7623565274192,40.2376434725808,45.43,98.56,25.54,15.20223152022315,73.33354070111045,13.54602510460251,9.022699866016053,11.1358574610245,0.2351702730102209,0.01654141448961823,3.594915132878624e-5,4.146979925337212e-5,0.1132122592737573,0.01362027476335183,PP
2310308,231030,3767,2201,342.4545454545454,84.32880168263662,84.23176684984381,200.0909090909091,82.8500762740781,82.79422666263292,437.4863405046803,554.1064496801288,-142.3636363636363,-41.5715423413857,-1.4787254085585175,-1.7535235637802127,0.4678032655889795,0.4741,0.202690124779783,12.77254872229718,83.38498456175894,14.35043807958901,54.88895902691807,45.11104097308193,96.71556699356701,30.64093832792681,53.01012932407466,46.98987067592534,62.84,95.77,17.59,0.0254841997961264,74.47919984710454,46.10091743119266,10.36868594621483,17.9372197309417,0.1076524069251822,0.1069828130236268,2.331749003220241e-6,3.307476104971506e-7,0.09888327483252626,0.1088978362836502,PP
2310407,231040,6446,3328,1074.333333333333,89.20649853452849,89.73947434435978,554.6666666666666,92.5409156791435,92.47706415370483,474.8520030033777,520.8867029075548,-519.6666666666664,-48.371082842072596,3.334417144615003,3.7378634958128916,0.4133057331307952,0.6245,0.08257685196038381,32.19436223124455,86.56123756330891,15.62062775175573,49.89380029579632,50.10619970420369,98.23982541197194,10.48037717460881,58.60106126386879,41.39893873613121,17.19,97.7,17.54,113.9189189189189,85.40279787747225,61.44144144144145,13.96088040569609,16.52892561983471,0.1271464454429896,0.08926783810998641,5.703312073874879e-7,3.30375977293176e-7,0.06158154975795097,0.05333835018405202,GP
2310506,231050,1079,639,1079,67.8944031493716,67.4372206571233,639,73.8536177007817,73.9988091890092,499.6715833773787,564.2326452790313,-440,-40.77849860982391,5.959214551410099,8.777180849943528,0.541145941291522,0.5948,0.3167754675690381,22.10280920403143,83.29489820287391,12.63993847249296,41.54769984737336,58.45230015262666,96.01901852105487,36.566310070176,63.63161039737078,36.36838960262922,46.36,98.06,11.03,91.6446324695928,81.16472462902101,69.63246959280804,23.4542359240367,19.8019801980198,0.2291902533469489,0.1461810474052646,1.15053863296179e-6,6.047576368873757e-7,0.2307285642458281,0.08350559917983844,GP
2310704,231070,13830,11606,987.8571428571429,85.87962459160376,86.20899325722718,829,89.24303881487111,88.77585446336127,574.0064298987342,652.5357468311588,-158.8571428571429,-16.080983369486628,3.3634142232673554,3.916428651454758,0.5135400704723293,0.5126,8.827149882284802,11.41780966563003,82.10613193031803,14.10926379197599,39.94146021723548,60.05853978276454,97.37793729423399,27.50362295578694,64.88096814342082,35.11903185657919,37.48,98.01,13.07,46.22526636225267,66.5333792336414,49.43683409436834,4.66247048973549,13.76146788990826,0.1270357334975904,0.1131057276998037,3.001698236697174e-6,1.778108293978955e-6,0.1200371376553401,0.1388339115618857,GP
2310803,231080,5253,3932,1751,84.9065008356664,84.11202592555033,1310.666666666667,79.41921936145714,79.4419575463525,490.9468915232199,698.4540877152664,-440.33333333333303,-25.14753474205214,-5.487281474209269,-6.462734207866736,0.4535455520275837,0.4873,0.4798333661795234,14.27782348026007,85.18404610155781,9.919955337996731,64.91505470634992,35.08494529365007,92.13888464444675,13.71339620933317,43.49505663589341,56.50494336410659,49.29000000000001,98.18,7.23,82.48536695182351,76.66470241602829,51.93606483565961,13.65095055854134,22.47191011235955,0.1727309342900178,0.05538443265125292,1.001859544487564e-6,7.867452186538347e-7,0.1757759315166169,0.0703236537499423,PP
2310902,231090,4966,4356,1241.5,83.68767398452646,82.90670730137127,1089,80.51237438646173,80.2130275763611,515.8837689771425,636.9367548327218,-152.5,-12.283527990334273,-3.1752995980647256,-3.7942261349644237,0.3776168283472103,0.6539,16.34089811330944,27.2784352472448,76.4133285287079,12.81923200399582,51.89020475000884,48.10979524999116,96.34570232675185,5.361659936940943,59.17273767234632,40.82726232765368,7.95,98.93,18.53,100.8771929824561,73.4300680354025,51.36116152450091,18.59644215239815,34.48275862068965,0.2276170674343583,0.0156738207456619,1.672463138019973e-6,5.906720013523479e-7,0.3239417447518766,0.0272128813122867,PP
2310951,231095,2267,1736,2267,92.8808151814968,93.1291319565097,1736,89.3794205669313,89.2646548354078,426.2500834362738,603.5712373193224,-531,-23.423026025584473,-3.5013946145654984,-3.7697716236915917,0.6559655058468533,0.6476,0.06591631772435703,3.324980060529452,70.94783752676732,23.80093233901799,66.75554685334001,33.24445314666,90.93993052711863,5.722802924361865,39.15588707393069,60.84411292606931,15.21,99.12,21.8,27.41297468354431,68.26550845057125,39.04272151898734,29.2194057007052,9.09090909090909,0.2409248415138048,0.06623640268674057,1.797112377996371e-6,1.105363313527133e-6,0.1990655778458151,0.05812714873097802,PP
2311009,231100,6232,4924,445.1428571428572,90.3739120144069,90.41492856525919,351.7142857142857,87.60148268064229,87.60303672804959,494.4063435870593,567.7720982687185,-93.4285714285715,-20.98844672657254,-2.772429333764606,-3.0677319062193975,0.4590327036603248,0.6156,0.1695814921840321,30.65607537430992,83.00738180378404,7.425820664918683,35.04950376381615,64.95049623618385,99.1032618666214,11.80210363790507,65.35433070866141,34.64566929133859,27.41,98.08,10.02,52.35269181856719,75.89722337339411,32.25943196269606,20.50913962881789,23.80952380952381,0.04118422796149105,0.1242003984073383,2.826263105955761e-7,3.375604106061566e-7,0.03267617908852124,0.1114204139411872,PP
2311264,231126,10032,8119,1003.2,86.8206472041097,86.3708296541501,811.9,81.16024120438217,81.17362204736725,484.1854360447023,557.50276619329,-191.30000000000007,-19.068979266347693,-5.66040599972753,-6.519654232040316,0.4196472262640105,0.528,0.03993645221464375,24.46682889452224,93.6710523226229,11.17364672675708,68.2088643509707,31.79113564902932,81.69659487324965,15.44672667474404,35.58315601959523,64.41684398040476,28.94,96.72,15.87,34.61855330367441,80.41961502300956,23.11748228703246,16.97993044946634,13.10043668122271,0.1352154780616414,0.04188968310347693,1.133080768903024e-6,4.905704254868628e-7,0.1495966323250029,0.04123257178457892,PP
2311306,231130,10547,7876,958.8181818181819,81.66045282820744,81.71311623941608,716,83.15994187420378,83.00568171694546,676.8467933274571,769.179422688772,-242.81818181818187,-25.32473689200721,1.4994890459963415,1.836248752074496,0.4276171154603073,0.5202,46.8232929592152,11.67448911161681,79.01740987945904,9.176509222172493,28.8160387274209,71.18396127257911,90.78661241591512,53.93528871113639,74.73163068574013,25.26836931425987,55.76,98.48,10.25,78.64291433146518,74.1484778520934,54.95396317053643,15.84864946795854,13.2013201320132,0.2776788333375124,0.04765216560393537,1.761578835544843e-6,1.104956454765372e-6,0.2224525878384512,0.07373304838415008,GP
2311405,231140,13282,10426,948.7142857142857,72.11139799875977,72.01652924790226,744.7142857142857,77.32638070703015,77.07616252736422,595.9471360010432,696.368098930121,-204,-21.50278572504141,5.214982708270384,7.231842472891838,0.4073602824746158,0.547,35.45059061527577,14.80487285688742,70.27560726459615,7.153315946088663,39.64490754865967,60.35509245134035,93.3186250320984,43.7735417350477,66.9133334146074,33.08666658539261,68.13,97.89,11.67,55.48324113244386,62.70008655686542,40.32704197852262,12.78759778494748,21.95791399817017,0.2548324131744584,0.02929827696933667,1.226583679272572e-6,1.067305628562881e-6,0.2510496504107883,0.0435384932676127,GP
2311504,231150,782,650,391,85.112001548291,85.08508056814955,325,87.39756621863106,87.3624995101638,555.7448613447284,683.2742671260722,-66,-16.879795396419436,2.285564670340051,2.685361204956816,0.5559181208025429,0.6004,101.4279557091547,9.89736646947198,88.94780643703002,32.33622975330342,38.56027213528076,61.43972786471925,95.63338119079353,2.97346912534731,70.29242569511027,29.70757430488974,26.63,98.37,18.59,216.6666666666667,83.33652924256951,19.21424186617557,7.035885323308549,7.518796992481203,0.09641245249651806,0.1478060098973506,2.986073266431338e-5,3.294767077877138e-5,0.09256627068786669,0.0737392325818599,GP
2311603,231160,12636,8465,4212,95.59976383440213,95.6341487110742,2821.666666666667,94.08735182673223,93.89201533382332,567.5941901207395,604.1145434185773,-1390.333333333333,-33.00886356441911,-1.5124120076698944,-1.582024836682331,0.2866632683845201,0.5673,0.0378728170092737,10.03923802128359,75.89666516090132,25.12905815240233,41.96699481239342,58.03300518760658,96.45878838972506,18.35950772100355,62.4397778676768,37.5602221323232,25.22,97.82,24.82,64.281269446173,79.75800816446619,10.80688653806264,11.80872135987528,19.49860724233983,0.1006465422312973,0.004622878101911695,5.990254450815041e-6,2.68726223808725e-6,0.08688728495214779,0.02656079262096136,PP
2311702,231170,7589,5613,1897.25,93.6352215305514,93.5670771035019,1403.25,92.13095164432765,92.0434438541423,583.8000727089611,621.9555260500111,-494,-26.0376861246541,-1.504269886223753,-1.606521415376732,0.4533263939782325,0.6041,0.04436678072415772,5.423762484529743,78.116771496042,18.3466040590867,45.52414825213099,54.47585174786901,97.65490236398894,5.913570276541606,58.98290506397161,41.01709493602839,4.69,98.88,12.36,13.21438528017842,76.7175572519084,47.64427097853359,17.10247290762864,17.69911504424779,0.1556373937401472,0.121549014613907,3.307325614250569e-6,1.889028610120025e-6,0.1252797437544527,0.1461597010468615,PP
2311801,231180,5831,4059,728.875,84.61286640011032,84.10238145785412,507.375,83.33834168436739,83.25640223133418,688.9009970644009,781.13926767892,-221.5,-30.389298576573488,-1.2745247157429276,-1.506301310862181,0.3558331116475104,0.5159,0.4028529475224247,9.533022270382348,63.08590826885816,8.636053634476976,35.7456413418824,64.2543586581176,95.1674184198868,28.61726954182415,68.82927900719345,31.17072099280654,65.52,96.87,11.63,3.375928164393024,64.17549832518807,9.696080124330859,13.31504763877524,12.11453744493392,0.1285428639990364,0.1348333357792569,1.670599755700512e-5,1.481589994672975e-5,0.1422830854308936,0.1244976997520319,PP
2311900,231190,2892,2489,578.4,81.63212052190194,80.99538529321526,497.8,79.05403813817242,78.85210620212786,495.6622438590904,559.2741796661643,-80.59999999999997,-13.934993084370673,-2.578082383729523,-3.1581715227375753,0.4360172637989251,0.6284,0.02120918826694143,25.73000393029123,88.84598495669006,14.2261195290626,46.33252759699457,53.66747240300544,99.4603548256146,9.16863504420116,54.71438900939985,45.28561099060015,16.85,94.81,32.39,0.3684807256235827,88.43094721619667,15.50453514739229,4.405388693567846,13.79310344827586,0.09999764859426268,0.04648228022826497,6.232101939285738e-7,3.441749099293298e-7,0.1188201954358401,0.05882327058602838,PP
2311959,231195,1339,549,1339,79.3442136438087,77.6136624735388,549,71.6717359959462,71.0605854325164,409.3511257422984,580.5577268708753,-790,-58.999253174010455,-7.672477647862507,-9.66986412179434,0.2819190156137988,0.6215,74.27974548094249,39.95854396538246,106.171133186983,16.35408279722682,59.34693354465928,40.65306645534072,85.15748768169028,11.76310510960406,46.10753206093082,53.89246793906918,9.89,95.04,16.38,132.5371679259079,97.27858390029502,61.73531562271508,25.07787612537657,15.92356687898089,0.101465088083204,0.03998758570955184,3.502174027302491e-7,3.588726645470099e-7,0.1508082092181884,0.07238794042473042,PP
2312007,231200,15090,14931,1509,85.17780018724184,84.98718584171998,1493.1,85.19954713250574,84.9257727094338,548.2315203325985,536.0324527966687,-15.900000000000091,-1.0536779324055727,0.02174694526389942,0.025531236092144034,0.3954688461505466,0.6287,1.23884613739995,24.23576075158047,89.2284925756308,14.19729719686735,48.57528149914403,51.42471850085599,87.55058812228808,36.24119941056541,48.15516846955783,51.84483153044217,41.79,97.76,18.45,20.46166529266282,82.30007516585509,46.11706512778236,26.41760122454989,16.30434782608696,0.267789252418459,0.1447245169336996,6.916187722133509e-6,4.26951901948394e-6,0.2126539286568926,0.07228655178095904,GP
2312106,231210,7532,7743,941.5,88.6782083464872,88.57872586585495,967.875,87.48569849103376,87.24439076679836,501.8945976868957,523.0602120234231,26.375,2.8013807753584707,-1.1925098554534372,-1.3447608805920086,0.4650618955546542,0.5965,0.2847846399081208,33.31617504962305,91.13396849606926,22.1647055475505,48.57117735420631,51.42882264579369,87.3535913209804,22.00713755168353,43.58838115479986,56.41161884520014,22.5,98.36,18.46,1.07928601079286,88.39886645412682,52.61519302615193,31.54947361832222,8.695652173913043,0.1815469891120381,0.01787151689326304,9.090025301797411e-7,5.477544107344538e-7,0.136156073288537,0.02269267888142284,PG
2312205,231220,18281,12481,468.7435897435897,82.8466846293036,82.96424163158261,320.025641025641,84.14037587392106,84.04798175382322,535.9582870637557,619.4323355411956,-148.71794871794873,-31.726929599037256,1.293691244617463,1.5615486007751156,0.3597676668839109,0.6201,22.24292915655014,23.83619257460817,95.81194759687851,19.05348582836309,47.88716476824937,52.11283523175064,91.88558001940149,23.67245020633136,64.71115537848605,35.28884462151395,34.03,97.61,16.45,87.8783490224475,87.4203187250996,57.5524981897176,19.07053927239218,13.24503311258278,0.09749745713871577,0.1077290089881807,1.047942309731996e-6,4.797266268886275e-7,0.0933535286790933,0.07369943470306434,GP
2312403,231240,11142,10078,1392.75,91.22848131673463,91.14641179276938,1259.75,91.41358731535315,90.99178228319937,627.8886850793633,770.6291756714539,-133,-9.549452521988872,0.18510599861852484,0.2029037378972236,0.4743232476717913,0.6452,0.001085621246810121,2.469607468566894,84.6502237179525,7.855172998170299,35.31546225005995,64.68453774994003,91.79899683103619,26.15764781368885,74.24578527063,25.75421472937001,57.29,92.02,0.67,19.58963606410064,70.83703046435966,6.380110828216265,12.96967913919398,8.443908323281061,0.09442416385709981,0.06159000499049865,6.687258839114499e-6,1.543883729899018e-5,0.06953296601806926,0.03129270559855305,GP
2312601,231260,1418,1024,1418,97.4176971619999,97.4086494361171,1024,97.5653752734324,97.366266279988,556.4035773730295,584.7133808631601,-394,-27.785613540197463,0.14767811143249787,0.15159269386846402,0.5151974531611923,0.4286,0.005804052521564774,20.76442554521597,93.38649717086363,7.982863613999595,35.45614682027891,64.54385317972108,97.83387107571754,4.371448768478053,70.83796811271783,29.16203188728216,52.91,98.84,12.18,3.870162297128589,88.87652947719688,48.75156054931336,17.99741716624379,27.02702702702703,0.27808329654138503,0.07837622268953949,3.133505467293322e-5,1.35297057693379e-5,0.185048734356325,0.0473453764785659,GP
2312700,231270,5687,4165,947.8333333333334,76.09608875445973,75.3251313247936,694.1666666666666,76.72485559718655,76.05669000635197,591.2429994723724,665.626412516512,-253.66666666666674,-26.762792333391953,0.6287668427268187,0.8262801058746516,0.4821531972200485,0.5879,0.3950166530680976,25.42483577316992,83.11739716619637,11.28132182812443,40.69708025517932,59.30291974482068,96.1841971140588,36.808109622173,61.44961016459717,38.55038983540283,51.76,99.59,13.86,65.31256162492605,72.82290334557156,48.66890159731808,38.10039776331129,11.2781954887218,0.2305044112973978,0.04771074427024528,1.881305593325024e-6,1.432205387370548e-6,0.3146449537260267,0.04176299742968854,GP
2312809,231280,2972,2875,594.4,93.65074896563642,93.18069860018915,575,91.03954293685219,90.98493722603155,478.5755669110376,583.6027822255539,-19.399999999999977,-3.263795423956928,-2.6112060287842382,-2.788238276388346,0.4422048659448808,0.6778,0.1880541417110325,41.57753646404807,84.64078769859954,10.16386293450513,26.17322584037477,73.82677415962524,93.92795922544109,7.920273725377386,74.70012408658486,25.29987591341514,42.71,98.94,12.64,85.88957055214725,81.35943747414863,25.64417177914111,8.922893848793416,10.75268817204301,0.07690235336117746,0.06802251951928395,3.527997712040669e-7,3.078176114234409e-7,0.07037201624986979,0.08888132260725742,PP
2312908,231290,15658,14948,978.625,82.55030727607,83.54523724742506,934.25,84.927805799368,84.71231861469134,924.6490471963814,960.7767743940055,-44.375,-4.5344232979946355,2.3774985232980015,2.8800601739094915,0.6140269748651663,0.7067,18.25943795731231,8.662642352245523,61.36225854282852,1.257183270753643,12.01656169048104,87.98343830951895,94.76389007297676,75.19588262315203,88.21926375982845,11.78073624017155,82.67,98.73,1.07,35.63444513994456,59.14244301485188,33.38102476973978,14.05030553678083,14.76945244956772,0.1863559815097437,0.0433266375497292,6.408140931566304e-6,5.690748323826832e-6,0.1680201137255266,0.07359131571496667,GP
2313005,231300,2317,2200,579.25,78.41195978095375,78.00983097630473,550,75.92855514981292,75.52752220695021,532.7390174746847,880.9264730559196,-29.25,-5.049633146309883,-2.4834046311408287,-3.1671248086112076,0.502008498006052,0.6247,32.5480924222467,17.83141661688079,75.38665866397794,16.26259737045359,48.46137269958351,51.53862730041649,92.06850315898787,13.0286080269314,49.41118203830068,50.58881796169932,49.53,98.33,22.32,55.77525922353509,67.6040061633282,45.69568362671811,9.272667772467763,11.83431952662722,0.1884378005365135,0.06178736018845873,9.448962104373901e-7,6.344050017402292e-7,0.2300202692595953,0.03677528857352866,PP
2313104,231310,840,521,280,81.9050650641608,83.40570492608553,173.6666666666667,88.03461928412659,88.06412313464116,707.8055616672272,725.2150026852929,-106.33333333333329,-37.97619047619046,6.129554219965797,7.483730359244787,0.4274407802068552,0.4237,0.01064707006068772,11.09190603672863,75.69444789642445,16.2820937401229,39.11489822870875,60.88510177129125,91.24705857917733,21.94474967661845,65.34656697900682,34.65343302099318,46.84999999999999,97.93,13.12,100.9143244158483,71.00133860067257,9.718929901794784,14.65130745108669,25.5591054313099,0.2278784368358542,0.118172395606036,7.547722595785092e-6,9.910278785901535e-6,0.2093242142797649,0.1637378478600145,GP
2313203,231320,7497,5421,833,86.30917485303264,86.62083375512574,602.3333333333334,85.32667276222158,85.0997789571129,482.4065418887836,564.1336497849245,-230.66666666666663,-27.691076430572224,-0.9825020908110673,-1.138351852493171,0.312200396153122,0.4649,105.1170653906049,21.89466858498226,87.88953948849999,11.39092874400589,44.0831348778346,55.9168651221654,93.97209507141004,11.88175315202058,56.90378256310993,43.09621743689007,30.94,99.88,25.82,137.3222748815166,85.59561254939915,57.760663507109,13.14743462818796,20.34883720930233,0.1471165351874118,0.1239225299593006,6.199166308223703e-7,3.134138718430247e-7,0.1063324722555791,0.1198520934443161,PP
2313252,231325,3812,2429,1270.666666666667,89.16008164633114,88.95727418570563,809.6666666666666,78.88304527479667,78.66786233096843,493.3049734802502,607.3482703027381,-461.00000000000034,-36.28016789087095,-10.277036371534464,-11.52649950714503,0.3440990465431088,0.483,0.08188147045896639,12.48935462834264,90.62000874523615,16.66150183905103,70.41132938617338,29.58867061382663,94.95597076120703,2.502573693838471,41.49587436784669,58.50412563215331,76.44,98.05,23.07,2.991993257479983,89.96539792387543,27.9393173198483,40.11971685394903,12.82051282051282,0.1005768172829608,0.02162001552873898,5.959341347663436e-7,4.496462322055292e-7,0.1739487847676368,0.01140069738004106,PP
2313302,231330,3782,2627,945.5,84.1514328461419,83.81806205704424,656.75,77.62877097620188,77.6243498920557,610.423431167644,716.2459681013581,-288.75,-30.539397144368056,-6.522661869940023,-7.751100188472987,0.3815299588054732,0.5888,18.78382507550118,10.29887593956427,78.55131370515754,9.733962105441101,42.16572241297585,57.83427758702415,92.6473790693956,33.47446399829116,64.2560564945892,35.7439435054108,45.07,98.22,15.14,32.44497936726273,54.91875633439043,15.90440165061898,14.8751071338986,15.58073654390935,0.1262658629590398,0.1655158669548224,6.428426285254186e-7,4.37759503272387e-7,0.1190503847096333,0.2041095745505288,PP
2313351,231335,8691,7442,1241.571428571429,86.780790495975765,87.02291880130697,1063.142857142857,91.32414307253894,91.29352846176165,464.4114452705317,499.3339883484273,-178.4285714285718,-14.371188585893476,4.54335257656318,5.235435803933897,0.4854423899490554,0.6219,0.03009802047895847,17.06339773388779,84.37501873122675,8.057070765941486,61.76080712201394,38.23919287798607,91.1877806165946,3.10483839280119,37.62862488306829,62.37137511693172,48.29,84.57,9.15,24.54160789844852,92.41697848456502,55.77271811404393,7.709154665562219,4.464285714285714,0.1008229160347214,0.05666799305185185,5.915754525793309e-7,4.135518373994324e-7,0.09200679253612733,0.05499711772674647,GP
2313401,231340,23052,23976,2561.333333333333,95.52149479697995,95.14381363475695,2664,88.64998286119467,88.37447632130234,703.9668812089247,813.5400962468527,102.66666666666697,4.008328995314953,-6.8715119357852785,-7.193681328364778,0.4726305467552387,0.5641,42.96173252406849,10.84833593615072,83.44730195056766,19.63016667669566,33.71426653613491,66.28573346386509,92.00382404602979,40.07744686654886,67.18446840386079,32.8155315961392,62.43,94.22,22.57,71.15993297337553,74.97605422796376,24.01787376652393,18.94995350846315,14.73839351510685,0.1182900064029381,0.04544496524771594,2.403586536567488e-5,1.394807575818764e-5,0.08037455187122193,0.03965144558980282,PG
2313500,231350,10966,9050,2741.5,85.29843012172458,84.70540973175127,2262.5,83.04468740661588,82.41184047419254,498.9124355575458,614.492945451829,-479,-17.472186759073498,-2.2537427151087,-2.6421854562768754,0.4854568929918008,0.6,0.06799250860584728,3.786449461275503,81.08547738958434,16.02824394778725,63.36891580515189,36.63108419484811,89.91665489726984,6.476205564538421,44.65934593048156,55.34065406951845,17.09,96.62,6.93,3.633812697299193,79.81258458533911,8.600491055769906,25.70354988099797,13.39829476248477,0.08458757800768166,0.02678073714541812,6.6170092528931e-6,3.413756038358975e-6,0.1149231182083738,0.02940596981649705,PP
2313559,231355,7801,4943,3900.5,88.31357078752106,87.71406312573424,2471.5,89.08806700019525,89.0627227199241,498.7210401577818,557.9497749555646,-1429,-36.636328675810795,0.7744962126741939,0.8769843703156347,0.4689041038724192,0.4651,0.0468384655224485,13.59663474228608,97.14723801422184,6.332021372933192,63.10131252299385,36.89868747700615,87.22275129203472,1.83158187779067,62.72143274284602,37.27856725715398,15.5,96.56,12.97,0.9745910198398886,89.22198429693077,30.73442394709363,12.14736192986642,24.09638554216868,0.1777974866608854,0.03971733033099383,7.38008793693172e-6,2.825632519027418e-6,0.1153896870267437,0.03272101216771715,GP
2313609,231360,23203,19242,3867.166666666667,95.01002128165979,94.15504357147505,3207,85.32821039634491,85.0549973175096,658.9379322993063,773.5655684021789,-660.166666666667,-17.07106839632807,-9.681810885314874,-10.190304932795334,0.5446334880378608,0.6727,0.4086621144350637,8.802418164606658,72.36373584583225,25.93212472600089,51.52695096904566,48.47304903095434,91.83736762223941,8.642799534898764,47.19499160177126,52.80500839822874,36.81,96.98,28.21,31.94181818181818,78.10047335471064,20.88727272727273,17.9347421346196,13.10043668122271,0.1967983449810367,0.05009359841332431,2.083383910275617e-5,1.790672861158196e-5,0.1150506188427338,0.08973948269733237,PP
2313757,231375,12295,8741,3073.75,87.21645597289626,86.564012357678,2185.25,87.25219189593167,86.93501302438543,489.2698233122923,553.9743384962446,-888.5,-28.90605937372916,0.03573592303541773,0.04097383072584739,0.3937793340863309,0.5014,0.06813523584186547,22.23646682637336,76.12425591887342,9.020156907693229,41.09604052176424,58.90395947823578,97.30752661563318,7.238191060935481,59.4577553593947,40.5422446406053,54.81999999999999,99,20.73,16.81600955794504,76.92880889602202,41.42771804062127,18.82999654830026,16.26016260162602,0.221191056208421,0.04376389244803606,2.172803540160749e-5,3.159223748907815e-6,0.2694947166623934,0.05559248936614945,GP
2313807,231380,5383,4766,5383,99.8371973436625,99.8396676783181,4766,99.7400124379526,99.71198832261,553.1383587214976,631.5477723049157,-617,-11.462010031580903,-0.09718490570989502,-0.09734338332371482,0.3809578128517221,0.5542,0.4785875579296936,2.480542444843615,87.13972609099831,17.94608382479698,26.68825915287308,73.31174084712693,95.57025460139957,19.59685257343819,75.18204785257839,24.81795214742161,34.05,99.32,19.89,3.391384051329056,83.07821865557041,28.27681026581118,24.62699330383771,12.86173633440514,0.234501912670655,0.03299937284214247,3.900000380308315e-5,8.421904326179214e-6,0.1612328336542774,0.03392323223197614,PP
2313906,231390,6688,7235,836,94.84409974401119,94.30629766131025,904.375,91.47985989853944,91.2131455418491,428.5604985778082,652.8244042777142,68.375,8.178827751196172,-3.3642398454717437,-3.547126130726096,0.5024607797699047,0.6818,0.3709917682833772,20.52707801614377,82.91150380865793,11.47364505688256,40.51051120512016,59.48948879487983,79.96098056516729,24.78983955017698,58.18353831598865,41.81646168401135,22.41,97.64,8.86,54.71993732863298,77.45433374572448,14.76694085389738,16.76963145211239,5.780346820809248,0.104810663816471,0.1083484048153763,3.842747029367449e-7,4.777049143972042e-7,0.05724243357802267,0.1191736671760881,PG
2313955,231395,1563,2104,1563,82.1405351126091,82.0028813832964,2104,83.4922754441325,83.6923871615248,608.9930973026097,645.3504889078249,541,34.6129238643634,1.351740331523402,1.6456434447015202,0.4677343799088359,0.6262,5.764557586406124,6.854649811029162,78.26987856861429,24.1911262440206,18.38982742785618,81.61017257214381,99.32612001958644,25.14321665264067,75.04560782796175,24.95439217203826,27.59,99.35,42.83,12.73445212240869,73.75200398031953,25.3208292201382,18.59243154166737,3.861003861003861,0.2115058717890686,0.1084779543252353,2.132729535545541e-5,2.581517709056718e-5,0.221194324371265,0.09770546843393302,GG
2314003,231400,5532,6513,1844,83.3665968965789,83.7083300054796,2171,77.29561494131447,76.985745369124,551.2136853155864,729.645328335496,327,17.733188720173533,-6.070981955264429,-7.282271534720117,0.4225671362216368,0.5283,105.3748882357571,10.54564046094484,80.50863441092677,10.15111033053738,37.87740662407793,62.12259337592207,93.60085134852659,18.41445292652662,61.38702805369473,38.61297194630528,42,97.83,14.84,142.8709588284056,76.61507661507662,11.70212765957447,13.2691192737111,14.85148514851485,0.2638937364724231,0.03969731625464282,2.723030753742192e-6,1.991877927518764e-6,0.3562258344734033,0.02893489026248003,PG
2314102,231410,34671,34066,2889.25,98.41862729140595,98.09431449218867,2838.833333333333,95.8655110667692,95.81606514755333,479.0911573303561,538.6737374714974,-50.41666666666697,-1.7449741859190782,-2.553116224636753,-2.5941392345142926,0.4464776027829098,0.6636,7.888754496358804,6.577590501397196,89.44849429480253,19.43750296101577,67.25604963393621,32.74395036606379,88.43097045638662,9.685555617786529,31.43718592964824,68.56281407035176,23.01,95.15,23.09,41.8475014931316,83.05192629815745,4.870927068816776,18.02289014603412,10.36866359447005,0.1029122692539419,0.07105805368141052,4.358281871150612e-6,2.552856104781495e-6,0.06993800142153957,0.09523472533996877,PP
2400109,240010,176,131,176,85.3845608841545,86.3306184356105,131,80.867142545261,81.0037327862612,829.6924250143533,867.9940991718497,-45,-25.568181818181817,-4.517418338893492,-5.29067350363551,0.280331391216347,0.7012,3.847205074362932E-08,21.462529465044,67.81488712578127,12.68538027747421,19.32903349585172,80.67096650414827,98.12533753009,82.23394003197014,87.05949223190602,12.94050776809398,87.92,99.03,13.13,38.1903642773208,68.79499810534293,32.07990599294947,6.762070313711759e-8,0,0.2396606119888347,0.08365816588433277,1.908036976592383e-6,1.015562046463113e-6,0.1964800521592701,0.06303080073269385,PP
2400208,240020,1325,1424,662.5,73.98347889047301,73.73539392273454,712,73.43989955478375,73.12210583492356,864.4676227586885,853.3600916278716,49.5,7.471698113207548,-0.5435793356892589,-0.7347307045320041,0.4579000194658351,0.6305,2.871447127201313,14.91044438911779,68.78276324636713,3.110003757287346,26.05444823030265,73.94555176969736,96.84999733871348,13.6300150076069,75.81965760465033,24.18034239534966,27.82,99.66,2.56,144,71.52908233792932,14.01612903225807,14.90684248463374,11.7056856187291,0.137381255638984,0.07188777331678795,5.146526343765094e-6,5.319608459037719e-6,0.08738832928105977,0.1857130617555777,PG
2400307,240030,1068,862,1068,76.0500399442727,76.064214652861,862,72.0187865566934,72.1323510243164,569.5599337156235,711.0163073522308,-206,-19.288389513108616,-4.031253387579298,-5.300790624874471,0.4211006455384186,0.5429,2.045335522742255E-06,43.64717220053721,75.82075370493884,6.089988436945666,46.89226037536619,53.10773962463381,95.18002209742687,51.81997204574382,53.26187396045093,46.73812603954907,52.82000000000001,98.45,6.73,57.66423357664233,80.83533542783219,50.65693430656935,7.299365056826645,17.0940170940171,0.07219502108902856,0.142631381797,4.664918331781211e-6,7.914489027538247e-6,0.1314141514419692,0.2021819994091407,PP
2400406,240040,1788,1388,1788,79.9575960112443,79.1002040939884,1388,79.7461477177705,79.5971549996442,594.7512862489875,671.7848925742762,-400,-22.371364653243848,-0.21144829347380778,-0.26445053881318814,0.5073999985200922,0.7022,0,41.60583929672837,78.05369133823231,6.340000029589833,35.97315449753179,64.0268455024682,60.62000028059421,7.070000074710038,65.34283774609641,34.6571622539036,13.02,97.42,3.43,135.6828193832599,83.29938900203666,59.25110132158591,1.638035746147942e-7,0,0.2786493722170797,0.1019495311425645,2.012201358499424e-6,1.482746262579475e-6,0.2586779248127015,0.02853065347198913,PP
2400505,240050,1260,305,1260,67.1847183951694,66.7227449551072,305,71.1601928148727,71.2057647443993,623.6034706317638,683.5545112849206,-955,-75.79365079365078,3.9754744197033034,5.91723015987091,0.2879999975495975,0.5301,0.08347396632350615,23.2888105555164,71.91827947010538,6.160000472603564,31.96862156398445,68.03137843601554,92.30000430563321,57.24997667035167,72.90426860627434,27.09573139372566,80.62,97.31,4.8,171.3993871297242,72.65447064873999,15.21961184882533,15.70681005054447,7.299270072992701,0.299366550432246,0.1061860972969313,1.934117062042834e-6,9.186074019549854e-7,0.3030280315206761,0.09532756824921271,GP
2400604,240060,1455,1036,1455,87.7273671164596,88.0532186087287,1036,86.3256334076918,86.1947528643273,624.943804567355,737.9355303194878,-419,-28.797250859106526,-1.4017337087678072,-1.5978294514492626,0.2988999963419943,0.5641,5.016813696097901E-10,37.40647372293575,87.538481017427,9.419996995494584,28.57729285959931,71.4227071404007,92.75000204401081,12.61001291618989,71.68764668231277,28.31235331768722,44.94,97.89,5.59,132.03125,88.56411350544057,50.44642857142857,4.841387720521384e-6,22.22222222222222,0.3885820838601001,0.04769029293307583,3.250131443266852e-6,1.590832962381502e-6,0.2253085759078754,0.08787034460407142,PP
2400802,240080,155,63,155,71.7676324245994,74.0783950260555,63,72.450174869291,72.532110607698,752.229829239989,779.584405434605,-92,-59.354838709677416,0.682542444691606,0.951044951090869,0.3827007506856642,0.7006,1.865424555265374E-06,43.59601415758675,68.89780124789037,4.749996769273186,12.67657931785137,87.32342068214862,98.66000122623144,38.29005881128661,88.32788577326681,11.67211422673318,35.18,99.5,3.87,42.06730769230769,73.27541716841563,54.92788461538461,7.092280748295797,7.692307692307693,0.1430073724734702,0.127257111899543,8.547667597828243e-7,4.070987704525994e-7,0.1237375514175234,0.07089130549962276,GP
2400901,240090,1349,621,1349,84.9758103330007,84.9413329403015,621,80.9317153016401,80.8475701986951,529.8890717660494,634.3916271316972,-728,-53.96590066716086,-4.044095031360598,-4.759113229415193,0.2308695153828542,0.4196,4.639192012994925E-09,33.2961108012302,87.69262773289873,6.119430494404955,45.21704660578875,54.78295339421124,98.36229493008759,24.79302111086285,55.32917743652121,44.67082256347879,41.28,99.47,5.6,59.18750000000001,89.4024631290862,37.3125,29.09368902794424,0,0.2054022926678815,0.0375707872948488,1.156954957780351e-6,1.524666428827934e-6,0.1768271555280497,0.05697763900348268,PP
2401008,240100,1566,1273,391.5,91.35855196125834,91.62430903980808,318.25,84.76399750845209,84.81235302565628,650.7067365476499,746.5327581322788,-73.25,-18.71008939974457,-6.59455445280625,-7.218321997488257,0.4534000153114244,0.5254,3.001970521464888E-09,19.42899723754953,86.59495047178578,7.259993514040013,49.56991980796209,50.43008019203791,97.92999490791051,10.2899923564188,59.55876231441653,40.44123768558346,33.8,99.76,10.07,77.61859710771726,77.9214652421257,38.0727125287201,21.84462791814209,21.22015915119363,0.1287968779129804,0.1730587262112448,5.238147710679312e-6,8.369589631610812e-6,0.1144875071677292,0.1780336557671184,PP
2401107,240110,805,868,805,76.86775015663,77.1576394360646,868,76.047391651827,76.0424093035684,931.7377589596239,920.5634475138638,63,7.82608695652174,-0.8203585048029964,-1.0672336618821137,0.3934438471796378,0.4549,0.4220782534923563,16.54357019207262,59.54367253004924,1.095992767957926,19.95369743447888,80.04630256552112,96.80377954050788,28.94241124993077,82.00556871545527,17.99443128454474,75.15,99.01,2.12,3.327787021630615,60.83198271204754,19.50083194675541,20.1435098551618,10.06711409395973,0.05709638810867595,0.07747022688356572,1.722365545741293e-6,1.730240145601956e-6,0.01480672827544436,0.02423433920416897,PG
2401453,240145,1898,1805,632.6666666666666,85.34198226808924,85.3259047932218,601.6666666666666,80.29154714396617,80.2269978797821,603.832976540435,701.2742788069809,-31,-4.899894625922023,-5.050435124123069,-5.917878856220931,0.3317004597949461,0.5327,1.412385696319791E-06,25.05104505158793,78.16962454230581,42.26989831950625,37.1019042167774,62.89809578322259,94.74000547127717,9.680140768853795,69.26656738644826,30.73343261355175,13.34,98.28,11.41,9.708485163977096,77.76619508562919,38.62571577303488,9.237901329007823,15.38461538461539,0.09284668387290193,0.1501904809131926,8.205455024354267e-6,9.580368289523381e-6,0.06048572368289731,0.03141813273255535,PP
2401602,240160,385,375,385,77.6227757523065,77.4343162155204,375,71.5326884050556,71.5777564420592,582.2347506809605,627.13610919778,-10,-2.5974025974025974,-6.0900873472509005,-7.845747962794205,0.2951000005336369,0.5747,139.2405057593539,88.88888866923548,95.46254637455473,10.28999997943396,59.57363576200252,40.4263642379975,97.44999997040011,13.7800000298097,41.58957106812448,58.41042893187552,17.77,97.77,6.32,69.35201401050787,95.60555088309503,60.59544658493871,14.92537315949068,20.83333333333333,0.2079471251627021,0.04823108226901353,1.115137779013265e-6,4.850127636860294e-7,0.1508608292598874,0.01704695743628496,PP
2401651,240165,738,333,369,86.12305101680934,87.2699979451413,166.5,79.26206804795291,79.1148236116702,627.0527191179528,643.3945382272262,-202.5,-54.87804878048781,-6.860982968856433,-7.966488515969225,0.4831999596601134,0.4748,2.701097978317408E-08,45.84836355893616,119.1340038645844,12.45999905828734,42.55670574812002,57.44329425187998,94.01999997212239,40.56999063049031,59.32350390286209,40.6764960971379,10.33,99.15,1.44,121.1091234347048,121.5958369470945,60.46511627906976,43.47825168101443,27.77777777777778,0.08455984095113755,0.1128594099272256,3.082330684083453e-7,3.390417559605149e-7,0.1073954251614878,0.07536521063964059,PP
2401859,240185,78,229,78,93.9457698758759,93.9461964285253,229,91.3165368871657,91.2952773333856,565.543855383392,679.6857805100419,151,193.5897435897436,-2.6292329887102,-2.7986709696285685,0.4818883837853966,0.6303,9.612509162711284,146.6109059816262,84.36335854782057,23.57670470004943,8.047632136215613,91.95236786378439,95.5698700217036,38.4504141915355,89.87442378000317,10.12557621999682,30.97,97.81,15.39,20.3448275862069,70.72007629947544,56.89655172413794,13.95802194540982,10.20408163265306,0.07289595802880955,0.03552575283199004,1.577182594045715e-6,3.105923805393308e-6,0.03291291519810344,0.01330881680026006,PG
2401909,240190,276,215,276,90.4633524982086,89.7122625462754,215,80.3560143088037,79.692928026472,587.8314449883126,684.9735075002634,-61,-22.10144927536232,-10.1073381894049,-11.172853879812878,0.5658999988865926,0.6566,2.228311230647918E-07,27.91878183680775,80.65296250975892,5.809999994064172,23.63966155426352,76.3603384457365,97.6999999928446,58.51999982834123,80.75275397796817,19.24724602203182,45.81,99.65,3.49,280.0687285223368,101.2851897184823,41.23711340206185,38.46153832877181,0,0.09197010179994239,0.03467126881885759,3.486958153342632e-7,3.086992668545805e-7,0.0740870264538561,0.09032777855827284,PP
2402006,240200,176,130,176,78.4970569392664,81.1651254503179,130,73.983546254552,74.1576893017181,1075.093812881594,1143.504053520445,-46,-26.136363636363637,-4.513510684714404,-5.74991071092835,0.4029000071347176,0.7131,0.1355963784595929,11.32203660203066,57.07314963316323,3.240000595369853,8.368816510314394,91.63118348968563,96.2800000575602,76.83999663720793,93.55264460355693,6.447355396443067,88.56,98.76,4.48,57.72884283246977,55.97386742336754,16.79620034542314,20.18842683167325,15.51724137931035,0.2633597038227564,0.03684618607684943,4.717732955860252e-6,2.425558297649267e-6,0.3640627521302484,0.1052970938760466,PP
2402105,240210,1540,993,1540,82.4305873087662,82.2453767333253,993,80.4823079334453,80.4290871952171,601.431798055704,646.7089414438344,-547,-35.51948051948052,-1.948279375320908,-2.3635393595135956,0.4963000032671622,0.6009,56.1102654885998,13.33830821512297,75.26787507025219,5.290000137025366,49.37657680059918,50.62342319940081,98.82999942190615,45.58000484194325,57.15685314000196,42.84314685999804,71.57000000000001,99.55,2.35,169.7622252131,84.39306358381504,18.25930910722297,32.25805689162247,45.04504504504504,0.2500276042682621,0.08652742022869699,1.199759117872747e-6,7.608865419791424e-7,0.2009150348451265,0.01785911420845569,PP
2402402,240240,1119,491,559.5,81.34575228349556,82.53571518649696,245.5,79.03867173950265,79.49392113595195,775.9606319212168,835.6506793740731,-314,-56.12153708668453,-2.3070805439929103,-2.836141383206557,0.4621560819756153,0.72,3.749844578660052E-05,29.52439451293593,73.04060489177837,4.109992326233955,18.8586464209296,81.14135357907041,95.51363562822608,16.91970712595578,82.45922208281054,17.54077791718946,77.35,98.97,3.65,68.90756302521008,70.31367628607276,23.16926770708283,11.0874540342293,0,0.1519808736190173,0.02354398514985252,2.132737427026875e-6,1.788728802750866e-6,0.1759695359279718,0.06597887319751919,PP
2402501,240250,379,212,379,83.6432133037054,83.7517152671043,212,81.3011645499378,79.9856824646524,630.8533071960646,658.5065579779723,-167,-44.06332453825858,-2.3420487537675996,-2.800046365105209,0.2980939551389923,0.5373,0.07063594326195602,49.64790502338813,83.32869697293118,7.091310717705068,51.28327468731759,48.71672531268244,94.32798708511544,45.08521569003436,51.87674490745528,48.12325509254472,53.71,99.1,5.95,53.74592833876222,86.40264708923586,40.4839460214053,14.30373816886908,12.98701298701299,0.1070244758561633,0.03088038057732229,6.726360118089733e-6,6.05211116989319e-6,0.08994677930087674,0.0328356587951402,PP
2402709,240270,3101,2250,775.25,86.83909839048252,85.11065669332615,562.5,77.22786519382433,77.0926028949594,604.9430685529705,698.3572557283585,-212.75,-27.44276039987101,-9.61123319665819,-11.067863870995202,0.3790000071782695,0.7047,0.06068832975354062,9.526704639669902,71.5646772678983,10.42999944169242,56.55917754820588,43.44082245179413,94.73999948227808,4.750003255373283,47.6372575798962,52.36274242010379,37.13,99,17.77,20.50754458161866,69.33442593098424,13.64883401920439,17.4418591255939,0,0.1782110502687601,0.04752457036321237,6.279707946682808e-7,4.611705080427888e-7,0.1162035932766723,0.0764178118625298,PP
2402808,240280,4584,2550,1528,88.24437513132503,87.4398594373246,850,84.24187524156844,84.1130246436478,603.2160899703036,561.0488739480354,-678,-44.3717277486911,-4.002499889756592,-4.53569973587561,0.5242000089153248,0.6299,2.985182390090702E-06,8.381848380393672,86.47548326873567,8.089999554046507,57.94634132142581,42.05365867857423,97.34000009245239,20.22000800192643,57.00605823724839,42.99394176275161,48.11,99.05,7.58,99.27963326784544,88.76294703928083,11.39489194499018,3.387198354384293e-6,31.74603174603174,0.1446598724625539,0.06041193140966941,6.353734844043737e-7,4.140976834087161e-7,0.1464069942529697,0.04623378765883256,PP
2402907,240290,1817,1679,1817,76.9347239545481,76.8446598205906,1679,74.4758948467752,74.0784496007303,529.6334406461486,667.6536535840828,-138,-7.59493670886076,-2.4588291077728996,-3.195993930160248,0.33499999994799,0.5575,0,58.85416657127215,94.90779545560851,5.840000008953742,62.76194463023426,37.23805536976575,98.01999998799909,0.3200000158868538,42.17863894139887,57.82136105860114,7.71,98.68,5.31,62.01881950384944,84.7117202268431,44.99572284003422,15.38461539359895,85.1063829787234,0.237550638445025,0.0469337484044137,4.03737547466495e-6,1.812553387400226e-6,0.1832063502121468,0.02330220094833148,PP
2403004,240300,236,190,236,89.0589603216333,89.4505373451765,190,84.5708611586423,84.5663271471486,698.835854354019,798.0304654963281,-46,-19.491525423728813,-4.488099162990991,-5.039469523091646,0.309100005605789,0.564,1.199164086253828E-06,28.53773554013657,67.41559132868596,14.67999952993202,18.14986880186198,81.85013119813802,95.25999989163765,66.19000108206095,84.65116279069768,15.34883720930233,81.39999999999999,99.44,17.78,64.1399416909621,78.36580766813324,35.27696793002916,2.661109744980365e-6,15.87301587301587,0.4305200679025091,0.03025451280184985,4.261171928111897e-6,2.227202859388623e-6,0.4249869104906492,0.03980005328943951,PP
2403103,240310,3617,2452,1808.5,82.54346156135816,84.8371334991212,1226,72.65919076765525,72.580998733996,963.2264154106165,1007.873129220272,-582.5,-32.20901299419408,-9.88427079370291,-11.974625980951261,0.4848000188561705,0.6474,45.44035521247941,11.2237002864078,68.7165984260331,2.820002082376512,11.42972263973903,88.57027736026096,94.52000235772539,83.42999035354252,87.15318199456733,12.84681800543267,83.28999999999999,99.5,2.67,46.44808743169399,60.41181606519208,32.97974927675988,19.26444045388931,8.94854586129754,0.1780121352675585,0.05493451832793374,1.244932204280752e-6,1.041661889841164e-6,0.1493733336282395,0.05984218057298271,PP
2403202,240320,4170,3582,4170,78.3827579472455,78.4789317991032,3582,77.4423138147547,77.2926190395186,606.0488696557857,640.8955774079583,-588,-14.100719424460431,-0.9404441324907964,-1.1998099545358563,0.3048155328394972,0.5886,3.537907993598757E-07,38.58627634199515,94.27610670854847,6.513579291537516,56.04879428807127,43.95120571192875,92.84593534999556,24.37414672331269,38.58402047199318,61.41597952800682,34.74,99.14,7.47,95.30744336569579,80.83593972135343,30.42071197411003,10.4630688762971,22.72727272727273,0.3795709806768136,0.08426753012622243,3.754878630939557e-6,2.04391276193098e-6,0.5384483893971423,0.02543850658569177,PP
2403301,240330,2471,1185,2471,81.2429083162751,81.219710712165,1185,80.1327881537893,80.0314803775574,575.1446541101702,681.4466492205942,-1286,-52.04370700121408,-1.1101201624857993,-1.366421002758973,0.2960000054794206,0.6855,1.37738510409038E-06,31.24274110524482,88.66373512830015,6.610000086867426,59.28120760625406,40.71879239374594,97.41999932808164,16.069999903375,57.05480593036815,42.94519406963185,46.40000000000001,97.09,5.45,12.32423490488007,88.02265533899717,34.07775020678246,12.04819294562475,0,0.3346304358217371,0.0344979847085924,2.817861156454819e-6,2.007005124931908e-6,0.3158481952293663,0.1264926024583627,PP
2403400,240340,835,791,417.5,84.9213030710743,85.6276836018488,395.5,81.38167019038715,82.06002205806459,597.7735877754336,659.9765850663247,-22,-5.269461077844311,-3.539632880687151,-4.168133027498035,0.4077999971083574,0.7531,0.3472532276052466,81.59720150325597,82.8065993113086,8.489999886575056,17.38236021340388,82.61763978659611,98.30999439003804,50.429999497443,84.51492537313433,15.48507462686567,66.43,98.9,2.58,175.1846381093058,91.30597014925374,46.38109305760709,21.27658833875451,0,0.09133047256990731,0.07125943464679692,1.251472460561762e-6,4.317228302304557e-7,0.06508646910813108,0.08302766441969023,PP
2403806,240380,1139,1024,379.6666666666667,89.21804124049817,89.4714038917775,341.3333333333333,86.22128449842913,86.2934831161579,685.2211174279491,765.2575689295493,-38.33333333333337,-10.09657594381037,-2.9967567420690386,-3.3589133995790306,0.3621720538884716,0.6595,10.76907101122599,26.96625645555675,85.63165507150208,10.80689721268088,23.62464783977313,76.37535216022688,93.86859454396001,73.40879494955742,71.0921401236385,28.9078598763615,82.02000000000001,98.8,11.79,77.54303599374022,67.99136492984006,23.31768388106416,23.74675334032022,9.70873786407767,0.2371491367454938,0.02673824729819479,8.001498825608873e-7,8.858629278465833e-7,0.2223839722259867,0.0305306809327202,PP
2404101,240410,1421,858,473.6666666666667,82.54999639730083,83.79115960368317,286,80.98442819504743,81.03499637706847,715.0610514813548,778.5654199098211,-187.66666666666669,-39.61998592540465,-1.5655682022534023,-1.8965091103318237,0.5162999675515484,0.653,0.4291841129272418,17.16754993189803,79.2959773749902,9.250019991663212,42.65859262747747,57.34140737252252,88.00000904893913,0.9000444221832781,60.60894386298763,39.39105613701237,17.15,97.67,18.65,34.82758620689655,90.67554709800191,13.79310344827586,1.340177224125874e-5,34.48275862068965,0.01394524755335654,0.01010888686736723,8.545767820860934e-7,2.61041540367631e-6,0.01121528046059656,0.007065626690175831,PP
2404309,240430,3516,2508,439.5,85.39691353725391,85.71565239347403,313.5,83.3968267179624,83.40872647916662,625.557027903604,698.058983518992,-126,-28.668941979522184,-2.0000868192915107,-2.342106683304174,0.4658001413633354,0.5355,0.194728511207371,37.67824115178533,78.54371464560911,1.410062814776618,44.99755778070948,55.00244221929052,83.98005529106517,31.57990234102981,56.04423221915054,43.95576778084946,24.25,99.34,8.98,61.83473389355743,80.75730920666834,44.92296918767507,18.18179197953443,17.39130434782609,0.0515608899210191,0.1373504373834472,1.37272500349071e-6,1.798379123393944e-6,0.02848437855183986,0.1913129902735513,PP
2404705,240470,553,120,553,73.0992325561527,73.5497615780205,120,71.2932065542173,71.0492407139911,619.5995118056969,663.7361669941424,-433,-78.30018083182641,-1.8060260019353933,-2.4706497438917117,0.3688001145103058,0.4548,1.127980178603482,16.61611122493917,84.18012025830284,20.60996820736607,61.15037291086726,38.84962708913274,92.18000657092095,18.44007305195577,49.64156434097523,50.35843565902477,11.37,99.46,26.4,3.121818798778419,80.43864007381644,40.58364438411945,16.66664616230666,24.24242424242424,0.2772723276315958,0.09029340735463007,2.144541246889359e-5,2.529160966458052e-5,0.1784908550328176,0.09315790614391899,PP
2405504,240550,1631,978,815.5,85.22416960620251,85.17594646506686,489,71.8286760772275,71.84435513744191,597.5072464360499,671.7423638450787,-326.5,-40.03678724708767,-13.39549352897501,-15.717951363881758,0.5276999996815852,0.5848,2.478789270842297E-08,38.70431896306069,81.9332566172856,4.780000001041445,83.39087065741153,16.60912934258846,98.43999998486689,9.040000011434241,36.82042833607908,63.17957166392092,31.57,99.02,8.18,111.4874815905744,95.05766062602964,48.01178203240059,5.667850317289769e-8,28.57142857142857,0.09989306231401317,0.105032134415609,2.468797660824546e-7,2.177667690543233e-7,0.2843745042507121,0.09302846201579819,PP
2405900,240590,2486,1910,1243,85.8113459300355,85.74957088176106,955,84.6323146025747,84.52918750447361,481.533150761724,547.471519709602,-288,-23.169750603378922,-1.1790313274608053,-1.3739806953058444,0.3151999886742172,0.65,5.112964261635975E-11,12.37623991153314,91.46480830156365,7.799998000790398,55.17107450594784,44.82892549405216,99.70999873917614,37.63000023106947,63.27710843373494,36.72289156626506,96.02,100,5.82,152.6806526806527,104.3855421686747,51.51515151515152,19.23076474844916,0,0.1843737049410375,0.0950233139378954,1.818859791305739e-6,1.513595887209014e-6,0.1418261152336465,0.1636455175772845,PP
2406106,240610,1025,701,512.5,85.1940068461693,85.35630540655956,350.5,81.90442829271831,82.03237888634254,600.9193893543336,696.1465314973145,-162,-31.609756097560975,-3.289578553450994,-3.8612793026519188,0.3981999884676033,0.4943,0.04876201551993408,14.38323047655466,80.36400718098642,9.730000269890944,40.27243663706951,59.7275633629305,97.47999923210276,31.86000682355349,66.15982429464437,33.84017570535563,47.34,98.49,13,60.24939172749392,71.10998479472885,18.7956204379562,37.87878462842118,32.60869565217391,0.2012743736274338,0.024257589402829,9.079657564902257e-7,8.195524014004496e-7,0.2938518728807403,0.03473438522545329,PP
2406700,240670,210,171,210,85.3263967009799,84.5751118556947,171,77.3749946028476,77.0983893417057,723.3231061358525,776.3914299233137,-39,-18.571428571428573,-7.951402098132306,-9.318806847073844,0.2635000446358053,0.4794,1.010141372743104,59.25924896191923,78.89413376616093,2.980001712533823,22.28109790882123,77.71890209117876,97.72000024424554,61.06998240451519,80.44471519951264,19.55528480048736,75.61,98.91,2.61,35.83333333333334,76.11940298507463,80.625,37.03703991819116,0,0.09461889484320901,0.1970345088990099,3.844276583718822e-7,3.563913026801449e-7,0.07978693402581069,0.2905829139904503,PP
2406809,240680,1084,1108,1084,83.328191537625,81.4645455736915,1108,72.674030405036,72.5925196878651,576.5693843997054,667.8195022657474,24,2.214022140221402,-10.654161132588996,-12.785782261671125,0.547899805384268,0.693,0.1633986284616712,26.47059399235064,91.30524946298615,7.519994194497724,48.17860869489709,51.82139130510289,98.149996292343,34.55007820337011,51.29544504805683,48.70455495194317,36.12,91.9,2.95,81.85185185185185,93.12578353531133,20.88888888888889,2.225730821280906e-5,0,0.1975707682211275,0.125633588154739,6.970388786421618e-7,6.719915248657688e-7,0.1858495830987613,0.05860451970004297,PG
2407005,240700,1927,1118,1927,80.7972837272857,80.4080258635326,1118,79.3014390469639,79.077481452576,603.4523581446927,672.0545750326174,-809,-41.9823559937727,-1.4958446803217953,-1.8513551586346706,0.3041999954840189,0.6691,1.696866649410455E-09,16.30725893734636,83.75649671982822,6.250000508287608,30.42665378670739,69.57334621329262,86.33002540512766,3.880107738133663,71.67751185618175,28.32248814381824,16.96,97.26,2.21,35.65436241610738,83.12562038160361,51.1744966442953,23.12137468874749,9.615384615384617,0.12675370315628,0.0659812153108087,1.701831930189163e-6,1.996064812529191e-6,0.0790039089045495,0.07813573408142259,PP
2407203,240720,879,564,439.5,83.85046524760205,84.62218630178904,282,83.97971225868329,84.0515254512074,927.6972264122734,998.5134007925125,-157.5,-35.83617747440273,0.12924701108124736,0.15413988544916699,0.3904000220491739,0.4721,3.419532463510276E-08,7.759510528055625,54.06162130102313,3.090000125254879,24.13484099153615,75.86515900846385,94.84999980349518,70.65999411816944,80.17288744002052,19.82711255997949,91.42,98.92,3.83,3.730321697467488,51.92117504853302,6.878850102669405,12.95336837385163,20.16129032258064,0.0317600449967918,0.03787388793686301,1.057799579460365e-6,1.478194342298874e-6,0.02434508175108961,0.0222216770547471,GP
2407401,240740,1787,699,1787,91.9138183282451,92.3616591828722,699,89.8456284657223,89.6806099540459,706.6291949332945,804.1240998543327,-1088,-60.88416340235031,-2.0681898625228,-2.2501402946147064,0.3714999996136757,0.5519,3.804674651387416E-10,14.19213984472889,83.47529814239914,3.990000007314598,38.71988314703236,61.28011685296764,95.63000000030713,0.2900001202243258,74.01882870766597,25.98117129233403,35.8,97.94,2.12,8.942390369733449,69.0182173859885,31.72828890799656,9.803921597178306,25.64102564102564,0.164605789882034,0.02089511268428783,1.461720811808354e-6,1.056251160205409e-6,0.07949227497078878,0.0298096031140458,PP
2408003,240800,8254,6968,825.4,76.53354380784188,77.60605737012182,696.8,77.37146488670473,77.06069138951864,1235.00052101964,1283.159358120689,-128.60000000000002,-15.580324691058884,0.8379210788628484,1.0948416043123201,0.5106997406287515,0.7065,0.01631048526778212,10.27569943120369,43.43335802041785,2.470036553666396,8.688795338368424,91.31120466163162,96.87992020412439,64.89970023168426,92.98597118343712,7.014028816562883,81.87,98.7,2.67,30.12308356726409,55.07287622994054,32.43359965450227,19.45717785983789,11.85050136736554,0.1129153036748683,0.06962193003352071,7.637084502475531e-6,1.240865013600315e-5,0.07312275083005984,0.07860695714231433,GP
2408805,240880,757,726,757,71.422080176603,71.244352459909,726,72.4983614657768,68.6649650157043,574.5603407348059,655.9688221501972,-31,-4.095112285336857,1.0762812891737923,1.5069307509841596,0.5429994212439903,0.5573,1.171425574475462E-05,58.01864600509271,76.90406247641705,3.75013540615841,35.25307702074063,64.74692297925938,86.73003905803489,44.84964869549385,66.61105318039625,33.38894681960375,88.53999999999999,97.72,0.93,25.28735632183908,91.53284671532846,55.60344827586206,8.037844078326923e-5,12.19512195121951,0.05435779927855403,0.02660637862004911,1.429878755857714e-6,1.2488368752783e-6,0.1525954147318807,0.03946859781038103,GP
2408904,240890,482,339,482,69.9262152428777,70.7475492258065,339,70.1084697188176,69.5202630133707,750.8113641162425,896.1092891346595,-143,-29.66804979253112,0.1822544759398994,0.26063826750363533,0.3249445144540375,0.6496,0.1009056461257238,25.14272775000769,74.86250126134006,6.679515395688086,16.06848528900937,83.93151471099064,90.90071651590063,70.95287782114156,84.67136259737836,15.32863740262164,80.04,97.07,3.72,30.9462915601023,67.84531417642394,32.01193520886616,18.27376124367563,4.016064257028112,0.2644031097045039,0.0773246832764124,1.260387017327517e-6,1.011256641390101e-6,0.204855784874183,0.1452613747289662,GP
2409506,240950,837,819,837,71.6616364838821,71.264944370552,819,70.9088857887381,70.8703526301418,571.8931810409043,720.7345939814984,-18,-2.1505376344086025,-0.7527506951440017,-1.0504235349318432,0.3330001189286928,0.531,3.027093564036599E-08,12.84724732888318,101.3348346599403,14.32999471546427,67.02639612026955,32.97360387973045,99.99999267897262,3.100020778727665,36.96498054474709,63.03501945525291,63.4,98.59,2.63,22.81553398058253,97.60978321289605,21.27831715210356,16.12902379210164,18.51851851851852,0.07391059499822002,0.08221368307530605,1.153477010916514e-6,1.114596264050684e-6,0.09508239157335548,0.009904415788891195,PP
2409902,240990,643,558,321.5,89.98718506921875,90.18438949004235,279,90.4176296938049,90.4754306402713,720.8023234383764,813.6449121510863,-42.5,-13.21928460342146,0.4304446245861442,0.47833991501683626,0.4175000001494717,0.466,4.422989946627862E-11,14.50654182689298,68.33680812765054,8.319999842964222,21.27754791857827,78.72245208142174,97.14999986247912,61.73999932250288,81.59439191392241,18.4056080860776,74.68,99.33,39.43,26.40977443609023,66.8079556569938,26.12781954887218,5.171806231555913e-7,19.10828025477707,0.1230700583368625,0.05449757366947225,1.741193266853877e-6,1.41334134804635e-6,0.1244387738380998,0.05278667693150559,GP
2410207,241020,1362,669,1362,92.631547314676,92.2485319318297,669,90.1107773252769,90.0857353155329,614.1766882365367,740.4178466339101,-693,-50.881057268722465,-2.520769989399099,-2.7212867133006675,0.1560000104568462,0.6028,5.363628937917551E-10,36.33632886200044,79.78141964695071,3.14000053341198,47.49999969911773,52.50000030088226,98.4099985817062,1.120000156127112,59.32894736842105,40.67105263157895,25.7,99.18,3.3,3.636363636363636,79.51315789473684,52.85266457680251,7.352939719678453,14.49275362318841,0.1806376943089721,0.08397683702786289,1.283866444163872e-6,1.132827102828196e-6,0.09622344145246171,0.1662041261451611,PP
2410801,241080,1922,1283,1922,71.8128042103609,70.6401399774042,1283,70.7783296546027,70.8493323562828,548.9843603352814,612.0965215195736,-639,-33.24661810613944,-1.0344745557581945,-1.4405154723215003,0.4865999909669398,0.734,1.278596635563123E-08,17.55162261320969,84.35996143522368,8.240000188396083,58.85466719003874,41.14533280996125,95.62999982527317,15.27000010101008,43.881754300945,56.118245699055,7.92,95.28,6.65,33.49101229895932,83.18391083111219,21.00283822138127,1.441438718653044e-6,0,0.2476163396969112,0.06096329546226386,2.925379500416568e-6,1.014228951865559e-6,0.2032109735030417,0.03763166175982253,PP
2410900,241090,1086,1135,1086,84.1699595434931,84.1128037896007,1135,82.562525889437,82.6838401551868,599.3567324800644,673.6649821009099,49,4.511970534069982,-1.6074336540561092,-1.909747447633619,0.3654000038295885,0.7023,4.525547115523858,27.00729980781768,81.73199471112798,5.410000284974823,38.55950166951678,61.44049833048324,94.14000020584089,60.88999437861765,63.93220338983051,36.06779661016949,85.55,100,1.17,63.24999999999999,84.47457627118644,40.91666666666667,34.0909059023258,0,0.1763932938289793,0.04738599882238092,7.430290220331734e-7,7.437052203514627e-7,0.1666479832797857,0.01521568542989347,PG
2411007,241100,507,450,507,87.4591726763618,86.9193086714564,450,82.0020994112892,81.6971458423689,557.9685860627667,551.463768565245,-57,-11.242603550295858,-5.457073265072609,-6.239566529249287,0.1373000058918273,0.6367,4.971874012903947E-08,42.04545452684918,78.99502061747276,8.120000071142389,15.48211911685384,84.51788088314613,98.68999989880152,21.6899997915068,85.64356435643565,14.35643564356435,71.67,97.55,9.86,207.5418994413408,82.6025459688826,36.31284916201118,2.755010019256615e-7,0,0.1781194187943768,0.1598970058462389,6.90911098152914e-7,7.863063165372339e-7,0.2584721700331864,0.1886299546945752,PP
2411106,241110,1970,1353,985,84.51989570280264,84.4483068838514,676.5,80.11814739265941,80.14230900845715,584.1306533017407,633.9650697563376,-308.5,-31.31979695431472,-4.401748310143233,-5.207943376576213,0.3668000008320522,0.6803,88.42794720303816,45.41484708024679,77.38525731543113,5.310000001661895,51.71070922033609,48.28929077966392,96.66999999925352,0.720000235970678,56.00125352554058,43.99874647445942,5.04,99.68,1.73,110.969387755102,87.684111563773115,37.11734693877551,1.61869877245605e-7,0,0.2130654652101653,0.05635289947282196,6.001976491385178e-7,6.045208922782016e-7,0.229501734131155,0.08672590283174007,PP
2411403,241140,1133,1073,1133,87.5349702670367,87.3613734081568,1073,83.9251766291601,83.9415240297768,576.4396313983781,638.3473861129326,-60,-5.29567519858782,-3.6097936378765922,-4.123830312461925,0.2611272980634967,0.6145,0.05109844037861127,21.68879170831885,68.86309767963374,3.795998085705987,50.18590177834299,49.81409822165701,96.87860106615342,58.32597132768999,50.43359563192548,49.56640436807452,48.48,98.45,11.09,90.4303510758777,76.8668700819014,27.26500566251416,13.45822286731137,8.547008547008549,0.11389384224276,0.05173328754704565,4.941487091809926e-7,3.039986884687567e-7,0.1411929202192433,0.07059646010962164,PP
2411601,241160,171,233,171,95.826995058198,96.5847227306851,233,94.323722037142,94.2934001026844,575.1284403538637,692.2289353144937,62,36.25730994152047,-1.503273021055989,-1.568736471537082,0.5181999998038191,0.5145,1.956947159187733,88.258317010170515,107.5630251884893,26.76999998844218,65.10924365434005,34.89075634565994,99.64999999774336,65.99999992252452,36.54606263301915,63.45393736698085,2.59,99.48,2.07,69.83944954128441,108.4220127698388,64.10550458715596,2.365812950876804e-8,22.22222222222222,0.04621352804968909,0.05331567850057813,4.145802226664821e-7,5.926999252625296e-7,0.07955294592264918,0.01359992270544874,PG
2412500,241250,6718,5329,3359,77.11481339128619,76.63581382676296,2664.5,72.51792448018325,72.4859186857001,603.4093626048812,709.9360240995569,-694.5,-20.675796367966655,-4.596888911102937,-5.9610971082533615,0.2198000366424978,0.6075,0,16.89655963280309,87.98122607816062,10.94999898400918,34.55793460332191,65.4420653966781,92.17000131361738,3.820000532465779,68.15495173704129,31.84504826295871,11.5,98.29,3.62,65.00530222693531,75.59637708891441,45.25450689289502,29.10052548850194,12.94498381877023,0.2409542151977196,0.09327983883721488,3.895692549456456e-6,4.271859242589413e-6,0.2930917751420892,0.1044683554961902,PP
2412906,241290,2088,1306,417.6,95.03467764320966,94.35092274126292,261.2,87.65548086610411,87.61713748074541,591.7605305151271,638.2959363866019,-156.40000000000003,-37.45210727969349,-7.379196777105548,-7.764741208266518,0.4308000000024323,0.7063,62.5473842860988,49.2039423466632,82.43280686254542,6.479999998737018,45.12792092683597,54.87207907316404,91.01000001028851,27.34000001668467,55.75916230366492,44.24083769633508,78.82,99.85,3.14,117.2690763052209,85.45106725734998,35.11825078090138,7.575757605806335,19.8019801980198,0.07976835107603159,0.06499561505715644,4.263414024267368e-7,3.46348013378123e-7,0.04047022217358096,0.07629632049117721,PP
2413409,241340,933,755,466.5,73.7908760962619,74.16944394153255,377.5,74.3186700224695,74.3160752027481,666.9065473937959,750.0536921396497,-89,-19.078242229367632,0.5277939262076075,0.7152563489273228,0.3581000378878975,0.5737,9.716302393711306E-08,20.37787424156556,76.0102970064596,12.24999975304846,35.68854867445443,64.31145132554558,97.93999824169138,74.32997896624737,69.96443156369385,30.03556843630615,72.33999999999999,96.93,14.78,60.77768385460693,65.7093927018838,14.53930684699916,31.91487894117071,0,0.2094365262457151,0.03288657139518034,2.056165426915613e-6,1.468963875791105e-6,0.2901257745357062,0.06826488812604853,GP
2413557,241355,3158,3176,3158,81.1893394347066,80.810273530435,3176,80.8065480954297,80.816218139287,545.3987052921015,653.4157870731976,18,0.5699810006333123,-0.382791339276892,-0.4714798050361491,0.2036000002531515,0.5684,1.880403506246418E-09,1.16974626774678e-7,73.83259916340621,5.610000003146625,47.04845812603215,52.95154187396785,91.47000002122591,0.6600000315567773,56.79862306368331,43.20137693631669,2.38,98,4.44,34.77851083883129,84.4449225473322,0,4.596956062423458e-8,0,0.2532732578890356,0.07471835799855839,2.408647510883194e-6,1.225606790484313e-6,0.2635147899082016,0.07669460303298405,PG
2414456,241445,785,777,785,91.9924479142566,90.9378517658488,777,88.6098154340978,88.6030679234373,597.7784872947042,637.1870628922228,-8,-1.019108280254777,-3.3826324801588044,-3.677076278382824,0.5138992154878698,0.6385,3.3055813678111E-07,149.1094067176352,95.605597280685,8.900005633499324,34.76844578083533,65.23155421916468,97.9599967354839,1.310207238402513,68.11377245508982,31.88622754491018,19.68,99.1,10.43,162.5246548323472,101.1676646706587,109.6646942800789,2.568244493564746e-4,0,0.09522049271117004,0.03260798873702973,5.271469283347777e-7,2.641939271837921e-7,0.08223309101757202,0.01997853838170947,PP
2414506,241450,749,510,749,88.7270494868885,89.3689694947659,510,88.1461681974611,87.9246844601928,636.4609930224748,707.2098144599552,-239,-31.90921228304406,-0.5808812894274098,-0.6546834283193972,0.3807000007561231,0.5369,2.10117701733958E-10,84.58149690059787,84.6514682722987,2.400000064972162,14.91697201526489,85.08302798473511,97.74999998469212,5.000000083091924,86.77653132135411,13.22346867864589,45.67,99.63,6.23,9.248554913294797,74.76422118534697,53.87283236994219,22.55639095816936,34.88372093023256,0.1155130834411892,0.1212324447866309,2.14300021692696e-6,2.133147279898062e-6,0.4563780214533384,0.4215214407739538,PP
2414605,241460,2153,1419,717.6666666666666,72.70821062038877,73.45935033394376,473,73.01229725751654,73.05229669957849,549.2072359112728,701.5345940008622,-244.66666666666663,-34.09196470041802,0.3040866371277673,0.41822874546509003,0.4469000000318316,0.6391,2.077994467038621E-10,22.17962761823512,76.75492610085377,5.229999999897331,51.52401476081104,48.47598523918895,96.3299999991382,1.450000022453702,56.39779005524862,43.60220994475138,38.99,98.82,6.71,113.502538071066,83.86740331491713,31.09983079526227,14.77832512248887,0,0.09695925503893202,0.08813380035165312,2.056239008217428e-6,3.068634425036429e-6,0.1155939577459999,0.1016734611711323,GP
2414902,241490,1876,1674,1876,90.2699017491664,90.2407658823381,1674,86.8131587880717,86.8287498434752,628.237287708738,691.6414223527356,-202,-10.767590618336886,-3.4567429610946903,-3.829341667724383,0.4760999971493911,0.5422,0,2.071256617010671e-7,103.1520393258249,4.590000001204054,4.758961959206181,95.24103804079382,96.94000000930052,73.79999948517354,98.02306425041186,1.976935749588138,96.86,100,4.82,1105.263157894737,99.50576606260296,0,2.414748159645945e-7,0,0.2983461354899621,0.140159206068557,7.048421724388996e-6,1.041258744532983e-6,0.393562987424672,0.1523469628740666,PP
2500106,250010,4557,3703,2278.5,82.06730971195665,80.9725723475247,1851.5,82.53752558640505,81.47596387615354,624.0883566287432,618.035533133901,-427,-18.74039938556068,0.4702158744483995,0.572963675912837,0.3903238744210208,0.626,0.009523834413314454,14.48196560616516,90.29902136890556,8.289618663437867,56.97766978821074,43.02233021178926,95.96399111596786,26.46133000557911,48.14140332083556,51.85859667916444,62.81,97.36,6.9,5.006155108740255,89.76968398500269,44.43988510463685,8.137072391351461,13.51351351351351,0.2735369390135625,0.1910122949327213,9.480494431070578e-7,8.356761834328689e-7,0.3179194701295196,0.1681090691650838,GP
2500205,250020,2874,2044,958,87.45260704950454,87.05467355399423,681.3333333333334,81.81523263903439,81.20966095852704,712.8756018334734,715.3375759833318,-276.66666666666663,-28.879610299234514,-5.637374410470144,-6.446205094010497,0.6363798984251893,0.7445,9.07497170670741,27.86390190030808,87.24463848386672,12.63171221470101,50.49512494367472,49.50487505632528,95.51158111115511,21.34990443996153,56.94583250049971,43.0541674995003,48.37,98.59,10.46,67.41102581995813,90.20587647411553,45.9874389392882,41.37301267555047,21.27659574468085,0.1447463433454418,0.02841039780047524,1.174583550271694e-6,7.66158122713458e-7,0.1871807970980851,0.04936485804270777,PP
2500775,250077,655,512,655,91.0474364101616,90.9433441437191,512,84.685544236166,83.9654913821944,540.0683586390437,607.8636680817341,-143,-21.83206106870229,-6.361892173995599,-6.987447889620715,0.4883915118526645,0.501,0.9478601243000219,47.02454004944602,84.62836030109736,9.340591288824195,51.95075769089678,48.04924230910321,96.26396271517787,6.446137859505547,54.97862710585869,45.02137289414132,44.08,98.58,9.11,55.50295857988166,85.89388986673372,47.69230769230769,9.85566904528827,30,0.1798596798267953,0.02244058833720439,3.699556267293404e-6,3.283289396427545e-6,0.2786608905685191,0.05286429036158768,PP
2501153,250115,638,998,638,70.167846030269,70.8714554861829,998,70.7363585718532,71.7621094408313,593.4451776296779,575.5790049971672,360,56.42633228840125,0.5685125415841981,0.8102180325429302,0.4644961229376517,0.64,0.02546085702879234,84.6441994227731,97.5041414063361,8.220068114208098,45.16517806086813,54.8348219391319,98.39372240935478,46.82127232653141,52.71820448877806,47.28179551122194,41.01000000000001,94.8,5.53,7.337526205450734,95.71072319201996,66.66666666666666,3.539951594374815,0,0.1915512513098936,0.3390363428979039,9.443122537137982e-7,2.961771702254998e-7,0.09447625143917812,0.3129893236567261,GG
2501609,250160,619,429,619,85.3997053075774,84.2702648893124,429,73.4690538073534,73.58855235743,493.5759159390159,584.5048089042599,-190,-30.694668820678512,-11.930651500224002,-13.970366123927844,0.4603015178126145,0.487,0.6460003692711231,11.96127531179878,73.77072928830138,12.51892501724231,43.85814004505404,56.14185995494595,99.48675574246316,54.2083512424629,61.59987597860631,38.40012402139369,63.85,99.57,10.5,2.098600932711526,78.42802883497403,22.68487674883411,5.360055217244967,53.09734513274336,0.09297762911602088,0.1063078962350551,3.475262906796785e-7,3.450781035540841e-7,0.0756880017600749,0.1550383261859599,PP
2502003,250200,867,495,433.5,77.8843433722866,79.13539081439255,247.5,72.05607298460635,71.8477510493465,536.6440499824312,629.620332089691,-186,-42.90657439446367,-5.828270387680249,-7.4832374971965265,0.1927100963816314,0.4028,113.965298808638,40.8334632194674,83.29549397383575,12.8176726417098,26.39273450681961,73.60726549318036,90.45842241145132,56.41557663260774,81.25398851308232,18.74601148691768,80.64,97.36,11.28,335.1206434316354,95.66049776643267,36.59517426273459,0.02295290160514343,42.85714285714285,0.1711213014967655,0.01876601067444274,6.579046485785542e-7,3.406126181861902e-7,0.1597062160412573,0.02914917649424346,PP
2502102,250210,1552,917,1552,73.0746808502954,72.6025152554657,917,71.361725072361,71.1544759086111,599.6989877452964,657.6597388273738,-635,-40.91494845360825,-1.712955777934397,-2.3441166735215,0.4544775274693298,0.5762,0,10.27001077330039,93.41675072832588,10.43390230301936,38.7529750787019,61.24702492129808,98.56651881633807,12.2446851867973,73.9531310026892,26.0468689973108,57.41,97.79,11.06,8.883553421368548,89.68497887053401,6.122448979591836,23.75376104693,41.66666666666666,0.2618091080345305,0.05835520383701975,2.497336872915503e-6,1.027788405708775e-6,0.2582572313251177,0.1197582205436829,PP
2502151,250215,421,376,421,82.6539046417895,83.7795374499605,376,74.0146512081433,74.1659340494486,684.376190794688,794.2794933870889,-45,-10.688836104513063,-8.63925343364619,-10.452323421485664,0.6122564993285006,0.5114,0.1421139358557859,15.12093276740533,75.72754465367727,7.61444823326722,48.0765442375546,51.92345576244541,97.89938054847069,15.32956957297453,59.20288718029185,40.79711281970814,71.95,98.11,8.47,0.382262996941896,75.03530519378629,42.88990825688073,0.1766109195197768,22.72727272727273,0.1221154845772116,0.2292605603389282,5.137070621190877e-7,3.909869792864701e-7,0.08548700412905086,0.1831864374193947,PP
2502508,250250,608,332,608,82.2473035968168,83.5546979792155,332,73.3435142323402,73.3562397069754,608.599078079455,645.0729206780026,-276,-45.39473684210527,-8.903789364476609,-10.825630719912391,0.4880435213022207,0.5347,1.514406287563155,22.21992640274243,75.60037398664053,11.36179443703841,30.0043920365739,69.99560796342612,98.9682447555033,51.54756497362765,73.6335138216016,26.3664861783984,73.05000000000001,98.66,22.01,38.22762814943527,78.68338557993731,49.47871416159861,3.792977439183404,32.71028037383177,0.3169608168032961,0.2320741649716936,3.95507138091965e-6,3.201730873605265e-6,0.2225122873863113,0.2557612498693233,PP
2502706,250270,5272,3422,5272,77.098222388122,76.8564253061945,3422,78.1477631682611,78.1318680455503,566.9176392192128,605.7102068672796,-1850,-35.09104704097117,1.0495407801390968,1.3613034744894357,0.379923503040086,0.5959,0.1103205039764156,1.415996170616907,77.1832167842549,38.10543233578982,28.22693078802678,71.77306921197322,97.6260210931698,60.96662434902399,82.45655796238991,17.5434420376101,66.77,100,30.33,0.6818181818181818,92.00190430849797,0,13.53444255851664,15.38461538461539,0.544930372977818,0.07761025165386325,8.358750136189962e-6,4.149351065777557e-6,0.4737103910149342,0.06959898821834802,GP
2503308,250330,6433,5077,2144.333333333333,87.5415196565732,86.89307834313783,1692.333333333333,76.07159403273444,75.0159577280682,583.3677282173962,580.4607983164049,-452,-21.07881237369812,-11.469925623838762,-13.102269264727715,0.4016081929272507,0.3818,0.3490343047615843,29.2933509689889,83.08612477351629,5.703198034596478,64.2209149744141,35.7790850255859,92.88648249193224,25.46231310680921,45.28363755601706,54.71636244398294,24.71,96.02,6.6,19.74522292993631,78.893868182315,34.69214437367303,21.33373986968961,18.69158878504673,0.2554074150713146,0.03050983961269059,1.283598549896913e-6,9.667815168112126e-7,0.3499101619990522,0.05258649863185755,PP
2503407,250340,2097,1638,2097,84.518698404683,83.7331127089154,1638,86.0368521573622,86.046367398299,554.7994530691454,532.4842888968985,-459,-21.888412017167383,1.5181537526792113,1.7962341840738683,0.4126557740648138,0.5645,0,56.51845727069378,91.9494319703474,16.95901580734913,52.2619627195248,47.73803728047519,93.79300224464897,42.41280751707326,53.185004571776886,46.814995428223114,60.55,98.83,15.34,20.21857923497268,96.34257848217007,29.6903460837887,21.51580794306824,21.27659574468085,0.2465169911154685,0.1191435756968702,2.293156408153084e-6,1.029225431346526e-6,0.1916055319406239,0.1237152259804593,GP
2503555,250355,4590,2512,4590,82.4079671960226,81.0976819396867,2512,81.6840752407719,81.7042369110227,445.6812363925716,512.5574863489337,-2078,-45.272331154684096,-0.7238919552506928,-0.8784247201836466,0.2777786420808148,0.4664,0.0003747614551656776,35.01100943586483,96.73316544426709,6.832794764082796,74.49992931814305,25.50007068185696,95.52241374221661,32.72733588964954,46.83649453135816,53.16350546864184,55.39,98.12,7.56,0.9065155807365438,88.91042503115048,60.28328611898017,27.69270649202828,15.50387596899225,0.1261225049285636,0.2301955145632067,9.936716005350432e-7,9.656919838106473e-7,0.1290373046985037,0.2407666116410405,PP
2503704,250370,1196,748,1196,76.840247905123,77.0603396240614,748,72.3620194097968,71.9595774852711,933.5541791133227,964.6370705315636,-448,-37.45819397993311,-4.478228495326192,-5.827972471998787,0.459617141520605,0.6335,17.4200214104247,41.74183024992936,65.18811967297697,1.648392643096549,19.1767274981209,80.8232725018791,97.34255496825105,56.21354968229009,83.54162354926528,16.45837645073472,76.71000000000001,99.71,1.84,28.8135593220339,64.44525814719883,49.56685499058381,18.45783601697919,22.98850574712644,0.217199415788923,0.01771275999504547,3.342774455468769e-6,2.797088177870857e-6,0.2902303078408927,0.03404687436109993,PP
2503753,250375,313,196,313,83.9168917526041,82.8906559992393,196,74.9128855426087,75.0768042092884,501.6274488797432,603.3205831852289,-117,-37.38019169329074,-9.004006209995396,-10.729670775390682,0.6371012272542977,0.4663,9.428460229315105,43.0983323265741,112.6366988365301,16.44138367428547,66.66666939712482,33.33333060287519,87.42884180824335,30.79458938904257,48.50146198830409,51.49853801169591,46.32,89.02,17.65,47.28395061728395,121.4912280701754,74.44444444444444,32.12241878687838,47.61904761904761,0.2324990799296832,0.01431821271828309,1.529047261406265e-6,1.057054704763633e-6,0.287755292112692,0.04283834844151346,PP
2504207,250420,2554,1729,425.6666666666667,85.47357190508578,85.33986462828506,288.1666666666667,85.66416988430404,85.62579706721813,609.1721307888135,626.2419371576316,-137.5,-32.30227094753328,0.1905979792182677,0.2229905396137153,0.3868668444923427,0.7036,0.02528344025228086,40.51304040992128,85.5159892026564,15.51441903831064,40.14372619217429,59.85627380782572,95.38724274000768,17.63762477714266,66.84480071253618,33.15519928746382,39.4,98.97,10.82,12.04128440366972,80.02672010688042,42.88990825688073,45.2214854559473,19.6078431372549,0.1337829608075541,0.1229318828905657,6.447295292653857e-7,3.660075992980821e-7,0.1074970265943177,0.1598243927602297,GP
2504306,250430,1216,1259,1216,84.5681445041428,84.62210055762,1259,81.3145385281638,81.3793536622752,742.565171030232,816.7779558543011,43,3.5361842105263155,-3.2536059759789993,-3.8473186269560555,0.2911783944242446,0.6157,0.04695604145875699,17.29291883914687,63.66436151950801,3.53762281589966,26.02484980541123,73.97515019458879,96.97720957048362,38.33505512618663,78.62487692812603,21.37512307187398,75.71,98.18,3.18,57.96160361377753,60.37413849688218,48.89892715979672,9.430608777944784,11.36363636363636,0.2659879896927433,0.01343184349608118,2.767385406641911e-6,1.698542070642443e-6,0.261343999655386,0.05270437326383618,PG
2504405,250440,4880,3939,976,85.60259928510396,84.79426407805863,787.8,79.16908207455413,78.38189927843423,633.9710736789975,721.8715256916453,-188.20000000000005,-19.282786885245905,-6.433517210549837,-7.515562920142961,0.2321885193266513,0.549,10.07519339337128,16.01624236814756,72.88027589403045,7.945978202303491,37.80843398705875,62.19156601294125,94.68999086749824,23.76868706730848,68.05624210468501,31.94375789531499,55.55,98.72,8.2,53.35786568537259,70.4619102542978,14.96473474394358,25.11095990472631,15.78947368421053,0.1773732999092844,0.04919119026603343,1.8554395183526e-6,9.19813030138552e-7,0.2183201132459969,0.103940586883449,PP
2504504,250450,642,523,321,84.81040821564176,84.93972542746044,261.5,86.1442010752994,86.0148200655195,594.5500863758107,667.0462438144989,-59.5,-18.53582554517134,1.333792859657649,1.5726759105631267,0.3245874735978843,0.7306,25.86999283282244,38.58873441077563,88.60939783503409,9.509132744755338,31.29196864335123,68.70803135664877,98.41323331795768,37.58640994421655,74.31192660550458,25.68807339449542,61.94,98.48,9.47,30.3769401330377,78.4325921318613,65.85365853658537,19.56868346481536,12.34567901234568,0.2379913873673063,0.02591328920205194,3.393571042668983e-6,9.974909906360698e-7,0.3620049727512705,0.0873880004221567,GP
2505105,250510,646,261,646,80.879535155554,80.2771307546114,261,75.1953946864609,75.0912833582093,615.4031011347496,668.257913690402,-385,-59.59752321981424,-5.684140469093094,-7.027909418817628,0.3619179255728502,0.6504,70.65384041232427,27.49277033879471,70.56609017868824,6.686297294246555,32.64532492933716,67.35467507066285,97.72140211215212,15.60952590613543,72.44190786791684,27.55809213208316,25.09,99,11.9,79.04047172339855,75.0560538116592,17.39480032162959,23.93440654262978,4.587155963302752,0.09521061982709811,0.03765882080516515,5.277159424640944e-7,4.761635337571664e-7,0.1358050801476492,0.04805810396038341,PP
2505303,250530,1864,1532,621.3333333333334,89.49426431354223,89.05234275801907,510.6666666666667,84.1936283765197,83.28825781598606,552.904837783052,602.0229504412707,-110.66666666666669,-17.811158798283262,-5.300635937022534,-5.922877826507195,0.4989967941574231,0.5942,0,14.64560632036594,84.78381720712814,14.85817339010447,43.5749718426665,56.42502815733349,99.35152982905984,33.19495526374348,60.73458679492786,39.26541320507215,43.3,94.51,14.51,78.97091722595079,80.41101880192392,61.29753914988815,0.2539175691821237,34.48275862068965,0.142130233351678,0.05029965186873609,1.795351231564821e-6,6.771696956486219e-7,0.1888934017707122,0.10427659661744661,PP
2505402,250540,1443,1433,1443,78.5618702925067,78.2489146900247,1433,78.3653964826313,78.5147391575113,535.0691587972184,587.7765160791009,-10,-0.693000693000693,-0.19647380987539975,-0.2500879996159404,0.4196227099879651,0.6383,0.1108180491163349,53.64582249726369,91.77125921135364,5.169088419110531,38.82825982872941,61.17174017127059,98.2299613743988,37.85408234544629,65.34027519523985,34.65972480476013,42.89,98.16,7.6,23.09148264984227,92.90938390975579,58.42271293375394,17.814912734549,0,0.2244310421806546,0.274698907039674,1.601734169066098e-6,1.423847550469012e-6,0.2051990351957242,0.2728789017836363,PP
2505600,250560,4436,3117,1109,88.08126106455683,87.4663916915272,779.25,85.20585077773327,84.76320999324382,594.9407880769761,601.0826525522494,-329.75,-29.73399458972047,-2.875410286823552,-3.264497183704144,0.5488035959393767,0.4849,0.03556984503364976,24.86168055661083,85.6177257052154,8.422241982144557,42.28792072459,57.71207927540999,96.70368270736164,24.24842597929397,65.23257659946023,34.76742340053977,43.78,99.57,8.83,1.019541206457094,79.9809493570408,43.84027187765506,61.7029915719613,22.98850574712644,0.1719507752223929,0.05759765071826752,1.861459945082625e-6,5.94924042873897e-7,0.2044203889248563,0.07067084601497983,PP
2505907,250590,1040,396,520,79.7561409541097,78.8864329631283,198,78.1601926011927,78.24970236249439,557.9131610060881,668.4845775012602,-322,-61.92307692307693,-1.5959483529169916,-2.0010350724407195,0.5185156094923289,0.6027,0.02612453028907433,62.84979912450714,95.97116605600712,14.65623987260077,35.38238444512869,64.61761555487132,94.80802013814433,57.23022825369523,74.10863045651449,25.8913695434855,71.86,98.79,17.43,2.857142857142857,87.73742085971344,42.41758241758242,46.0619531942309,0,0.1827283806075355,0.1452560559104497,1.295597457705803e-6,5.996893389950217e-7,0.1858382537120134,0.1275337776151654,PP
2506608,250660,1209,659,1209,79.3262972250537,78.6602142131527,659,71.8218918600113,71.1819906066428,537.4087921242825,643.413118775759,-550,-45.49214226633582,-7.504405365042388,-9.460173520707665,0.3180104662071328,0.5434,0.2306027879253161,11.4478097119782,86.41301482228539,10.05144957042365,38.93201093087283,61.06798906912718,95.38118645878873,5.963103357937388,67.72703038919495,32.27296961080505,28.46,91.3,11.23,40.37914691943128,73.66269770748178,41.23222748815166,26.02861749952941,15.87301587301587,0.1800983241203543,0.03796598199048835,5.034553104924197e-6,1.13688598496687e-6,0.2131101527860517,0.09419388485665976,PP
2506707,250670,3438,2727,1719,74.29689329227449,72.1479697925692,1363.5,73.98965345072905,73.786383144177,514.0234194916072,549.1445625583033,-355.5,-20.680628272251308,-0.3072398415454387,-0.4135298636738369,0.4477830529967115,0.6439,0.03067168811524466,54.09339584151515,78.94320022233833,10.0402150581672,55.41833616514287,44.58166383485712,97.08803312690797,26.18311994228753,52.88109462324147,47.11890537675853,51.61,91.86,7.57,1.071122536418166,74.64829446906919,61.39674378748929,17.24921364798058,16.94915254237288,0.2060516688886445,0.1356491701950413,7.907755515536163e-7,6.061134168986279e-7,0.239298359095943,0.1389835194900885,PP
2507002,250700,2904,1996,968,87.16303159227927,86.3391142603383,665.3333333333334,79.36680190293251,78.96737050139744,741.6729289793707,833.7243179330062,-302.66666666666663,-31.267217630853988,-7.7962296893467595,-8.944422362240708,0.395649597389568,0.6935,0.009233482375056756,17.58463470122537,69.56649324070192,5.954415643940754,24.16225965131063,75.83774034868937,96.07795148695156,67.15755314866455,78.6319054405231,21.3680945594769,80.42,99.28,4.6,3.563025210084034,58.79788750104786,12.60504201680672,12.59849399238836,3.412969283276451,0.2681459697558463,0.04215212603711264,4.146304055148455e-6,2.55514422287394e-6,0.3197877321488301,0.04862147158522678,PP
2507804,250780,1643,1554,821.5,85.88860034600455,85.91279991375026,777,83.28024957502319,83.06680075897896,584.1184971341322,699.9375343487359,-44.5,-5.4169202678028,-2.6083507709813603,-3.036899845233883,0.4167112729046089,0.5821,44.26489754090131,67.34801969938624,85.87673130384324,8.729481881967251,34.8300977481408,65.1699022518592,91.69221159244022,61.92129615636809,67.22689075630252,32.77310924369748,65.23,99.06,7.37,33.33333333333333,76.82441397611677,51.69712793733682,15.78580995580431,21.73913043478261,0.1178851455757722,0.0722362108389674,8.634697824431807e-7,8.493210467505697e-7,0.1418405566721311,0.1291099158339443,PP
2508000,250800,1802,1117,901,91.77885889645685,91.18837917092435,558.5,91.52749907446454,90.8949790257884,530.6682781858981,553.2440045716628,-342.5,-38.01331853496116,-0.25135982199230966,-0.27387551448628167,0.2099141120613411,0.4587,0.665982706004026,13.01826293702828,82.89509617797408,12.27840348865892,55.58935967431275,44.41064032568726,96.41404731446883,24.86197371229497,50.33048000866833,49.66951999133168,52.02,96.97,11.26,34.94307027875932,74.9051901614476,29.7997644287397,13.58269988244945,21.27659574468085,0.171495862749947,0.06013594809657616,1.264429961953743e-6,9.480215052158147e-7,0.313858369850972,0.09841858269492855,PP
2508109,250810,1419,921,709.5,86.7477418986445,86.01773630151814,460.5,85.20845334882284,84.8156207628343,527.724419986104,585.8999491066744,-249,-35.095137420718814,-1.5392885498216629,-1.7744422115565355,0.3781575038034609,0.638,0.237794655451918,47.09955266492135,85.34839109912436,7.481664057923046,50.62784550645851,49.37215449354151,89.61945748427667,18.37322091057912,63.70894160583942,36.291058394160594,42.14,93.95,6.35,86.9757174392936,87.65967153284672,33.55408388520971,0.3569783517155731,0,0.1568227998832852,0.03897776367342412,2.965734768807702e-6,9.838677940700431e-7,0.2177716125425318,0.1139515291243063,PP
2508505,250850,999,946,999,76.2406746153275,75.8117537681591,946,73.173809079482,72.9009441286618,474.7047577372742,585.9065737635632,-53,-5.305305305305305,-3.0668655358455084,-4.022610701334144,0.4774647567564091,0.621,1.411448265777305E-07,49.63262122216598,96.82221472435779,8.494024608614872,47.84990374341177,52.1500962565882,94.97322330812034,37.5513220285336,55.05307546895448,44.94692453104551,55.12,87.19,9.98,2.365308804204993,81.24182056129126,57.95006570302233,60.16877824243797,23.80952380952381,0.1407046564444991,0.4218344484688906,6.300216720286495e-7,4.747462614778319e-7,0.1510712313677805,0.25567280843122,PP
2508703,250870,5318,4136,1329.5,88.32315483087578,88.21386910522315,1034,89.83415303354863,89.80219775349144,498.8574054833479,597.6476869814056,-295.5,-22.22640090259496,1.5109982026728517,1.7107611311735444,0.5293658415162242,0.6603,1.25450861779394,5.594718965490846,86.10235207326733,6.613155333549408,60.71452304760359,39.28547695239641,82.55253768750218,42.01062239551007,45.46469439017583,54.53530560982417,62.96,97.84,5.67,29.2483660130719,83.78453809656712,19.6078431372549,0.4422374504220465,0,0.08416051526970748,0.09869177796421459,6.759202912233684e-7,2.693002345369447e-7,0.08478303599400645,0.06227500860778185,GP
2508802,250880,480,325,480,76.6593276305113,77.398700853641,325,79.097268596443,79.1298501491767,685.4144674272222,718.0157246874755,-155,-32.29166666666667,2.437940965931702,3.1802274312687464,0.5407803039847234,0.5517,61.56528761443897,25.88833274398943,70.7413397286258,6.671480182863416,14.84173882462067,85.15826117537932,95.81120582154679,72.600523160102,89.69656552184061,10.30343447815939,86.76,96.8,5.32,44.57142857142857,74.37479159719906,18.28571428571428,2.037067074634713,13.51351351351351,0.2331885084939919,0.02896330613673306,2.057977591009074e-6,8.991203933293572e-7,0.2457827315770031,0.05930953440917458,GP
2509008,250900,1829,1308,914.5,87.10630620268944,86.1204799160558,654,77.74614998305594,77.26782676727586,447.9478682224857,539.4866906322171,-260.5,-28.485511208310555,-9.360156219633495,-10.745670006776727,0.3935091586741061,0.5486,7.305088061403507E-07,20.13054389088214,95.63937090737622,9.561135177516487,44.25202928931809,55.74797071068192,94.31855822449245,14.35227760344746,65.24822695035462,34.75177304964539,30.86,96.03,6.88,82.15827338129496,86.74525589419207,44.1726618705036,26.86598584856478,28.57142857142857,0.1587024030371177,0.1475507289869246,7.633065447650812e-7,6.726492630011958e-7,0.2510908933127596,0.2203171320998557,PP
2509701,250970,3032,2321,1010.666666666667,87.01193935496907,86.08519699593103,773.6666666666666,85.07578664297996,84.491574680878,682.1560059652178,708.039037211545,-237.00000000000034,-23.449868073878655,-1.9361527119891093,-2.2251575201542035,0.3633385682981397,0.5286,1.842011397916E-08,14.83521378521112,77.46282049590933,5.862761024993315,34.40039306996727,65.59960693003269,98.6230109882791,57.40127867067441,67.43209185102212,32.56790814897788,72.94,99.56,3.68,0.4161331626120359,75.33526245371667,23.78361075544174,13.60958080115879,18.6046511627907,0.2032424612580935,0.275362011289436,7.25856742416221e-7,5.770974628250669e-7,0.2057381615907982,0.3565645180809537,PP
2510006,251000,3427,2581,1713.5,85.120455842515,84.46940343762515,1290.5,75.4324544026467,74.49794027430265,488.9986129381265,596.9185653419846,-423,-24.686314560840387,-9.688001439868302,-11.381519687573675,0.3981058433539852,0.4923,0.2292446915609387,30.49328826658984,98.84184638636474,8.275843188160167,55.62480924073295,44.37519075926704,99.88369721261212,19.6795976626954,50.40266592613163,49.59733407386837,45.96,97.5,12.19,0.8839779005524863,83.92113301860594,42.76243093922652,32.64432023892466,14.49275362318841,0.2104095075687771,0.03790565329497735,3.288254133008175e-6,2.491665645043274e-6,0.3952643247923667,0.1796656021783485,PP
2510402,251040,2588,1725,517.6,87.31500125114066,87.42744752302124,345,86.05701489551532,86.05190123850876,543.6220969915496,550.067709924608,-172.60000000000002,-33.34621329211747,-1.2579863556253343,-1.4407448177284432,0.3323854984251235,0.5686,0.002086719596827181,31.32483634921547,91.55465251435386,13.37969316192608,44.35305317838485,55.64694682161516,98.29077684850932,42.75710893392947,61.76567656765677,38.23432343234324,53.55,99.22,13.97,1.571428571428572,89.95049504950495,48.85714285714285,16.1778086835734,0,0.1456359770233148,0.1067016835354171,1.024943807735049e-6,3.880412545656324e-7,0.1740277901957894,0.08562220294476768,PP
2510600,251060,1280,951,640,78.6754607324791,78.36903178186324,475.5,79.7200691037922,79.52121627792309,628.9757909118803,618.917158520348,-164.5,-25.703125,1.0446083713131031,1.3277435703428477,0.5174682299436215,0.7261,1.010385968982233E-10,0.3292617675455108,86.75798023089831,18.875433493488,30.24897143047985,69.75102856952013,97.876999498827,2.47526601193417,69.25976696367375,30.74023303632625,74.65,98.98,12.86,1.556420233463035,90.54146675805346,49.61089494163424,42.0906723921398,0,0.2725930498601721,0.1528038889872325,1.853547506923687e-6,4.916945257950223e-7,0.2619829581097731,0.1778490024196631,GP
2510907,251090,2139,959,713,83.15755099264643,83.21551570296194,319.6666666666667,82.72293750232484,82.67783980329844,531.5492294281236,676.6968578314575,-393.3333333333333,-55.165965404394576,-0.43461349032159546,-0.522638636099358,0.413048257134546,0.4597,0.01270561184254524,14.10318408667001,81.76724722801633,18.12685672149313,51.51668932963364,48.48331067036637,85.4510031485086,36.05001974967426,55.59597326791304,44.40402673208696,65.6,73.84,16.42,79.99196464443553,74.34227222739193,23.42306147047007,0.1851945628225227,16.94915254237288,0.3316451082347687,6.548737973113974e-4,4.182288122213775e-6,3.080018956829052e-6,0.3994370104291116,0.0623953896707808,PP
2511301,251130,631,455,631,88.4985802952064,88.4334628962048,455,86.1718138889423,86.1499130099197,667.1896509716844,733.4822306896097,-176,-27.892234548335974,-2.326766406264099,-2.6291567599193795,0.2441647339683763,0.6929,0.0002407355366691853,10.14202831104932,65.57979233686882,9.385699049076779,27.68874483735716,72.31125516264284,94.50573120905429,48.78657734565144,72.8093176413196,27.19068235868041,57.61,97.55,9.72,0.2203613926840018,61.40008537105921,30.14543851917144,5.513959473580599,0,0.2547860747839843,0.03242708426662789,1.641062518806459e-6,1.704950671081725e-6,0.3596730274085344,0.01985208268163989,PP
2512036,251203,5162,3584,2581,85.3444199607825,83.14941066630209,1792,80.00630239760915,79.94368598243656,509.3240557499462,587.1472626815556,-789,-30.56954668733049,-5.3381175631733555,-6.254793887668731,0.3011919334453181,0.454,0.2861466531858455,23.18997755234863,112.3900895740677,4.020217352144035,72.0540490260064,27.94595097399362,98.41886469499434,15.58527831429731,36.37075718015666,63.62924281984335,66.64,94.2,8.44,1.375752364574377,88.79895561357702,26.65520206362855,25.67346288473674,38.46153846153847,0.1480412524288934,0.02166093828350735,7.321492449053724e-7,7.31778306165631e-7,0.26474578112449493,0.179557261694801,PP
2512101,251210,482,385,482,83.2615213548572,82.2251391469834,385,77.7393735558223,77.3959895625903,733.4449349550699,806.1455492820792,-97,-20.12448132780083,-5.522147799034897,-6.632292695565494,0.5815405846839836,0.6112,0.09045061947761374,35.42571256039806,70.50569430743099,6.862767743317682,20.32141630548015,79.67858369451983,93.88330559798233,61.36848371895171,84.2818344546633,15.71816554533671,79.81,98.17,6.34,39.79558193208045,67.08536510091969,62.3804813715793,12.32850516551783,16.52892561983471,0.2377145911853074,0.01579068551821176,4.946473551471832e-6,3.935189743860927e-6,0.3206536850005056,0.06563716370815717,PP
2512200,251220,846,699,846,73.0755490070857,73.498235484064,699,75.1499818127991,74.3591105641466,587.7012000187817,673.8254127721996,-147,-17.375886524822697,2.0744328057134,2.8387509008139706,0.2864518205530822,0.6699,5.25283233806407E-12,6.187249666989945,90.92926610050954,26.74438219600592,35.92145787820436,64.07854212179565,97.85766660074701,2.655681707531133,66.93114921934989,33.06885078065012,52.45,97.14,26.32,64.82558139534885,85.05246992577426,49.12790697674419,1.591128530908744,0,0.1673766763936705,0.3687537563030081,2.055782289765813e-6,4.546227888318925e-7,0.1488520142264803,0.3525317413215717,GP
2512309,251230,3079,2401,1539.5,80.37660889056221,80.046974539275,1200.5,78.93663916722565,77.95284245076624,645.2290092163868,690.3835200739874,-339,-22.02013640792465,-1.43996972333656,-1.7915283354354612,0.3302807803776335,0.7309,0.08348232676098345,37.28034948476907,74.55307828769043,5.357528020371971,32.18477161126481,67.81522838873522,76.60545779221827,58.27238999824085,74.5679012345679,25.4320987654321,63.03,97.13,18.06,1.795774647887324,67.44539411206077,40.80985915492958,11.93717638560032,7.462686567164179,0.2267886313146461,0.2530797185654106,1.130282308752812e-6,1.150998742032463e-6,0.3581799395075066,0.1355127167195796,PP
2512606,251260,705,465,705,47.8901047513568,49.5731592043297,465,71.2619544260398,71.3383509747125,623.2643150052228,596.1137591202936,-240,-34.04255319148936,23.37184967468299,48.803087393582764,0.4979912954144374,0.7285,0,58.74627196122194,97.18069222132425,8.011672805299492,62.55405067446811,37.44594932553191,99.97891435145176,37.8426224842478,53.36787564766839,46.63212435233161,53.66,100,6.31,0,89.23431203223949,33.08687615526802,0.04305669264008945,0,0.09110476516415449,0.1033384112725398,5.505795240555477e-7,2.725368689409711e-7,0.1128499024461855,0.08932864679775997,GP
2513208,251320,1059,454,1059,78.1261316590529,77.2184048328616,454,70.6846035844644,70.7467423699171,566.9832836210255,684.3398693963633,-605,-57.129367327667616,-7.441528074588504,-9.525017963341352,0.3701580854970141,0.6012,0.1373908929589267,30.72496039774116,92.64709958379686,6.864207074127308,54.03574584290462,45.96425415709538,91.39495709588553,26.97393563764041,50.76534903280068,49.23465096719933,78.08,99.44,8.37,0.7570543702684102,79.54583683767872,38.81624225739849,34.19221217309785,0,0.2211451913605353,0.01769618861400581,2.744888106017862e-6,8.216946697068548e-7,0.2507374655775146,0.04525483897067704,PP
2513356,251335,2193,1737,731,89.72598013535696,89.34351502876213,579,86.69216677086493,85.57281538802444,451.5492476542173,630.2090527572352,-152,-20.79343365253078,-3.0338133644920333,-3.381198355164631,0.3263289067795929,0.6557,0.1338631581456504,27.68519330388964,94.90130900232509,12.11430761322326,59.30672513620495,40.69327486379507,98.92352112889473,5.129242085342686,44.7687053710028,55.2312946289972,15.7,99.79,12.56,5.81270182992465,102.5147469729897,15.82346609257266,30.23490892111804,0,0.105611571201531,0.02854628220583316,9.719392642405507e-7,5.817964224772309e-7,0.1255270696360827,0.06347072957655447,PP
2513406,251340,304,215,304,79.0075095175373,80.4707939423296,215,87.7540249649337,88.2554453090937,750.6516571419463,877.0526646949401,-89,-29.276315789473685,8.746515447396405,11.070486211763123,0.5254596593162629,0.645,1.180997943839335,57.16015460759065,75.6791285524742,4.924472164570163,8.4928777654817509,91.50712223451826,97.98381397791502,86.08157464633136,91.8383784146587,8.1616215853413,91.54,96.32,2.59,104.8667439165701,65.1318880461776,36.15295480880648,24.36999455461531,11.62790697674419,0.1510759744692376,0.03761810884847746,1.044101051621101e-6,8.205291659637072e-7,0.2042534311545315,0.1171632447643866,GP
2513505,251350,3120,2313,780,91.24011470718153,90.77757743094188,578.25,88.02658792810453,87.40952886855005,490.4558669616505,662.0089491846891,-201.75,-25.865384615384617,-3.213526779077,-3.522054733699346,0.4298948433938829,0.7023,0.007984407924186632,17.67155320360253,95.92608648984186,10.35380587903409,57.89470114605825,42.10529885394175,96.38163105610205,5.486955552499395,48.43094143513892,51.56905856486108,28.65,99.26,13.24,0.07336757153338225,64.92104737157706,12.25238444607484,11.31484569815466,0,0.1136227017731092,0.03658234028951196,6.683440291000646e-7,4.880291617725484e-7,0.1242425722530977,0.06597709009302433,PP
2513604,251360,1280,1080,640,82.36765734935736,82.0439667446656,540,76.64444802521291,76.13402509345624,577.8342375134916,644.2498348900564,-100,-15.625,-5.723209324144449,-6.948369673632708,0.355092069633645,0.5305,0.1127541154023796,29.67290292339936,84.43127810286059,10.17144378994017,48.44262375230319,51.55737624769682,93.73562340383994,14.60793355599014,58.87010811633927,41.12989188366073,28.68,98.63,13.2,72.31292517006803,82.1531901933912,29.65986394557823,30.76001119087214,0,0.2262217017555173,0.0359901125411715,3.747211716050185e-6,6.375510778416885e-7,0.2553368787639078,0.03541907058364595,PP
2513802,251380,891,634,445.5,82.3283578478311,81.97168466775466,317,81.2688227698039,81.72269039076261,659.8712692533068,638.7152650497998,-128.5,-28.84399551066218,-1.0595350780271957,-1.2869624825817034,0.5916455008968154,0.6088,0.005353694508128141,39.35346760663726,88.76395632034361,15.89310545602885,51.58770875669182,48.41229124330819,98.06823739231457,91.3190884010725,58.19132015451034,41.80867984548966,72.95,94.83,16.55,0.6789524733268671,91.38832083617359,32.58971871968962,13.67863845392823,0,0.1960611772774804,0.1030710097055421,2.355401902845539e-6,3.643757003439814e-7,0.2190637761820885,0.1560695829824099,PP
2513984,251398,1928,1803,1928,84.4502021245451,83.1890097538415,1803,80.4187573362524,80.020767578052,535.4959967506693,609.8945214291975,-125,-6.483402489626557,-4.031444788292703,-4.7737538654403995,0.5433731400557619,0.4832,0.1307194874445686,28.33133003136427,97.13449756138372,10.17213452962183,58.72399913882832,41.27600086117168,99.03549229788038,13.99913809799643,40.32515141855276,59.67484858144724,49.91,99.56,10.27,1.028571428571428,91.04239719477208,63.42857142857142,0.9654523747565185,27.02702702702703,0.2415806369704549,0.02455842504491573,4.262234797633126e-6,2.621037552503139e-6,0.4458143903226044,0.04383841504838944,PP
2514008,251400,268,117,268,89.4898008908212,89.3908543536826,117,84.4727119497245,84.6469251192885,689.1778023120469,726.2535612974725,-151,-56.343283582089555,-5.017088941096702,-5.606324845015155,0.1801269803794271,0.5935,0.2979395723254549,37.07120625874175,90.64837442650929,20.74742266153904,45.91653806797327,54.08346193202672,98.6271333410141,57.6625784934534,59.70433953266572,40.29566046733429,50.26,98.08,18.55,0.1958863858961802,81.92656175488794,51.5181194906954,0.2694980215403371,0,0.08934655921901506,0.1620828606740607,7.494627761524664e-7,2.538712569808414e-7,0.05957011685877002,0.2199883870488661,PP
2514107,251410,1455,1071,485,85.87006972282974,85.18750585647857,357,87.5721341196532,87.6089663438393,440.1480358434321,552.4567648215958,-128,-26.39175257731959,1.7020643968234594,1.9821392975659158,0.3660430060337307,0.6156,1.295577704265019E-08,25.5412851066637,96.90148198806925,12.85230889874479,65.17542840607412,34.82457159392585,98.08827468695507,27.68647961563953,34.38967136150235,65.61032863849765,44.8,100,11.14,101.9650655021834,91.36150234741784,28.87554585152838,31.31876209797893,0,0.0399282248181116,0.1980332564706287,1.594275475426059e-7,1.477125579196218e-7,0.03356519330644695,0.328842286967198,GP
2514206,251420,1773,1428,886.5,88.5773623357472,88.18349084482719,714,77.13179926081526,76.9927041289432,478.281919969597,603.1781838783958,-172.5,-19.4585448392555,-11.44556307493194,-12.921544255910689,0.5612239002266165,0.4769,0.1792008970242338,51.16902763263261,86.4203010607106,9.798314302822256,56.02548167081791,43.9745183291821,95.2542849946212,19.89163960605584,44.52401010951979,55.47598989048021,25.82,96.32,13.01,0.7889546351084813,80.03369839932604,57.10059171597634,34.47455332420548,37.03703703703704,0.1941897664902712,0.01721575925473704,1.053432413841347e-6,6.189012692232872e-7,0.2270167784525579,0.1356788986173731,PP
2514404,251440,1343,884,447.6666666666667,77.2226500395423,77.5769411778493,294.6666666666667,79.69860033218804,79.3115787890535,566.696591066458,617.3512196949043,-153,-34.177215189873415,2.4759502926457344,3.2062488031398946,0.408306831230422,0.486,0.1915871098053387,59.06248421640801,95.62209609596084,23.24986496323488,65.56142974416849,34.43857025583152,97.27874711307128,33.59547612726509,41.72608802557167,58.27391197442833,68.6,95.26,26.24,0.2243829468960359,78.6083107941972,41.51084517576664,0.1215143784594981,20.83333333333333,0.1765343242287854,0.06367528714406949,8.031964585234477e-7,3.09258416495999e-7,0.2285033351152425,0.06193364961591746,GP
2514503,251450,1976,1574,988,89.03463410050236,88.34542368243025,787,81.888121342402,80.8385851063362,664.3404599622386,703.0005112208258,-201,-20.344129554655872,-7.146512758100357,-8.026666061246871,0.3580665179465692,0.4991,0.03501217367065199,11.71592034545268,78.65581921762994,8.762902813373,43.36244036583236,56.63755963416764,96.45400912773096,49.95637749238552,65.74902621328562,34.25097378671439,71.41,97.28,8.1,2.690707350901526,73.83408779871566,33.17614424410541,22.93979117046025,24.39024390243902,0.2385514334082332,0.01184080496497279,1.247314465253296e-6,5.377264823364726e-7,0.2315357142975455,0.03452947371334588,PP
2514552,251455,4933,3377,1644.333333333333,87.2503543773492,86.80182158687113,1125.666666666667,82.4060461095783,81.62162419172263,522.180346017046,602.3840778439206,-518.6666666666661,-31.542671802148764,-4.844308267770899,-5.552193228717149,0.2994851614342116,0.5298,8.186348248970903E-08,16.59101078679347,88.36281824096797,13.6184405849105,82.40045555723671,17.59954444276328,94.71041472831256,1.571715657817393,19.1913272780545,80.80867272194551,2.73,98.22,22.52,10.90047393364929,81.6876648110167,41.23222748815166,17.11272140254315,37.03703703703704,0.2482848055090876,0.1287084330057525,1.960233062477731e-6,6.592970176664977e-7,0.3747182335813883,0.1226306255637204,PP
2514800,251480,360,106,360,88.8024289775947,89.0532416182219,106,88.8986076535171,88.9240296875831,477.6144480741446,557.686747997433,-254,-70.55555555555556,0.09617867592240259,0.1083063571906,0.4069427395855029,0.6715,3.220547168909784E-09,40.21777129513254,77.42645804402231,10.54248249230495,57.08318021167483,42.91681978832517,99.51482368465629,50.80097133285322,52.30137789504544,47.69862210495456,51.09,99.42,10.25,0.3842459173871278,84.02228085605394,55.61959654178674,17.96394356576246,0,0.05890289166588096,0.1439595193944966,2.956565946214748e-7,2.235739669144342e-7,0.0893641852682833,0.3172873491175464,GP
2514909,251490,315,184,315,60.8195005800493,62.0284842494368,184,73.2383827909366,75.3429930029008,653.8448062545756,794.670886355059,-131,-41.58730158730159,12.418882210887297,20.419243980048527,0.2409471934204544,0.6614,0.213095976703119,38.27493851582061,82.01234559302434,14.19827026470771,23.53867481864294,76.46132518135705,96.84545443373375,74.28880823192128,80.32171581769437,19.67828418230563,81.22,95.79,14.6,7.368421052631578,75.84450402144772,18.5645933014354,0.2912682511358879,21.73913043478261,0.1265027374303624,0.05479768280581408,8.817921119744239e-7,4.40077193115267e-7,0.1461621185379968,0.1159377906082069,GP
2515203,251520,939,615,187.8,86.61999529209095,85.9645704987025,123,84.07439430904914,84.25737483573846,537.2313940786796,618.4816673416406,-64.80000000000001,-34.50479233226837,-2.5456009830418083,-2.9388145017299956,0.5218803895827437,0.4931,1.646750079958744E-09,47.67617055138417,94.13496082739965,13.69616050091896,35.33305542974752,64.66694457025248,96.60126600904721,33.79107583628017,70.53435114503816,29.46564885496183,56.27,97.42,16.31,66.19718309859155,87.38931297709924,52.26917057902973,80.8606532032205,20.40816326530612,0.0682400173666486,0.2885625789062767,2.331508649923512e-7,2.308076838352926e-7,0.07658197233701738,0.5171450547060099,PP
2515708,251570,1480,923,1480,82.4396562044192,81.8929385366086,923,73.2196643338507,72.2082525435687,558.0908764703845,626.5671417352713,-557,-37.63513513513514,-9.219991870568492,-11.183928093666957,0.5562071514587517,0.6736,0.123226442418965,21.95618386963507,103.9685306203387,43.74535226359699,40.53323808005849,59.4667619199415,92.8783625425635,33.60895076713816,77.25263515810948,22.74736484189051,78.97,96.34,7.45,0.2192982456140351,97.14382862971779,19.73684210526316,19.0592510245752,0,0.2103503956365362,0.04524314753505291,9.129423604671642e-7,8.346991762175219e-7,0.3051467980679335,0.120500012596571,PP
2516300,251630,987,710,493.5,80.6684106456135,80.87295793212334,355,78.16912457965836,78.30623341541204,635.7516549294522,723.8381836174308,-138.5,-28.06484295845998,-2.499286065955147,-3.098221529285888,0.3778444966091636,0.6072,8.388401422640752E-11,45.60916651617882,83.32915398558207,7.507860128044004,24.83068902247322,75.16931097752678,97.4865961850727,24.83211882405989,79.62475889882518,20.37524110117482,75.49,99.85,8.85,6.374881065651761,74.19486819802444,61.13225499524263,24.52410715300257,24.15458937198068,0.101615948867709,0.1979033811549206,7.415227756190287e-7,5.251708748622749e-7,0.09405794344461083,0.315288939103712,PP
2516508,251650,2922,1996,1461,73.040429833907,73.41833661574074,998,72.84639248182044,72.97780689292135,520.4212827370462,602.0053830651071,-463,-31.690622861054074,-0.19403735208655348,-0.2656574619396298,0.3499170217453338,0.4205,0,39.73707236069063,82.47834377408707,12.48864905497491,40.35707741230391,59.6429225876961,95.9249674104845,58.64780047482773,67.65270568157577,32.34729431842423,75.12,99.03,12.14,1.296660117878192,80.99267581597098,41.13948919449902,18.6416669084255,28.08988764044944,0.09142400341774322,0.2215135010563707,5.193763886590245e-7,4.951487349941414e-7,0.1333204069433495,0.2276350719695591,PP
2516607,251660,1492,1439,1492,88.221765303657,87.6697292812199,1439,85.9449478135903,85.2368161868709,587.794503232239,585.4139032591679,-53,-3.5522788203753355,-2.2768174900666907,-2.5807888588830035,0.3094986367378103,0.405,25.35988846825292,31.56787190734795,84.74137922105828,8.543091684013065,52.91611176460729,47.08388823539273,92.20082935999007,27.14093471204203,59.140242604809544,40.85975739519046,32.92,98.66,9.11,11.85503685503685,79.7474639994325,36.17936117936118,23.23933448646019,17.14285714285714,0.441297602556262,0.07778183918754994,1.513692967466978e-6,1.4146855667834e-6,0.5858558880653184,0.1379051720054988,PP
2516706,251670,4424,3280,2212,90.16254252337615,89.77413504515721,1640,91.3265347562416,91.31987404262225,615.1590282951224,654.4222135789292,-572,-25.85895117540687,1.1639922328654535,1.2909931333887008,0.4045465976886449,0.6196,0.001884785537364241,35.35898207254461,77.61105236933483,10.13383385337824,32.20318991807441,67.7968100819256,82.59655946667704,33.30070365205135,71.99945164164781,28.00054835835218,47.42,97.05,12.09,1.011073663938373,86.06484337514566,51.27587867116033,16.17414467420865,9.950248756218905,0.1427775323810776,0.09602370358868513,2.61678954556393e-6,2.009479904655158e-6,0.1558268321073852,0.1924229950537928,GP
2516755,251675,2007,1435,2007,80.3906053849894,79.3920389837793,1435,72.4945574840827,72.6016943834502,557.4489060868252,578.8127141054447,-572,-28.50024912805182,-7.896047900906694,-9.822102798072784,0.4800490138125579,0.3847,0.4934996624862859,31.93094144371565,89.3909259734777,7.568401591035892,40.5783773578788,59.42162264212121,94.20024986082869,4.603326739688249,65.35087719298247,34.64912280701755,23.7,99.16,7.23,17.69087523277468,75.87719298245614,45.43761638733706,1.139187088355957,51.28205128205128,0.1364800812294313,0.3449211581786632,1.010541181797257e-6,1.327671456769696e-6,0.1546383737532102,0.4501354641925129,PP
2517001,251700,2238,1970,2238,79.0506328085805,80.2628346799093,1970,73.6180474518833,73.7186325464342,542.4359030830957,564.3711806678211,-268,-11.974977658623772,-5.432585356697203,-6.872285728378795,0.4565100906108598,0.5731,0.01244582333752028,21.54033749472013,76.33241033571788,12.79279944415209,57.61704115740518,42.38295884259483,94.84505133728767,30.76968330435573,45.40160421931656,54.59839578068344,41.56,99.42,10.76,108.7301587301587,73.99186902538183,35.25480367585631,16.94706591319366,9.00900900900901,0.4307415535406897,0.1188422803896983,1.230503682275185e-6,1.006595583696617e-6,0.295414682791268,0.147707341395634,PP
2600104,260010,5882,5272,1960.666666666667,80.18005741352417,79.4775966164883,1757.333333333333,79.75366515715483,79.51716391475857,733.5200974246826,819.2397954495773,-203.33333333333394,-10.370622237334269,-0.42639225636933986,-0.5317934036517904,0.4759000001549989,0.6635,0.4959422946727899,35.66275923876817,73.6234610911906,2.370000044869453,21.90492499120862,78.09507500879135,94.30999997843682,72.93999976194155,79.85009586892103,20.14990413107896,76.58,98.43,2.03,2.531400966183575,73.6074105430912,48.19323671497585,24.39024384717816,14.84230055658627,0.3196584455352541,0.1526909224840161,3.212788854647257e-6,2.06053933986872e-6,0.3435545802234315,0.3206509415418695,PP
2600203,260020,529,193,529,78.9590403116332,77.9882769996108,193,71.4391362735002,71.4775430471198,543.805492880178,631.3348143957878,-336,-63.51606805293005,-7.5199040381330065,-9.523803744895671,0.3079000645676365,0.6643,1.897284155304567,32.77722181361976,97.28191531694412,7.31000293209447,66.67233779487917,33.32766220512083,97.30999976740756,25.54001935599599,32.2300305777587,67.76996942224129,47.98,97.93,9.08,10.84142394822006,90.15610750496218,40.29126213592233,9.615388889177472,12.65822784810127,0.1452590975761004,0.2257405479258142,3.457590088081332e-7,4.944566979767816e-7,0.137407230508467,0.6935793539951194,PP
2601201,260120,4083,3760,2041.5,74.0334268422205,72.348607890379,1880,76.6467030410055,75.96394210451575,909.0510386878689,921.5951443644541,-161.5,-7.910849865295126,2.6132761987849875,3.529859835280059,0.5324799201883511,0.6496,0.4327068499892099,26.82197799394216,51.720732737151494,2.62433738238203,10.13803623968113,89.86196376031889,96.9313837632631,86.14703382912346,93.3260379619859,6.673962038014096,92.08,98.52,1.28,68.30601092896174,55.97503940803272,29.23497267759563,17.75015693008234,13.65853658536585,0.4091623626807215,0.2194294428121231,3.881506689413554e-6,3.644454373576376e-6,0.4456203536038976,0.5194723821874079,GP
2601607,260160,2478,1762,354,92.82774376709928,91.8360353236537,251.7142857142857,89.93516091968797,89.99586498896367,713.5229799963007,674.5486144623278,-102.2857142857143,-28.894269572235682,-2.8925828474113047,-3.1160757872868996,0.3565999934105393,0.4062,2.355444177626603E-08,28.15587473689822,88.3177805631526,13.49999949876858,37.87586885349353,62.12413114650646,83.93000017266216,43.60000298348562,66.11968056011376,33.88031943988622,53.91,97.7,44.8,111.4140773620799,98.30434306968603,38.90298034242232,27.56892178597783,33.78378378378378,0.04834405814445378,0.2826674323118082,4.055609315758576e-6,4.310218093474673e-6,0.02726287868340874,0.6907335623637129,PP
2601706,260170,9880,7878,1646.666666666667,73.0669915690153,72.7650035731204,1313,79.65526353654161,79.20865467940193,750.3970802432804,733.7809474377902,-333.66666666666697,-20.263157894736857,6.58827196752631,9.01675548158209,0.448299986258103,0.5824,0,10.23933542062096,66.80887447140773,6.270000727665618,19.60322076595359,80.39677923404643,95.60999495345692,72.24999252708201,85.07947703856715,14.92052296143285,80.06,98.14,7.78,18.96507447354905,69.73448875229866,41.10169491525424,18.72340306071795,18.10344827586207,0.2928582709611605,0.05326038688124776,4.512760412155449e-6,2.766590233945563e-6,0.1772598819319683,0.07825411273965828,GP
2601805,260180,6640,4658,510.7692307692308,86.3818996958159,86.3330167602491,358.3076923076923,84.45296374967789,84.6121579996628,518.7193905558316,582.7454766722464,-152.46153846153845,-29.84939759036144,-1.9289359461380116,-2.2330325599813636,0.216400005873914,0.5538,61.19604082904259,14.07374096776113,89.91085531627093,12.42999981961755,69.07439678529927,30.92560321470072,97.78999983501907,34.50000072377927,36.48359486447931,63.51640513552069,60.55,98.38,5.72,89.80582524271846,88.78388017118402,19.36353829557713,9.433962922702953,24.09638554216868,0.08127195410091809,0.363788732062625,3.810709071120832e-7,2.314919305699788e-7,0.03483083437894094,0.3870092708771216,PP
2602001,260200,6761,4785,751.2222222222222,92.36326876579915,92.02071279702734,531.6666666666666,84.45533772109688,83.54444329985272,542.867893740023,586.9986548494445,-219.55555555555554,-29.2264457920426,-7.907931044702266,-8.561770442267484,0.5340746662812861,0.6025,0.0001461971565298789,16.71878916755058,93.22912617384786,18.80850115807755,63.47849369369933,36.52150630630067,94.44375448835018,26.67230750825437,42.85299497691705,57.14700502308295,40.65,93.52,20.71,98.84926394360357,83.85064312882902,23.15985900891561,17.96689955689853,16.9811320754717,0.369405602975319,0.02432998110738109,8.108198602741345e-7,5.930419545524417e-7,0.3630311431092121,0.04712302571882138,PP
2602506,260250,4875,4337,2437.5,84.17367393010925,83.21839096129054,2168.5,85.4992035845668,85.43498165357249,566.7125325424607,599.3550991973804,-269,-11.035897435897436,1.3255296544575543,1.574755612494903,0.3956708600273094,0.7599,0.0002855657824267478,39.55809469087352,103.2058767744154,8.071128878591098,53.62736995581596,46.37263004418403,93.4009824916159,47.93437941965725,50.89470954356846,49.10529045643153,68.88,97.2,7.38,2.009803921568627,82.88381742738589,30.98039215686275,29.1110474945243,19.04761904761905,0.3366920028078931,0.1427920511178564,1.338101981187595e-6,1.273983860514666e-6,0.3710814533858029,0.1692493458125491,GP
2602605,260260,4761,4157,1587,74.07277042904086,75.0067068550258,1385.666666666667,73.15164547985977,73.29928509180266,546.4937984360052,599.105155632026,-201.33333333333303,-12.686410417979396,-0.9211249491810918,-1.2435405667235,0.415300000121451,0.5573,1.077874989855985E-10,14.73107231936002,73.41965466256839,3.189999996625348,22.25763608617408,77.74236391382593,86.21000003319175,57.11000006602132,79.7760902224692,20.22390977753082,70.57,95.48,2.55,6.445047489823609,79.22660575003601,30.96336499321574,11.1731844075648,17.10730948678071,0.1728640197893486,0.04609707260077,1.9150083090995618e-06,1.020298479709066e-6,0.1424876955185291,0.1999211974044593,PP
2602803,260280,2412,1361,1206,78.91292567761195,78.14973427594654,680.5,78.0426227465914,78.02127263529326,467.4550654325907,536.1977039761547,-525.5,-43.57379767827529,-0.8703029310205466,-1.102864864719439,0.3640886761197905,0.5047,37.18731249871489,19.36052297418179,80.62553812846828,23.39271531823995,59.38963194644312,40.6103680535569,95.17260453472204,32.80924051115999,42.71511695117722,57.28488304882278,34.98,96.62,19.63,56.43072289156626,75.83137451350622,32.34186746987952,26.34919493333597,13.87137452711223,0.4328845604532394,0.122062948410638,1.303293824950953e-6,1.227517628886199e-6,0.3448694696614978,0.2752641043740129,PP
2603009,260300,4639,2656,386.5833333333333,87.83899755347625,87.15388924142009,221.3333333333333,83.53966759203959,83.46719027731493,631.5366770749085,632.854748807004,-165.25000000000003,-42.746281526191,-4.299329961436655,-4.894557179821217,0.3477244957528703,0.6615,20.624771012383,18.92872597395195,82.61709769282733,9.890255517311225,35.88587623301579,64.11412376698424,89.12595616766168,65.05119263565705,66.07190060798308,33.92809939201692,78.71000000000001,98.86,12.11,218.8832054560955,93.63269891620408,20.39641943734015,9.0358168749942,14.19878296146045,0.09041399681562651,0.1637062366475888,8.079945577572444e-6,7.829872549221688e-6,0.07383008565512798,0.4113540671447131,PP
2603900,260390,7382,6035,3691,79.056983332174255,79.36616970574195,3017.5,83.4461027200889,83.25092373873119,574.5167690225177,602.8079285654512,-673.5,-18.247087510159847,4.389119387914647,5.551842737880416,0.4700999989830715,0.6838,0.09778363685929542,28.38983051259865,80.94648422868707,6.729999938229017,58.95337485099719,41.04662514900284,95.12999995832885,43.44000055388962,47.70947323248578,52.29052676751421,62.83,98.4,11.16,27.05410821643287,80.77459500053642,49.71609886439546,12.903226147401,20.49180327868852,0.2809914941850683,0.1910742173353925,1.282161171595148e-6,8.015050604452101e-7,0.2864317104184925,0.06406611008418645,GP
2603926,260392,8158,7630,1019.75,90.19390796970308,89.20501812026245,953.75,90.71133889797217,90.7843647178303,485.7266891546585,604.6905937938321,-66,-6.472174552586418,0.5174309282690928,0.5736872255750382,0.2349000684063399,0.4542,4.691437560953339E-06,26.85228826531452,89.36512117321784,19.87999028331592,83.17768938626604,16.82231061373396,97.75999954938489,15.91002013505943,16.97034071411063,83.02965928588937,19.56,96.29,9.57,79.74747474747474,97.88381403709452,38.33333333333334,36.80980968072481,27.45098039215686,0.0751369768840417,0.6347165200369714,7.854580940953419e-7,1.027181959163621e-6,0.04034294338958589,1.232676471463728,GP
2605103,260510,5633,4111,704.125,85.76660208894589,85.34394459759987,513.875,83.52835677204784,83.33477969713374,698.5011513681502,693.8751041380677,-190.25,-27.019350257411677,-2.2382453168980447,-2.6096933566014773,0.3678999980623853,0.6127,0.08382233969819942,12.71304860613783,82.47821613802633,7.800001355460521,35.85585637934194,64.14414362065806,93.40999963732219,53.30999903085284,67.33561625653685,32.66438374346314,62.94,97.43,6,72.29508196721312,73.33758063231663,16.70765027322404,26.45502657579763,9.70873786407767,0.1917434600434995,0.4793586636010034,8.662339066535573e-7,8.143630965439529e-7,0.1805127813425616,1.086363718975113,PP
2605301,260530,9162,8727,1308.857142857143,90.31550254223073,90.27530991079882,1246.714285714286,86.56554091609232,85.9643961783123,535.018246854702,590.1052460499953,-62.14285714285688,-4.747871643745887,-3.7499616261384148,-4.15206860459528,0.5666735486676333,0.5382,0.2925211914275346,22.90257059863652,94.66799003508044,15.62904646595021,48.46533459476342,51.53466540523658,96.17892839475434,17.61916828683907,49.17667022814405,50.82332977185595,35.7,99.14,19.43,29.59950708564387,93.09282886053674,16.72211953173136,19.67542170774885,27.52293577981651,0.3252338794607588,0.01090495544142557,7.182057694835919e-7,5.325973854948238e-7,0.3867300467183375,0.0245117749205673,PP
2605608,260560,12134,9240,1348.222222222222,84.30536551097497,84.41014164811031,1026.666666666667,84.3600228712959,84.17102584220832,532.8037186571204,584.9889892822405,-321.555555555555,-23.850337893522298,0.05465736032093105,0.06483259990589293,0.4134000087978764,0.5123,44.83586166453996,18.81505355507218,77.15729231265205,10.77999936431493,57.76083738329721,42.23916261670278,95.18999998410575,33.48000156028809,45.2571991139552,54.7428008860448,42.86,97.05,8.44,42.91380625476735,77.59291164164411,48.54309687261632,29.50819411426508,35.71428571428572,0.1546810049076088,0.1411464066880542,1.773231289340594e-6,4.530307667036692e-7,0.1256782825476836,0.1063431621557323,GP
2605707,260570,5620,4184,267.6190476190476,87.24990474634922,87.14160392132484,199.2380952380952,87.78196626021888,88.13955527455258,705.7703302782163,732.0560877662246,-68.38095238095238,-25.551601423487547,0.5320615138696638,0.6098132890992375,0.3241001037738392,0.4402,5.996311385767252,26.15312356486165,73.55984036745825,7.199995926634224,31.79784472690461,68.2021552730954,97.17999682360767,42.14002510956578,73.3098568153882,26.69014318461181,74.3,98.49,4.91,127.7734877734878,77.98412012889938,44.73616473616474,28.66778194189613,20.17937219730942,0.06271939858299015,0.4808378609449992,1.006563703499873e-6,7.946315121347138e-7,0.03745347827364092,0.9630894413221952,GP
2606606,260660,4805,4597,600.625,87.70473899151071,87.26118920071352,574.625,85.9618571754311,85.99970102311335,541.1794685090939,570.4997573513258,-26,-4.328824141519251,-1.7428818160796027,-1.9872150993440654,0.3197363793361508,0.5703,0.3432967789160972,16.84063715700463,86.7034572140307,33.48892466314197,44.61856384592633,55.38143615407366,86.2920368467327,35.17777652692055,55.89397989533526,44.106020104664744,64.21000000000001,99.13,31.41,124.1425052112943,74.86540416399986,44.38127724085655,29.72621024195309,7.832898172323759,0.07530426229734187,0.4533282062226638,2.030134373682242e-6,1.82369992571161e-6,0.03365149486770867,0.3296723078390397,PP
2606903,260690,5604,3966,700.5,87.53967869077096,86.63592844898425,495.75,85.38301112007922,85.28740982007787,536.8200186853556,574.7522474618825,-204.75,-29.229122055674516,-2.156667570691738,-2.4636457466448403,0.5005999943430928,0.5781,1.003541871477456,39.31522929186787,82.48577961013007,9.999999821850391,48.12802381901595,51.87197618098402,95.17000014344187,37.48000089541836,53.19052783803326,46.80947216196674,49.16,98.24,17.55,37.77561608300908,86.44251626898047,61.284046692607014,11.3636364874374,23.62204724409449,0.1740360665541553,0.1639428714694473,5.936566128481539e-7,3.08542626278179e-7,0.2033533145742679,0.1833043962359598,PP
2607000,260700,2510,2571,502,91.15315384180434,90.9612789728364,514.2,89.30373597581745,89.17391981293206,509.4890756644021,538.2719390481311,12.200000000000045,2.4302788844621603,-1.8494178659868936,-2.028912646507597,0.1992977493972051,0.4829,15.82905218551815,11.35787079959047,82.20436261114705,19.85906350325644,57.37086429752068,42.62913570247934,91.0789719203461,27.63664175860711,45.45916373583431,54.54083626416569,36.61,96.43,11.54,155.6303549571603,73.33333333333333,40.82007343941248,18.87615768121093,23.88059701492537,0.06961468108920876,0.3645974394118292,2.302240924336975e-6,2.988604553334149e-6,0.03923335123232426,0.2189095952225902,PG
2607109,260710,2709,2324,903,79.90220920691516,78.92165106324607,774.6666666666666,76.51423512506787,75.8739579001975,540.0080327414698,612.8139574347545,-128.33333333333337,-14.211886304909566,-3.3879740818472897,-4.240150698554248,0.5588997620070874,0.7438,2.236545619175504,55.40568556985886,90.74068105580182,11.3708179705097,45.36870190247821,54.63129809752179,95.26102138750427,43.65924122190131,52.64594708105837,47.35405291894162,64.48,99.66,14.48,28.1591263650546,79.96640067198656,46.72386895475819,14.28849102190824,0,0.2600968813735322,0.1950151704551453,9.616595692667243e-7,4.160206266270384e-7,0.2702324760281406,0.197106109429716,PP
2607307,260730,2872,2827,957.3333333333334,93.1815526621351,92.9934116793634,942.3333333333334,80.1436666650573,79.20132864976726,531.8112328377562,541.8581357083415,-15,-1.5668523676880222,-13.037885997077808,-13.991917525083089,0.3535383004351091,0.4448,1.283450729774106,34.85431853384119,87.05489719674112,5.740176446243146,38.56129221237772,61.43870778762228,88.40195100942466,21.83851246713699,65.05724927576217,34.94275072423783,41.25,88.07,5.35,65.75611888111888,86.2222375500069,37.78409090909091,35.36478423564959,23.66863905325444,0.0998424510582273,0.02600125074149057,1.030765572808712e-6,9.146041790799831e-7,0.1453252862867886,0.02255603113098715,PP
2607703,260770,3863,3241,965.75,81.5030100347007,81.13897418274692,810.25,81.45792234410065,80.97894388953554,627.1757960454578,745.8803618088019,-155.5,-16.101475537147294,-0.0450876906000417,-0.055320276614133856,0.5088778192854629,0.6245,0.1209989974832682,26.16382782906696,81.19535931313176,8.622490128256342,39.22306736349205,60.77693263650794,93.87623849718659,54.23919320801141,62.78934765256513,37.21065234743487,71.23,98.1,13.71,52.12938005390836,76.35875480734344,33.58490566037736,22.59520212921959,23.39181286549707,0.2724634238279942,0.1873934643950214,9.326231414080692e-7,6.966345093212601e-7,0.3014804758165759,0.2409515771970317,PP
2608008,260800,4851,3340,1212.75,82.44843714171525,82.36514060704123,835,83.31820166040373,83.42439059425747,491.2103818645079,595.1520539303948,-377.75,-31.148216862502576,0.8697645186884841,1.054919351828953,0.3192741701635914,0.4086,0,22.87283297008823,80.86360761447946,8.11203140670728,41.69980621119512,58.30019378880488,94.37354877185825,55.89454576194322,64.24503227439564,35.75496772560435,47.59,94.38,8.8,74.8698273499589,90.49487406657384,51.27432173198137,7.144871551624844,30.56768558951965,0.1472581499818998,0.2078854640191035,8.686298315926284e-7,5.395199529281923e-7,0.07137118314369986,0.4400553939313838,GP
2608750,260875,2045,1742,204.5,87.1130632678697,86.8684674706914,174.2,79.58741527609888,79.53267252767846,595.5467125468961,615.0400028595329,-30.30000000000001,-14.816625916870422,-7.525647991770825,-8.638943126853103,0.4335889615125895,0.5497,0.3460722561595025,18.64866001170095,83.91059664087827,45.60838077481281,54.25208633803932,45.74791366196067,98.08632326762472,40.52362462938444,70.66555740432612,29.33444259567388,64.00999999999999,95.74,36.18,27.54424778761062,86.30199667221298,27.87610619469027,14.11788476693591,32.085561497326204,0.04636528299618714,0.1801298774136515,4.685922254356397e-6,6.941556962727351e-6,0.03679134861720552,0.7253151584534802,PP
2609303,260930,7507,5909,938.375,89.3750914433186,89.00752556224323,738.625,86.71425028811788,86.67300066489345,544.68095292562,642.6051625643498,-199.75,-21.28679898761156,-2.660841155200714,-2.9771618828364628,0.3145000003819122,0.4577,66.28505983469786,18.25987403945893,91.15180312866913,8.299999998236522,50.09085823830318,49.90914176169684,96.63000000343234,56.07999995120802,51.32174158891716,48.67825841108284,52.52,98.84,5.48,125.356921166977,90.25303929884082,33.05400372439479,13.20132016090411,27.66798418972332,0.1016190889013424,0.2301186717217799,1.422190684073122e-6,9.400047613197689e-7,0.08129997505520387,0.6383588437658241,PP
2609808,260980,725,712,362.5,96.0239350089159,96.00752061452015,356,93.48648938429889,93.5048997430084,484.9671484019505,538.9612633831275,-6.5,-1.7931034482758619,-2.537445624617007,-2.6425136861777254,0.3480999998804766,0.5466,4.714505657039455E-06,5.130600294116237,95.8877055685281,46.34999157037956,64.96964431824695,35.03035568175305,98.8699977593756,38.87000596501466,37.76192926990662,62.23807073009338,65.88,98.01,29.05,6.00338218714769,104.4776119402985,8.596392333709133,37.03703055158103,35.17587939698493,0.09946592092439807,0.2220065291051247,2.08818742736644e-5,1.975142677606418e-5,0.07167142352980366,0.5419058852253447,PP
2610400,261040,5772,4413,384.8,86.05718204582104,86.25469514396632,294.2,79.1277585663895,78.98980238901967,599.749175055617,657.6187065318729,-90.60000000000002,-23.54469854469855,-6.929423479431534,-8.052115250232074,0.4374717757540473,0.5757,5.890984091443542,37.63905013580969,84.51935253173909,11.64663964241133,58.42215111344377,41.57784888655627,93.1642485394827,36.40587874779873,42.79262325931501,57.20737674068498,47.27,97.27,8.38,27.63572679509632,88.38647239098876,33.53765323992995,15.22258925511322,16.39344262295082,0.08885648941780816,0.2327123160374126,1.474485703817571e-6,3.28186376038147e-7,0.08545788121049248,0.5590966311650555,PP
2610905,261090,8101,6776,2025.25,72.52562563704757,71.47574408219842,1694,80.98729462947885,80.94459698526087,651.2054900886491,675.1664234621161,-331.25,-16.35600543142822,8.461668992431285,11.66714374141006,0.3151304446722178,0.5042,6.04041210942384,12.21255408220398,72.05806320213838,7.09780310373805,28.42464846222728,71.57535153777273,93.64553309740626,63.37634667196442,72.34927234927235,27.65072765072765,67.25,98.08,6.25,201.0851011948305,80.69428999661558,24.4940258473543,19.51876444275057,14.97695852534562,0.4004107611702049,0.02861046775102323,1.617165103270801e-6,1.320774983388931e-6,0.3446641429360813,0.05848592271870904,GP
2611002,261100,3174,2671,793.5,81.44565667308385,82.62753042748405,667.75,87.77084568119885,87.90754675469297,761.4558005886906,700.2490289273975,-125.75,-15.847511027095148,6.325189008115004,7.766146491400752,0.4416999315519665,0.6126,7.543000588376243,11.46891147362116,70.62659462552325,2.580008048203945,27.30215300272011,72.69784699727987,93.61000192132065,70.42992850377055,72.5389056592714,27.46109434072858,60.41,98.46,3.85,176.5005793742758,74.89815656047595,9.038238702201621,18.54718033852559,17.33102253032929,0.05677810219406187,0.124601539564787,1.041100968863114e-5,1.625460876048486e-5,0.03560045814384719,0.3012346458325531,GP
2611101,261110,1904,1533,272,84.61245229260243,84.37586399847069,219,74.80576785081307,74.79987550205523,1138.055948265961,1162.106911607746,-53,-19.485294117647058,-9.806684441789358,-11.590119629054582,0.4804999942158899,0.6588,0.08903788219343634,3.173938831362637,62.36316325629263,14.92999987620482,25.42743710893345,74.57256289106654,97.33999983981136,73.91999986127591,90.3522658265297,9.647734173470287,80.87,96.2,11.93,60.58068671654363,59.10456902323698,6.971213397413665,19.61883402078684,16.65850073493386,0.05507076620738197,0.2273269982810298,3.09875469139179e-5,4.52227078116709e-5,0.03201791818542575,0.6190130849182311,PP
2611200,261120,666,655,666,73.7652612804912,73.3705492968989,655,81.9837923238097,81.3658841349252,496.9832018758753,517.3725161010619,-11,-1.6516516516516515,8.218531043318492,11.141465373609485,0.424239463576337,0.5918,0.04726156420339102,26.11183411368041,84.25755673426211,8.607285847349383,37.76622619716835,62.23377380283164,93.32232583552324,46.8996226538911,64.35445450214388,35.64554549785613,66.65,98.25,6.87,87.2794800371402,94.9785612196284,48.79294336118848,8.855530173215278,6.711409395973154,0.6197538798598567,0.03077426186112777,1.257296854127226e-6,1.222737882737751e-6,0.527940342241322,0.2024043486206677,GP
2611533,261153,5404,4302,2702,77.69179682287614,77.18648278827185,2151,78.03805163853485,77.3108849816854,479.6555148929496,566.0297272932955,-551,-20.392301998519617,0.3462548156587104,0.4456774457773341,0.573199863937606,0.7453,1.445472156343414E-07,40.69659713146098,83.52870949849245,7.879998512847342,62.97669346872633,37.02330653127365,89.8900021255708,28.99001822044996,51.53411692871317,48.46588307128683,45.89,99.73,13.84,1.135135135135135,94.48939093268204,55.72972972972973,22.47189974570965,12.34567901234568,0.3014483206371752,0.06850075270000296,9.771163468122457e-7,5.891807832796662e-7,0.3494440835052242,0.1055364972530806,GP
2612208,261220,6660,5822,512.3076923076923,89.18369712303311,87.70193275338805,447.8461538461539,84.10014099120286,83.92275551007376,918.9434327648288,873.6236659969908,-64.46153846153834,-12.58258258258256,-5.08355613183025,-5.700095752721761,0.4395792746228407,0.6789,7.173445110531788,20.12267763539155,71.21879029121487,1.102098645881717,19.28332881030901,80.716671189691,96.16014205846949,64.15618736548524,80.3667118600297,19.6332881399703,69.10000000000001,98.91,1.83,32.34438627108784,70.18045064239138,20.78243164630599,16.90225121223188,10.68376068376068,0.1176099332001559,0.1138412953192199,2.074251459807577e-6,7.995833497503535e-7,0.09750146785247052,0.3108367318120593,PP
2612455,261245,2388,1722,597,81.67146520562697,81.94230592023774,430.5,74.88220457197568,74.6331991743807,500.7076047143399,545.7388749351571,-166.5,-27.889447236180903,-6.7892606336512955,-8.312891921992275,0.2678821480428928,0.462,0.0443300939363431,45.72607074409126,90.98844834912369,12.91791273155937,67.27076159039228,32.72923840960773,95.20043850348856,27.66710067139285,38.09179616913625,61.90820383086375,39.72,97.38,11.77,58.73015873015873,80.6866642573184,42.96853244221665,14.29636365878364,14.77832512315271,0.1121931697585764,0.386743862037147,4.344815020759139e-7,4.012390490608146e-7,0.0577091254900929,0.8402208249192626,PP
2612471,261247,5240,3874,5240,85.32880137491,85.6061540798044,3874,90.8581972199013,90.6518529887449,551.0566261571166,627.5246397114448,-1366,-26.068702290076335,5.529395844991299,6.4801049070134455,0.211200004187722,0.5706,5.47235090807931,23.67511505592699,92.93847626153186,6.960000288692358,55.15805592458261,44.8419440754174,89.24000029696886,45.66999758704353,54.932134520619,45.067865479381,55.6,98.86,5.22,24.58620689655172,84.84481715224345,52.20689655172414,31.24999898921445,13.79310344827586,0.4653648741769381,0.1131968632466951,2.941363908404539e-6,2.465144072206561e-6,0.3773229922607714,0.2177572913113829,GP
2612505,261250,704,678,352,75.87182730389074,79.1079428792637,339,73.05701971037254,73.17027062870905,816.1878976013153,771.531157480619,-13,-3.6931818181818183,-2.8148075935181964,-3.70995097066003,0.4593999949123033,0.5728,0,38.38709506832968,57.73218303178238,0.4800002793520807,2.26987476594239,97.7301252340576,94.26999990865717,87.59999706360722,98.00254296378328,1.997457036216726,90.58,96.1,0.29,24.95500899820036,71.30655018251917,27.47450509898021,34.28571261878153,18.45018450184502,0.2335766742383138,0.2876981003805529,4.853569572829352e-6,5.844455724143865e-6,0.1325690422463694,0.4014386575801642,PP
2612604,261260,4408,3749,244.88888888888891,88.58235635107073,88.34861064723559,208.2777777777778,83.42732790888833,83.44664887230884,610.337590286181,577.6821869869752,-36.611111111111114,-14.950090744101633,-5.155028442182399,-5.819475406312205,0.4759730549264946,0.511,0.1334774989386017,19.1090672183916,88.04146267078387,43.67602047489761,62.27781228595514,37.72218771404486,94.21012834023396,41.31823272707474,36.7807864142374,63.21921358576259,41.46,98.81,34.99,34.1481974697993,97.46994791795225,14.49633786740226,26.24845557348857,16.86340640809443,0.04330376940663116,0.1576125745448852,1.165066958269346e-5,1.553254546382113e-5,0.0355985253963096,0.3721664018705094,PP
2612802,261280,9352,6877,2338,84.4215513904691,83.39365043650588,1719.25,83.58855515388956,83.1385886004007,512.5449348198201,605.3392079189026,-618.75,-26.46492728828058,-0.8329962365795467,-0.9867104108603114,0.5733279081197361,0.6761,54.24349177461664,37.20732707478219,77.9094098990533,5.940351201848051,37.36025591327658,62.63974408672343,60.97672918330216,52.752230939189,65.93374377015539,34.06625622984462,90.72999999999999,97.62,8.37,80.802163136548,74.8851754128799,31.81613339342046,31.77360935915205,15.625,0.2701050646252607,0.05641993582413818,1.007978160246745e-6,9.223949890180853e-7,0.2588563051708398,0.07669816449506364,PP
2613503,261350,11670,9007,972.5,86.99578061191353,86.79798833483542,750.5833333333334,86.14341904318623,85.58691423016754,612.3610418853373,705.8964740065289,-221.91666666666663,-22.819194515852608,-0.8523615687273036,-0.9797734588182752,0.442499957003468,0.6132,0.04802404438862622,9.579832659755244,81.98791621057391,9.419998732726649,50.43075000737642,49.56924999262358,98.05999981109039,35.96000888807714,56.78501666092151,43.21498333907848,60.54,97.55,6.8,18.31835528745537,78.07078019073883,16.73027206697033,21.5264176410836,10.08064516129032,0.1507522436759817,0.03736037719964323,1.351671587142841e-6,9.907104588490831e-7,0.131088877456195,0.06488899434081655,PP
2613602,261360,4798,3689,1199.5,80.10623970235797,79.1611011934248,922.25,79.12690374222917,78.82591535976613,641.772463523752,692.556582247388,-277.25,-23.11379741558983,-0.9793359601287932,-1.2225464130729458,0.3326066279723787,0.6431,0.03421515490229169,19.29590861984904,75.74105202856764,13.21099706666911,34.13970465253973,65.86029534746027,97.5651046249767,64.5338949557507,66.61929065185089,33.3807093481491,71.27,98.84,16.67,2.30607966457023,70.62471735900252,38.86469924205773,20.56969474831497,19.75308641975309,0.272748903912813,0.07477533674249379,1.154168765056687e-6,9.4174876102005e-7,0.2814055820333982,0.126446561089897,PP
2613909,261390,15002,14481,577,85.36398786569345,85.18769853900137,556.9615384615383,83.75007727817452,83.44463529530177,821.2057591961881,885.3869721628578,-20.03846153846166,-3.4728702839621595,-1.6139105875189301,-1.8906222962054675,0.274000016826467,0.5679,19.21890410171768,12.29188935777342,65.16433835692965,4.010001511429905,22.66383556056,77.33616443944001,97.51000063314181,71.83999104614078,80.11159478500635,19.88840521499365,79.24000000000001,98.75,3.45,41.09493505361346,57.6862536501699,42.5333449568477,16.41790870329368,19.59412176347096,0.1569863103608427,0.1974466683254715,2.286998115736783e-6,3.950568098337859e-6,0.1229995614179259,0.3019962915866444,PP
2614006,261400,6874,4283,763.7777777777778,86.70876447193045,86.25655032761976,475.8888888888889,82.9398767222852,82.72368399799792,558.4588939466809,578.3093190779122,-287.8888888888889,-37.69275530986325,-3.768887749645245,-4.346605297167297,0.4106849692425549,0.4899,0.07046927237075261,17.6501989717338,93.14868910604186,12.0964390360465,65.28834947877606,34.71165052122393,98.44794968907524,35.75972201696823,35.88729609490855,64.11270390509145,33.03,99.3,14.18,55.40201005025126,84.07755258966331,15.50610193826274,15.09474503097319,24.27184466019417,0.1514613330028937,0.1135106200169436,7.766251790503121e-7,2.971881582712008e-7,0.1763605014513849,0.184331276664593,PP
2614105,261410,9695,7027,605.9375,83.37566150866526,83.15606209075314,439.1875,82.46428437756282,82.49248591074677,681.5407888163593,731.2477925020503,-166.75,-27.519339865910265,-0.9113771311024408,-1.093097331536879,0.4821999995645726,0.3984,0.04921260934739281,14.86220541739194,74.14094216128545,6.570000118005075,45.07650852691527,54.92349147308472,98.3699999477138,59.14999952712554,57.21488815548221,42.78511184451779,62.26,98.99,4.97,3.453392688520168,79.70908201931304,30.39255362201538,18.10865213692107,34.48275862068965,0.1070368253452761,0.5946490105143059,4.463901679387649e-7,3.942173693166986e-7,0.1010110461458896,0.5920722033708246,PP
2614303,261430,2254,1813,1127,87.42180249853405,87.3160016806609,906.5,78.8690283852525,78.86936712756105,475.0586671873668,569.8471024224557,-220.5,-19.565217391304348,-8.552774113281544,-9.783342219951324,0.4037136481669982,0.6185,0.1463295763384928,45.25732901779167,97.88241768678722,9.770549820597047,38.66249400846719,61.33750599153282,89.59875635200197,12.55325891626832,63.71664609248884,36.28335390751116,36.33,98.22,13.32,9.472049689440993,104.8713322571456,59.88612836438924,39.89384402141397,16.12903225806452,0.2993358573199748,0.1528619219768187,8.632896555200184e-7,6.415524962510112e-7,0.350078720768258,0.1188349411046224,PP
2614402,261440,1754,1246,1754,93.606717335855,93.0790053726907,1246,93.5191155572299,92.9634216559881,504.0653267264321,581.1557569384827,-508,-28.96237172177879,-0.08760177862509977,-0.09358492757607353,0.51839998634339,0.4723,2.316602064471773,33.8803067344049,87.23885829202226,7.600000063881414,68.12325783004523,31.87674216995476,79.76000176303518,36.88999888350605,36.85527328714396,63.14472671285605,34.8,99.36,12.5,77.66360194699837,86.95150115473442,28.44780962682531,28.84615157539338,26.66666666666667,0.3056236824866781,0.128500874948261,1.121869096042236e-6,6.65575642463307e-7,0.3059015797668258,0.1736498522745378,PP
2614600,261460,2786,3111,1393,78.17292225251575,76.59432385095175,1555.5,74.1474943825009,73.7072197370567,580.8926699046704,645.1855465110141,162.5,11.665470208183775,-4.025427870014852,-5.1493890135152345,0.4641212598477687,0.5788,0.06072254186884515,26.39464707651412,92.28748350990372,3.420278632867833,25.2508127417489,74.74918725825111,92.73471471788692,72.06002200387535,75.65670453723135,24.34329546276865,74.34,97.84,6.74,6.460481099656358,80.97546855778276,35.07445589919816,28.30333242665391,13.55013550135501,0.333861858085827,0.1111889220467094,2.042918670024132e-6,1.423303266495449e-6,0.4634090258025477,0.2460491801011722,PG
2614709,261470,484,700,484,73.7712702580005,77.109011816322493,700,76.5891948510233,76.702369389463,492.9564425129121,535.5674725559375,216,44.62809917355372,2.817924593022795,3.819813029066273,0.4690999998743532,0.4347,4.89825937086667E-11,36.53618023466142,84.16502941082568,12.74999997729046,44.32220028728038,55.6777997127196,78.31000007196474,54.46000003836968,59.52435573908389,40.47564426091611,58.15,91.7,12.43,138.5115372115697,80.18658713772273,58.07604809879753,25.64102562446616,38.16793893129771,0.397378311914777,0.06293606470051218,1.191809826033278e-6,1.038060392011323e-6,0.3629315104036901,0.07350936488176475,GG
2614808,261480,2838,1998,405.4285714285714,83.90151669712773,84.36408440287728,285.4285714285714,85.99339176610461,86.0130576364655,500.3479124471249,546.1724986367457,-120,-29.59830866807611,2.0918750689768757,2.4932506006157675,0.3943966933669922,0.4842,2.557123726726819,17.46169999786094,55.4200491822882,7.770178691264976,58.34694695032768,41.65305304967232,94.68994896733908,22.15007691969189,47.90654831686484,52.09345168313515,56.89,93,5.05,89.31199411331862,73.21219226260258,38.61295069904342,45.45410495181081,28.46975088967971,0.05866749705036331,0.1851467849661654,7.162067670928757e-7,1.63010842129211e-6,0.03999979487883033,0.2209512479021104,GP
2615201,261520,4486,2168,1121.5,82.43127250800501,82.71124323293547,542,77.14493908514483,77.06981599130225,549.2291454936499,636.6788943975534,-579.5,-51.67186803388319,-5.2863334228601815,-6.4130193093244054,0.3394443937685003,0.6185,4.738291812655524,27.5389461846589,89.70463294396548,9.022696005246322,46.1900249901656,53.80997500983441,98.18925880950447,47.28933329192251,68.06458847275174,31.93541152724826,65.50999999999999,98.77,5.08,86.98039215686273,84.64902444494281,44.70588235294118,25.52977910101506,8.403361344537815,0.1594058303817022,0.2744908696462184,4.989275205865641e-6,6.046415413065234e-7,0.1442305565932247,0.6950064341739283,PP
2615607,261560,3733,2367,1866.5,83.5401745560313,83.68138791304321,1183.5,78.93533060360366,78.50280638397265,683.3026906410796,630.4525403084343,-683,-36.59255290650951,-4.604843952427643,-5.512131111647515,0.3488900605709436,0.4286,0.1700389519783819,48.20430266665876,80.5432644827047,2.821553812628164,20.33478447352957,79.66521552647043,93.14735084058488,42.46762740140392,79.5892762810354,20.41072371896461,47.96,95.82,2.14,92.29525862068965,87.52311146328579,28.23275862068966,34.88107647977148,30.13182674199623,0.1972612258558433,0.04109954912676744,2.478485328362015e-6,2.115241004504385e-6,0.1458273174750244,0.07779648999907728,PP
2615706,261570,6831,5706,3415.5,93.28422413636926,93.96600674967556,2853,93.36187015834216,92.43623133482384,750.5666875284026,807.2149039323274,-562.5,-16.469038208168644,0.07764602197289605,0.08323596266329855,0.2262000078810263,0.6118,22.57383934524935,25.31645538830726,76.11622055727243,9.220000132037212,47.06117672149996,52.93882327850005,91.45000004873485,21.77000007524003,58.4702433703729,41.52975662962711,34.11,96.97,6.05,61.40402843601895,72.08398663848932,52.81398104265402,18.86792468403139,5.235602094240838,0.2514673750964203,0.04526413492572169,5.891029588845531e-6,1.211399294081944e-6,0.1902602130117433,0.08298423247934877,GP
2615805,261580,419,498,419,89.9376264742316,89.9722773956316,498,89.0486594414846,89.0035395003423,475.9303397837606,518.6684307088614,79,18.85441527446301,-0.8889670327470043,-0.9884261655511953,0.3967996817420292,0.5614,0.02686967874016383,13.04353933754878,76.41764588897665,18.57004708142364,65.0603335055019,34.93966649449809,92.02003020788347,32.73000086086294,39.26806613412595,60.73193386587404,35.74,95.82,9.69,3.230739820302046,71.71094185398476,21.46817052188874,31.2499526598633,11.01928374655648,0.4443195336880335,0.07573676580029803,7.068750099162965e-7,8.154254137669567e-7,0.3407780148524558,0.1300377691505379,PG
2615904,261590,779,763,779,74.355819990463,74.6294267705211,763,73.1512163846166,72.4959074718579,641.7958648632332,686.7070691083876,-16,-2.053915275994865,-1.2046036058464011,-1.6200528835549195,0.4513420800170275,0.6335,0.001887695071568059,63.92242853189371,99.22961550698304,8.539001729086593,20.74592770479368,79.25407229520633,97.7951347230414,60.8914761113908,81.0228127350213,18.97718726497869,66.27,97.93,9.87,1.552106430155211,93.40686888944599,53.2150776053215,23.60863266429849,17.0940170940171,0.3594010604060947,0.2646624810645938,1.455296898580638e-6,9.751635025879077e-7,0.3242000248356913,0.1164547957398235,PP
2616100,261610,6360,5646,1060,87.09251310351628,86.66203589490468,941,82.1915931680599,82.31705004219756,576.9551729794541,651.8478607250461,-119,-11.226415094339623,-4.900919935456386,-5.627257453957332,0.3726000005526646,0.4602,0.9982384884741601,9.042865604610128,74.1303873565297,8.54999999368327,70.55348899150366,29.44651100849634,92.57000001650351,41.30000006896994,30.12876473155827,69.87123526844174,44.93000000000001,96.29,6.69,50.9730069052103,76.44041903099084,14.40677966101695,12.42236031019539,22.22222222222222,0.1158146694967453,0.1828652650532845,1.708704048628581e-6,4.055072135676168e-7,0.08111093857337284,0.3716839677662098,PP
2705002,270500,3810,2672,3810,66.9333566991976,66.0421748912466,2672,73.942725177999293,74.1181445611958,517.1337246558452,547.8328359891726,-1138,-29.868766404199476,7.00936847880169,10.47216040621151,0.1614391607051013,0.5808,0.2882379200670014,10.84341845502832,80.7890270685908,19.45647542940258,76.62567745137588,23.37432254862414,92.7172823249023,21.46118668154648,26.47435897435897,73.52564102564104,12.28,93.63,48.35,22.30769230769231,71.79029304029304,12.05548549810845,26.29384814602625,13.79310344827586,0.2733364825644602,0.1036125597440273,7.791418227496049e-7,7.76452355983967e-7,0.1994206214595341,0.05027322243429003,GP
2706406,270640,1199,795,1199,68.859734460844,69.8188711610417,795,71.8709787476315,72.0733020193873,621.2371904362894,695.8424546492362,-404,-33.694745621351124,3.0112442867875018,4.373011761321558,0.3266394191303056,0.5443,0.002266593087947866,11.19014579476416,76.74694347397045,12.86339776782926,54.50258202168808,45.49741797831191,95.58502183537702,18.93950481052395,47.05536419390069,52.94463580609931,16.27,99.29,24.41,53.53299856527977,69.24724859279173,27.61836441893831,23.32254968559361,20.23121387283237,0.3174146674913706,0.0188694487233124,8.507230592767957e-7,6.909331248476129e-7,0.306603339981894,0.01990640912480835,GP
2801207,280120,1757,2539,878.5,75.76701686380929,77.56942774102905,1269.5,72.49327111106915,72.5277566977062,631.6284211781509,639.3587216590621,391,44.50768355150825,-3.2737457527401403,-4.320805923538836,0.5177328361616849,0.4892,1.596771673899898,19.73065823513182,96.99836380902855,2.016346175960388,44.1294062963245,55.8705937036755,96.38683292432798,45.33395122842089,66.7837131116922,33.21628688830781,75.02,98.08,1.22,39.57662218131615,87.7512140455734,12.01104463874827,19.44029035558673,17.64705882352941,0.3333212745550101,0.03721110814739407,2.624962235745802e-6,4.24244752597153e-6,0.2657330257248652,0.01412157661920347,PG
2900207,290020,503,400,125.75,88.11261385615967,86.85617872966729,100,79.64242529620287,79.71348059383564,543.1826801443218,561.6936710149685,-25.75,-20.47713717693837,-8.470188559956796,-9.612912600441115,0.3705047158879219,0.5504,0.2407876843258479,24.43333368169814,90.30268634463815,9.863800988454612,47.85470321175452,52.14529678824547,87.8798312847771,45.57426895597031,55.88769143505389,44.11230856494611,72.28,95.95,13.19,188.7740453631926,86.65910380034033,21.41831754234855,22.48239275794961,7.168458781362007,0.04188418213927091,0.1672353038496981,6.308944611555873e-6,7.931425509843387e-6,0.03524466021319307,0.6750991226039332,PP
2900504,290050,6236,5558,1039.333333333333,79.21234933807744,79.14404462248537,926.3333333333333,79.84223509247835,79.90049995265358,663.3082464300458,668.2978968348217,-112.99999999999977,-10.872354073123779,0.6298857544009024,0.7951863057520955,0.3842274097040913,0.5874,0.04252310256652029,6.406529553395658,81.24733465665817,12.66929032060101,78.85034415614369,21.149655843856362,95.49314181995979,0.9008003609347693,21.5188679245283,78.48113207547169,0.48,100,9.61,0.06064281382656155,67.95283018867924,33.17161916312917,10.18720173647769,16.94915254237288,0.1051050543820633,0.01054316989986203,4.817830768717962e-6,1.135388386415439e-6,0.03865787531694419,1.332570676213175e-4,GP
2901205,290120,1443,1180,721.5,63.2182535718311,63.709400653076,590,76.18411678457345,76.49327166760085,502.6559014440709,570.1254302039414,-131.5,-18.225918225918225,12.965863212742349,20.509682694745777,0.3010436491474526,0.5518,3.207001135708431,13.8637658682693,72.82960935955765,13.87898037518067,80.65461986190118,19.34538013809881,76.72857654113058,19.98059268297818,25.61863173216885,74.38136826783115,26.81,97.35,10.98,11.69395593288862,68.83827058499547,20.57812815847988,18.19446280294465,15.5440414507772,0.1777135267686488,0.1200347686512815,1.086106291327175e-6,1.366470408620958e-6,0.1587065621174817,0.02762386294896996,GP
2901304,290130,1312,1710,145.7777777777778,82.15708051666972,81.1318386685328,190,78.83396812422468,82.38306283131324,536.8746899908239,639.7430061401336,44.2222222222222,30.33536585365852,-3.32311239244504,-4.0448277513595174,0.2543242772920263,0.5955,0.4499125663960359,2.960777687708629,86.09808822318273,12.34612360864786,44.7468678828181,55.25313211718191,90.04741084219802,13.83342066974926,61.90184049079755,38.09815950920245,31.94,97.53,11.35,54.10934744268078,89.84662576687117,47.76014109347443,16.30745863139478,6.578947368421052,0.1224599661320359,0.00486266173762154,5.285993918862036e-7,4.984641926674056e-7,0.1379480875263889,0.008966840647723955,PG
2901353,290135,1152,1152,384,93.84495384161727,94.20694663060357,384,82.1302419069238,82.13723516923396,574.9014313017856,637.8387118428569,0,0,-11.714711934693469,-12.483049386400108,0.3854951341627834,0.5621,0.1266089621226489,9.572398910939764,90.72854336518687,5.739001897015959,59.53749683649517,40.46250316350484,92.73431665454036,33.42111402630378,44.33773509403762,55.66226490596239,48.03,95.43,5.47,50.42448173741361,76.0437508336668,34.27443237907206,26.31566513085452,23.95209580838323,0.1136557413033818,0.3721525422261471,4.821392494766291e-7,5.594301125083694e-7,0.1449018400595202,0.2262995183926699,stable
2901403,290140,204,142,204,90.0189382713409,91.7826239394903,142,83.8678488240046,80.6348194641079,598.8312096347572,670.9724786823755,-62,-30.392156862745097,-6.151089447336304,-6.8331059724291485,0.5671113843504549,0.5754,0.05009609543908878,0,84.73170432089309,32.35432884646515,53.58450411324641,46.4154958867536,91.79709137367132,19.23845077801266,46.78725111224564,53.21274888775436,1.27,97.64,33.92,1.206399160765801,90.2341185909124,6.635195384211906,13.15471329099683,42.5531914893617,0.6851305728671129,0.01335205821458526,1.219408486258945e-6,7.353580955212473e-7,0.9691310318605921,0.005577191564028561,PP
2901809,290180,5085,4542,1271.25,82.08230367645513,83.37599140962342,1135.5,81.79658304445292,81.6456984039828,537.0094531725432,649.6795497688344,-135.75,-10.678466076696164,-0.2857206320022101,-0.3480904156009544,0.3524825108120609,0.3968,3.19893796427899,8.093157037331798,77.10410319134938,13.7910230317743,47.81114721188218,52.18885278811781,95.80730351915429,13.02259378027028,51.40858037193887,48.59141962806113,20.74,95.64,9.99,30.90353557398516,79.75510955625114,34.22086425141859,1.406928309962022,31.25,0.227708270484087,0.08697364844559291,1.191201197974045e-6,1.368983297121061e-6,0.1528205060964983,0.0140080766377646,PP
2902708,290270,17902,15391,188.4421052631579,90.7449424436159,90.79695602486774,162.0105263157895,91.06269522330545,90.98126906705207,573.4032714477845,626.2535435127442,-26.431578947368422,-14.026365769187798,0.31775277968955606,0.35016031872739445,0.24572475725263981,0.3722,21.61092310359297,2.849323766063615,86.75134106751246,12.35413784058104,54.42282024030622,45.57717975969376,95.80371805223132,17.61297562273726,48.20373967469146,51.79626032530853,51.32,98.65,11.6,24.03387082244843,77.22644063805993,7.954238356904783,15.94704733012876,28.22085889570552,0.02799535134121283,0.007988650901134674,6.119165131802115e-7,6.419526537588769e-7,0.04004818527958554,0.003285996118745327,GP
2902807,290280,2201,1898,733.6666666666666,75.5057539189887,76.86569970848791,632.6666666666666,75.66600648972246,75.8662974408069,596.5447827835761,679.6696346571587,-101,-13.7664697864607,0.16025257073376054,0.21223888566916108,0.349794850552477,0.5881,0.02317623749499572,7.361684261412881,78.86117732480311,20.78295316669336,51.57466676613236,48.42533323386764,95.08465973787769,40.9971821504141,54.13904732542007,45.86095267457993,54.97,95.6,34.11,19.70712773465067,77.87883459226144,25.81157374735356,23.65632586074581,8.356545961002785,0.09775523564976,0.05836832758371941,2.655768075259841e-6,3.490508233756415e-6,0.103992741059935,0.04180094599854054,GP
2903003,290300,2565,2584,285,87.70949678800609,87.8767041178415,287.1111111111111,88.33710109856683,88.49802892138644,618.3235578773844,697.8554150540299,2.111111111111086,0.7407407407407318,0.6276043105607414,0.7155488670487546,0.3128602629444175,0.5922,1.680834505583797,4.916760664835842,87.12833539266585,13.38603772618117,54.92791142188761,45.07208857811248,95.14428746883603,2.564156582485382,56.61892361111111,43.38107638888889,10.29,97.39,8.87,52.47933884297521,88.6863425925926,57.96143250688706,35.13796195714695,11.76470588235294,0.07250582417934555,0.05546170736928194,5.945072246302814e-7,5.494811439453802e-7,0.07927245632453563,0.02138350977262254,GG
2903805,290380,4090,3090,240.5882352941177,75.79578617317638,73.89178387451395,181.7647058823529,80.71531202696191,80.60047661441172,499.3286892181852,542.1117700363314,-58.82352941176481,-24.449877750611286,4.9195258537855295,6.490500464690102,0.227813703576508,0.6537,0.06813540175556759,16.117977069093,87.43793843722054,28.97410441076542,62.19704765653177,37.80295234346823,96.21097150876837,5.844469614370678,45.99025781157182,54.00974218842818,11.66,95.64,20.94,28.41907151819322,91.83200665320186,35.52383939774153,25.66708686021419,5.376344086021506,0.2155528653086023,0.01624125037736586,6.682099798208556e-7,6.904196691130273e-7,0.2231683847902647,0.01400090871865561,GP
2903904,290390,7626,6929,401.3684210526316,79.24504174945976,78.80189144166603,364.6842105263158,79.83783252780582,79.49539919835391,835.093008094396,833.3326336993636,-36.68421052631584,-9.13978494623657,0.5927907783460569,0.7480477835070333,0.3922971726251855,0.6136,0.0004587189781262799,17.08469241749885,76.61101279675968,16.81701160671856,32.11171966149784,67.88828033850221,94.59152226906899,37.50759433215697,73.13634134379598,26.86365865620402,60.87,98.07,22.47,84.12440524544506,72.003739578224625,15.68991528374144,23.64877924211294,15.51189245087901,0.1211237654051845,0.02513633917787426,9.56636664220591e-6,1.357057027929198e-5,0.1821599588824732,0.003432487274861867,GP
2904001,290400,4600,3936,920,82.39724792870018,81.49505850646608,787.2,81.47094213518116,81.66768898393263,609.7187116974574,624.5820284286963,-132.79999999999995,-14.434782608695649,-0.9263057935190204,-1.1241950633115434,0.3425653532131941,0.3578,17.74599435261909,5.132938292818206,82.5762684432914,9.756197019721105,65.1956790805891,34.80432091941091,93.32002471127817,15.23458770946723,46.83161004431315,53.16838995568686,1.45,96.49,8.87,62.25445754004231,81.99409158050221,31.39921426412813,11.61862146767793,50.72463768115942,0.14370720409053,0.002967769446459357,8.17001645844425e-7,1.120492265146495e-6,0.1067548005871363,0.008239610963329373,PP
2904050,290405,5758,5781,959.6666666666666,84.93483484808127,85.77696533309725,963.5,79.98366204736814,79.51643418247582,509.9217708831451,575.1894109926454,3.8333333333333712,0.399444251476211,-4.951172800713124,-5.829378263428712,0.418698014419643,0.514,22.50231443950134,4.039098782843074,90.07813702930278,35.48938579967849,56.21230074768783,43.78769925231218,91.04247763435333,6.723089873916149,50.879746835443044,49.120253164556956,8.17,95.77,37.66,23.63481228668942,88.34810126582279,13.22525597269625,39.15518117105465,13.95348837209302,0.1363448749177265,0.02302637356831975,4.947490202940935e-6,8.375262080457393e-6,0.09030368413982592,0.01074161952442556,PG
2904209,290420,1754,1247,1754,73.7582849764099,74.0301362185241,1247,72.3735026243292,72.3583228951853,543.4476289874126,592.3280895086004,-507,-28.905359179019385,-1.3847823520806912,-1.877460074517169,0.410307487818755,0.6301,2.101597271741565,26.20428994679795,85.72407235587491,11.4133270288187,63.58787832237511,36.41212167762488,86.65198426885041,32.51490413120783,43.66606170598912,56.33393829401088,43.42,92.89,13.81,12.89463674400913,82.31397459165154,39.82502852795739,30.78206800932634,15.625,0.1937008259307627,0.09504154154307379,5.458918757688481e-7,6.827499752987531e-7,0.3403756298630953,0.00908590337676693,PP
2904407,290440,440,206,62.85714285714285,74.90925001455115,76.988770824482,29.42857142857143,85.27946938602418,83.55437465142305,505.4384116830138,634.8664915701178,-33.428571428571416,-53.18181818181817,10.370219371473027,13.843710048436753,0.4666339008461264,0.5048,2.043386591770222E-05,13.56174073874598,69.41547454812265,42.32330675061009,82.08305348642291,17.91694651357708,85.17979684706104,1.181787676200584,21.31868131868132,78.68131868131869,0.44,98.25,41.61,24.17642254288048,84.16483516483517,14.18459025319902,0.002408894148667337,22.22222222222222,0.3051390513450401,0.01043578568331482,3.156664153816422e-7,4.170087821313981e-7,0.6030866688279851,0.003958145910752447,GP
2904506,290450,9100,8167,364,86.75150031857903,86.71153429782093,326.6799999999999,87.80708075178819,87.8106632586163,595.597481183129,631.6454499113328,-37.32000000000011,-10.252747252747282,1.0555804332091583,1.216786371800755,0.3043861732788705,0.5529,3.504052956873278,38.29657581403333,93.63957286312133,10.58554521719148,69.8126864924304,30.18731350756958,87.95246213162812,20.75074061016776,32,68,42.71,96.7,10.65,9.487014380768406,85.13432835820896,35.07190384202619,25.07183014895315,9.174311926605505,0.05869290275692095,0.03156536986184879,1.71473292726891e-7,1.181985495012265e-7,0.04706380403123235,0.01204998355528494,GP
2904753,290475,11738,10986,279.4761904761905,91.47309037057524,91.66826218013249,261.5714285714286,92.22973516708082,92.18789174370185,519.7091275441096,543.8324466123881,-17.90476190476187,-6.406542852274651,0.7566447965055829,0.8271774720196596,0.3286854268325404,0.5313,1.734925917387409,15.04752156318598,93.69914518747512,11.12917186928432,59.8827612567145,40.1172387432855,95.15785351868215,3.523329905241509,41.75010216591745,58.24989783408255,9.17,96.46,13.59,132.2719060523939,102.1199427870862,60.56910569105691,15.63290977496875,14.92537313432836,0.05436824478033043,0.02146504447028861,1.240943739284249e-7,1.3285297192252e-7,0.07447077438134507,0.01931282389225161,GP
2905107,290510,2511,2329,837,63.06765844646917,63.54479579031393,776.3333333333334,76.85193531841527,76.6795289061904,520.4475903972132,625.347572916907,-60.66666666666663,-7.248108323377137,13.784276871946105,21.856332090791007,0.2940790268656654,0.3684,0.8129572330787359,9.481696300260895,97.6268147709022,23.61624862533327,64.54981016165932,35.45018983834068,98.25946707335397,8.898009953899168,48.64083285135916,51.35916714864083,24.56,97.85,25.51,1.213418986438259,89.11702332754963,46.82369735902927,30.31970395238272,9.5238095238095255,0.1094086769878491,0.05592470241902545,1.154570447281268e-6,1.091253323891044e-6,0.321202635507933,0.01660338444073825,GP
2905206,290520,5019,4433,1673,67.98012589810666,66.37495509973404,1477.666666666667,79.46691318530213,79.4355517279915,770.1164026913224,888.0629689300334,-195.33333333333303,-11.67563259613467,11.486787287195469,16.897272747644898,0.4777232018722637,0.6507,14.80006135828863,12.37452008948295,75.43910999674985,7.6875090170550084,41.77653342758129,58.22346657241869,92.68692733461033,34.1311741822486,63.32221943839498,36.67778056160503,55.94,98.27,2.86,30.16176027328444,72.13752963169966,11.30312468602432,20.72662749759934,20.50473186119874,0.348135258866365,0.07479492026067526,6.155311345014987e-6,4.547831449856403e-6,0.3932889989867904,0.004764313940541956,GP
2905305,290530,182,111,182,93.5561808675895,93.6764632438783,111,90.9188199799409,90.8592687348377,486.3558429037263,549.0940717806434,-71,-39.010989010989015,-2.6373608876485974,-2.819012985770835,0.1198458029193474,0.5562,41.50451776057457,24.45624799143274,87.39291590644568,14.63299393603675,38.95296992074879,61.0470300792512,92.57687019407233,4.776263555252585,68.98052691867125,31.01947308132875,27.4,97.14,15.99,169.2184497117233,86.22565864833906,49.26329276105061,23.65270712307329,14.76014760147601,0.1249942200474106,0.06205032591655403,2.006907395367035e-6,4.675190341891939e-6,0.2138882910878346,0.03289654466351272,PP
2905503,290550,570,727,570,45.8861629013505,46.3071662374528,727,74.2189996335668,73.9443797701823,477.3235670155964,538.7466451208356,157,27.54385964912281,28.332836732216293,61.74592718316487,0.2712872504633058,0.4289,0.0599871843920896,8.5785703760409735,88.99799060831822,12.61916792277296,62.90803007452732,37.09196992547267,97.07295617298888,7.92635993738386,58.02799663428441,41.9720033657156,36.44,97.83,8.93,0.4748982360922659,88.05935898416584,40.46811397557666,16.35805578697473,29.85074626865672,0.2764634955821133,0.06518998385626365,8.03247311581616e-7,7.222371158288814e-7,0.2691235728086086,0.01509044639329028,GG
2905909,290590,17129,17339,590.6551724137931,85.93922411700207,87.35913437183237,597.8965517241379,87.63371523551398,87.37713175299804,487.9803316034437,582.6521579281482,7.241379310344769,1.2259910093992543,1.6944911185119054,1.9717319255814298,0.2366236192978022,0.4185,20.15820061981744,24.85475218856618,83.0220409622936,12.31844693358769,70.68639137164676,29.31360862835327,86.37662202045497,5.52049104260302,31.12591431556949,68.87408568443051,0.9099999999999999,90.74,14.73,51.04166666666666,75.41470741901777,48.2311320754717,8.264042073477999,21.1864406779661,0.04977176490422749,0.1308703075117452,2.307492015000848e-7,2.902023441631642e-7,0.05815553743132425,0.2466662045407122,GG
2906006,290600,16754,10649,540.4516129032259,87.7906082452282,88.13037602453434,343.516129032258,85.8473794349708,85.9889734430341,582.2078455773814,645.5554240917432,-196.93548387096786,-36.43905932911545,-1.943228810257395,-2.213481429390846,0.247163172333095,0.5391,0.245405024471433,11.65118138504328,84.95976983802144,11.48402736568946,61.67696657519301,38.32303342480699,93.9492559827047,14.3839023734666,57.09534834771627,42.90465165228373,40.32,98.61,4.94,22.06490706752898,79.83442082368623,34.15486803006467,15.79617050799721,19.23076923076923,0.04729917095304332,0.0943073690895318,5.198340218771694e-7,3.082298395242273e-7,0.03387215995823754,0.02517994295694314,PP
2906808,290680,366,125,366,77.5921802355369,77.4338797801155,125,78.0100942047578,78.0030765836764,476.1420466012009,566.5579420639583,-241,-65.84699453551912,0.41791396922090485,0.5386032045398074,0.2223157007389627,0.4391,0.7335270706625854,9.98330078432268,90.7624836705719,20.47393631033502,67.13762882757156,32.86237117242845,94.85897113879595,31.64068170811034,39.13694454841987,60.86305545158013,48.14,96.35,11.95,65.16018306636155,85.68258381904711,25.39092295957284,18.19973117711078,13.33333333333333,0.09176549449032939,0.2619705481130915,6.931687080597562e-7,6.606191100621029e-7,0.12349117798105021,0.12983215157162,GP
2906824,290682,1514,1457,100.9333333333333,88.6096029691955,88.26108248230818,97.13333333333334,82.80681478094458,82.80681589935637,590.9192268795471,639.3978290898461,-3.7999999999999545,-3.76486129458384,-5.802788188250929,-6.548712547858076,0.2554408443486309,0.4641,0.03098918806858959,15.81795962689453,79.33271007735542,21.95425507195228,46.11887599537279,53.88112400462722,87.8778369611615,19.85134258660865,63.643714623375,36.35628537662499,35.14,97.15,19.96,7.338380896913222,85.38906512409031,38.78858474082703,13.81772891445868,33.89830508474576,0.02881946704054726,0.2354360179401327,2.172153956307967e-6,4.368751837096121e-6,0.03855105735513582,0.1631845496449815,PP
2907103,290710,1299,1841,162.375,80.68382877120402,81.09849706109419,230.125,80.96881867139452,80.22792349946931,521.1205197672243,597.4857717907406,67.75,41.72440338722094,0.28498990019049586,0.35321811635717576,0.2264033663565924,0.4745,0.001624890172193348,17.36271108876485,86.37690375662305,15.87777639902163,55.57075735997286,44.42924264002713,88.16814562838367,6.117706370511637,61.27464593168565,38.72535406831435,43.29,99.09,23.56,62.7839065541856,88.38169952790892,19.20830629461389,13.58558600753969,28.03738317757009,0.1800500564532362,0.006556892219757534,1.858296263517711e-6,4.699520041522027e-6,0.3133196494370109,0.004041424796642636,GG
2907202,290720,12429,11449,248.58,84.54209508494856,84.86784452684134,228.98,83.37851561032113,83.38441896398635,611.8526981479949,625.1151173030751,-19.600000000000023,-7.884785582106373,-1.1635794746274257,-1.3763314872410626,0.3243000004007263,0.466,5.23114350759976,22.8169775333916,81.19648904565044,25.93999989241865,42.18817385335761,57.8118261466424,89.16000000605752,38.13999992963138,63.66879511382565,36.33120488617435,52.93,94.99,20.33,20.53476745947584,80.18878400888396,21.20133313134374,14.480408951345,18.51851851851852,0.03032708092796318,0.2877084125336296,4.413188386502406e-6,7.080570917577947e-6,0.01759211685472946,0.6986180068593406,PP
2907608,290760,278,189,278,98.3863492991111,98.547071761339,189,96.8280357644729,96.8467185080348,512.7283724807927,629.9788907623545,-89,-32.014388489208635,-1.5583135346382022,-1.5838716912858166,0.2988715898164858,0.4765,0.01270758615484387,17.06665841608525,78.24170713307721,10.56159533206858,52.03577882377835,47.96422117622165,91.7804307950919,9.943092140576997,50.03370717656432,49.96629282343568,13.18,98.41,5.67,1.903269144648455,72.58074400931544,20.46574115539633,30.70363238992901,16.042780748663102,0.1998453833817789,0.1827474144938612,1.373744263838158e-6,2.165868826605701e-6,0.1197823791034155,0.08267109245778784,PP
2907707,290770,1793,1581,112.0625,93.63857082496418,93.47112628438471,98.8125,87.49758486990844,87.55360389223884,548.1466907912809,599.2105560079083,-13.25,-11.823759063022866,-6.14098595505574,-6.558179926234568,0.4625999999486825,0.506,71.61895310467916,27.49259617762821,82.56008946394614,7.030000013268241,75.48909992865637,24.5109000713436,96.2099999676025,28.40999985763348,54.55748865355522,45.44251134644478,43.56,94.4,9.84,140.1515151515152,82.64939485627836,34.71479500891266,22.34636868514734,24,0.01551341586138098,0.0741035445760906,3.043268642899057e-7,6.684457624079065e-7,0.04076983949536805,0.3081966600765309,PP
2908705,290870,2374,2137,791.3333333333334,71.1389881310348,70.16668644611107,712.3333333333334,73.85714283897423,73.47710343928593,579.6609594664462,662.52160265519,-79,-9.983150800336983,2.7181547079394335,3.820907183741095,0.506496435353087,0.6859,3.236601512778225,8.746623228979963,86.98255698786781,12.70767809000861,56.9346014144082,43.06539858559174,94.91548219294556,9.561384614774264,47.44529829295477,52.55470170704523,10.09,98.79,8.9,0.8207343412526997,83.45163371854285,36.91144708423326,42.61560724053138,0,0.2111712519734274,0.04551917870571773,5.910613727863461e-7,6.150418456386848e-7,0.1780668692476541,0.007288118765434194,GP
2908804,290880,703,715,140.6,80.67073134951046,81.77498086615866,143,80.33744879692286,80.45778081368394,605.544982030449,661.0137082664376,2.4000000000000057,1.7069701280227636,-0.33328255258760464,-0.4131393716311302,0.5714928870415242,0.7024,1.907981151180444E-10,13.62211201262569,83.57253862531971,22.73997068736965,50.74007921703441,49.25992078296559,97.39976205644419,11.58049963266987,60.48070256528773,39.51929743471227,29.58,97.82,26.24,1.956745623069001,85.46336954009706,27.29145211122554,18.86799695975974,0,0.07663029300092351,0.06526429432200588,9.158107106160271e-7,1.374276260972381e-6,0.0875042567234602,0.004515575298436352,PG
2909109,290910,800,546,400,80.129439018669,80.59423537974385,273,81.5042664432614,81.23654936537025,574.3592923400693,652.5086208645554,-127,-31.75,1.3748274245923966,1.7157582050113713,0.3549298872178008,0.5107,0.03473685384647756,20.12466568638156,87.27719397467934,33.96684816512923,54.42815984447829,45.57184015552171,89.24767174585978,3.049070572551432,62.63161664637204,37.36838335362796,0.8799999999999999,98.7,35.89,55.4673721340388,92.56500250698375,49.38271604938272,0.2297964290321415,6.944444444444444,0.5777334515703786,0.003744680694759763,2.127714188554654e-6,2.842768380661909e-6,0.7914547606728753,0.001035807833210269,GP
2909406,290940,1470,1111,245,84.77699613607582,85.61491862706333,185.1666666666667,83.49357323505902,82.9717405509678,536.4345713516394,623.6451383288673,-59.833333333333286,-24.421768707482975,-1.283422901016806,-1.5138810756596988,0.4742999998321118,0.5956,9.433918850362456E-09,0,78.58609563092908,33.77000000525646,51.24669991306347,48.75330008693652,94.07999999853456,5.82999999713921,51.93251533742331,48.06748466257669,0.52,98.23,36.96,0.05632216277105041,80.80521472392638,14.75640664601521,12.12121212416757,24.69135802469136,0.5100839076857191,0.03243217321069113,1.073261844427134e-6,2.451142698664077e-6,0.6589781252840786,0.01358141615343359,PP
2909901,290990,1133,948,87.15384615384616,91.43425505705845,91.14880577504555,72.92307692307692,85.68895386746793,85.74611206062602,537.3066532569062,609.2614483008907,-14.23076923076924,-16.328331862312456,-5.745301189590521,-6.283532562282303,0.270008515133304,0.5701,0.04813995921936168,30.37603818869584,85.20166075290314,26.2077551317995,57.34439853618816,42.65560146381186,96.7739643902611,37.07640422311982,52.08058801136198,47.91941198863802,54.88,95.29,19.05,68.69194074817977,81.1473249582711,40.76073311574191,17.63865944583686,15.65557729941291,0.01869221741759361,0.2612243958759786,2.350054893691412e-6,2.412393185718232e-6,0.01603141398073017,0.5159708877811026,PP
2910701,291070,386,382,193,98.27495406185295,98.0748628526243,191,86.40589272131365,85.68324622214604,586.087738222869,699.3689452129389,-2,-1.0362694300518136,-11.869061340539304,-12.077402074458437,0.3648305108897576,0.5547,0.3925728839753896,6.558135087662425,84.07939915690862,34.99304195962746,51.97283649357454,48.02716350642545,93.7010185962134,12.17082394860746,52.46818011440492,47.53181988559508,43.68,96.03,22.3,9.52179432924249,78.88561138182233,16.38453942728171,14.06523317574723,21.4190093708166,0.1807681083131476,0.01566666980114578,6.199856012494265e-7,7.389439762290921e-7,0.2557310550884704,0.08645048928133642,PP
2910776,291077,149,89,149,77.2816027764883,77.8377631921676,89,71.0881067401781,69.6747744634883,562.7509814965175,595.8844944223338,-60,-40.26845637583892,-6.193496036310194,-8.014192011807584,0.4593074342952814,0.7068,0.115734390421282,40.93478945618771,72.2938348046813,36.41213147106829,47.87487206827868,52.12512793172131,94.04796535306123,2.347113225603435,64.83555555555556,35.16444444444444,0.5,97.09,28.21,36.48097826086957,84.28444444444445,66.91576086956522,0.7687606789877218,17.24137931034483,0.2504117043377087,0.009875775063793368,2.018038982885419e-6,7.109621542321605e-7,0.3473459216265192,0.008253166563168445,PP
2911303,291130,5081,4745,149.4411764705882,91.78993906380559,91.90782295131143,139.5588235294118,92.54427541635712,92.47983164447403,542.1602987538707,572.1561938528455,-9.882352941176407,-6.612871481991693,0.7543363525515332,0.8218072266364337,0.2004440695910603,0.5552,0.00199214678134766,9.70094982578455,86.26979319726077,14.14324381788946,48.96681366325375,51.03318633674626,91.03441648245715,3.732023458797832,53.35844895708903,46.64155104291096,18.73,90.34,4.77,1.118326118326118,88.78985573830745,39.68253968253968,34.63984811784695,0,0.01498310268940237,0.0189577186874993,1.433769310386785e-7,1.282294484231476e-7,0.01547663799660734,0.003315320992298817,GP
2911402,291140,744,383,186,81.76590185035403,82.16315067340355,95.75,82.13175784231466,82.22522630217135,607.6940308359142,628.6106642341791,-90.25,-48.52150537634409,0.365855991960629,0.4474432296120329,0.3650752092903521,0.4698,7.457555319553188,3.818806586872493,79.61343610850443,26.02249284267822,67.41948939229364,32.58051060770635,95.52452545451969,33.6957594583384,30.91437802907916,69.08562197092084,31.53,99.54,54.57,70.37105069801616,89.49273021001616,19.14033798677443,26.82622501006577,20.83333333333333,0.03441407708146146,0.127488238483186,4.870058982850946e-6,8.137665599720481e-6,0.02903482442071722,0.3908088599145,GP
2911907,291190,258,225,129,77.14027716591285,76.5810557177198,112.5,78.58072510747485,78.6793223910028,607.2120338260852,652.5918749480934,-16.5,-12.790697674418606,1.4404479415619988,1.8673097822346323,0.2968631310813754,0.5856,2.498940845428022,20.72989566291559,82.46644882067945,37.65162988638781,21.77598054256085,78.22401945743914,98.68597282710142,28.62278856434623,79.31244914564687,20.68755085435313,44.23999999999999,99.29,14.32,23.53455818022747,82.14808787632222,34.99562554680665,33.46481765212489,22.0125786163522,0.2039336567696816,0.05233212686595792,1.452612462152228e-6,1.725553953076877e-6,0.2235080146306998,0.03421879966878942,GP
2912004,291200,1386,1039,1386,52.3892054380097,49.6699363158737,1039,71.4528847297887,71.2476341531784,702.6556390280242,730.3312313015126,-347,-25.036075036075033,19.06367929177901,36.388563507298066,0.2960998201850483,0.7174,16.27720669238278,15.55929231022332,90.53341120836947,14.4928893711636,51.83009009987546,48.16990990012462,94.38522459999092,4.454226429997762,49.47247266449261,50.52752733550739,1.33,95.77,11.99,97.43202416918429,78.10281987339344,41.20090634441087,22.22581518590278,19.6078431372549,0.347413142642321,0.04626577498534645,1.672402588945587e-6,1.41495256672813e-6,0.3519785652891694,0.005255834442772838,GP
2912202,291220,2795,3063,931.6666666666666,91.78261152275,92.3230525379208,1021,87.02206384586513,87.2844739705571,638.1428335154927,726.448893171243,89.33333333333337,9.588550983899825,-4.760547676884869,-5.186764244232558,0.2959599591052817,0.5129,0.1712295640867079,0.9953652490070419,73.26121735098982,54.18161527362533,37.0620740533398,62.93792594666019,86.13426414625899,17.98365190344472,65.7016233922636,34.2983766077364,30.12,91.56,49.12,7.392514692236313,67.80673442844068,13.57871945561398,14.44091634393084,15.82278481012658,0.02632310275742926,0.009638516703418417,1.009533313439575e-5,8.242621205076326e-6,0.1249646287600771,0.004937848419241468,PG
2912400,291240,2393,944,265.8888888888889,86.48460016283994,87.15454325270937,104.8888888888889,88.55162430622603,88.51870206759712,541.3938598374926,592.8598625042077,-161,-60.55160885917258,2.0670241433860923,2.3900487942294215,0.3768172036169286,0.4342,0.0009706306759400258,6.671721994229181,75.51704862260358,12.86869528290225,41.25212719168258,58.74787280831742,95.81550076830631,6.603634762557279,67.14113389626056,32.85886610373944,13.15,96.95,27.51,106.8371317398555,69.96381182147165,33.35186214563646,18.79319708564757,23.39181286549707,0.06156691196544872,0.02751922405453541,1.068776746565445e-5,1.750943376369284e-5,0.09372432269543149,0.01772530499573181,GP
2912509,291250,2250,2127,1125,82.1592711810991,81.5201647178738,1063.5,80.17576649339921,80.15641272437014,539.9664754230854,677.5737530533388,-61.5,-5.466666666666667,-1.9835046876998916,-2.4142189422880382,0.4657999655478682,0.4946,0.08580152981142293,26.21192294323212,78.15962264823214,9.5400010565713,63.62289253618373,36.3771074638163,94.29999956457466,1.960001706776467,44.49974752939479,55.5002524706052,8.2,95.88,7.72,0.7176441474882455,75.07033109716511,28.48304875030933,11.56069141525882,26.54867256637168,0.1364351801327614,0.1510465957808315,7.415762162653581e-7,8.461091040479325e-7,0.1484366703781453,0.161465723267491,PP
2912608,291260,581,451,193.6666666666667,70.81444794701207,70.68070967263466,150.3333333333333,75.01211968763373,75.093903107457,536.0806123625397,588.0118681361985,-43.33333333333343,-22.375215146299528,4.197671740621658,5.927705238573103,0.3682042284812108,0.57,0.0003884736179999025,7.445656762344353,73.91136015655701,28.34212899437502,49.36692991160089,50.63307008839911,98.88446366260153,7.947219015694095,68.6358754027927,31.3641245972073,5.91,92.99,20.7,14.72320376914016,97.20730397422128,46.87868080094228,13.16367934445052,24.39024390243902,0.1837180773028488,0.0200486712475887,2.487921664533399e-7,1.881383850960255e-7,0.2533464137091351,0.01159576063629547,GP
2913002,291300,2449,2103,489.8,79.66390993553496,78.99696427798816,420.6,78.73094949968839,78.70853642091888,552.325254169052,610.7678397812009,-69.19999999999999,-14.128215598203345,-0.9329604358465673,-1.1711205696551055,0.2140326677522196,0.5282,0.9238945405759024,29.98187290902719,85.8471865287406,13.05301215856842,77.5112524903991,22.48874750960087,89.04458903058409,15.66511512237584,27.57696536558549,72.42303463441452,14.65,92.15,11.04,71.53614457831326,77.23336998350742,31.66415662650602,17.117986587397,23.80952380952381,0.1175915006837597,0.03137070543474141,3.427848482097108e-7,3.225245550981314e-7,0.07974790165930329,0.06949009461565406,PP
2913200,291320,3871,2117,387.1,81.51419905342492,81.98321946344883,211.7,84.91239519018531,84.96542490788111,698.0251514553578,743.1631967189248,-175.40000000000003,-45.311289072591066,3.39819613676039,4.168839510443072,0.3517686761793679,0.5676,0.8616711873535119,10.97559787709445,71.36216808770043,7.708826891582818,25.32299803041005,74.67700196958994,96.13042980088306,29.76824592845838,81.48486579097658,18.51513420902342,77.9,99.11,6.22,17.47831887925284,72.99067199695412,17.27818545697131,29.16429692087464,15.07537688442211,0.1105132073819834,0.01203999071006803,1.479608388870857e-6,1.134422965346977e-6,0.1008903478291285,5.254705616100443e-4,GP
2914109,291410,1655,1808,183.88888888888891,91.45195959135748,91.58089681605614,200.88888888888891,93.29021817285793,93.27844910591276,595.951232702665,682.4847845072694,17,9.244712990936554,1.8382585815004546,2.0100811286215197,0.5257263929224897,0.5665,0.02423851189163097,40.05321665931156,89.33927060823892,6.285759358732268,35.82036814054543,64.17963185945456,97.9638819010846,2.065434402000561,64.8207813129279,35.17921868707209,43.87,95.93,7.13,1.624883936861653,84.74627466774064,75.30176415970288,8.296728846757112,62.5,0.04886090286586364,0.02341526974028048,2.721306271316688e-7,4.513147323861382e-7,0.0633023353419081,0.01589759221635179,GG
2914307,291430,1371,1125,228.5,80.93540695320908,80.25925743401824,187.5,86.088156481925,86.17997204205929,533.8708598188604,575.3120552000232,-41,-17.943107221006567,5.1527495287159155,6.366496101878943,0.3549250919875409,0.312,0.1261751277092075,14.84138036876186,82.11916087771117,18.16611690535855,54.91482008970869,45.08517991029129,95.81088616910912,1.988578113434231,46.83131407269338,53.16868592730661,5.62,96.2,20.02,7.8,72.99161230195713,65.93333333333334,23.41386215796842,9.70873786407767,0.1360408331020962,0.02492121366292931,3.246272270123128e-7,3.418418694308003e-7,0.1906444157653039,0.01156822911197233,GP
2914406,291440,3380,3494,845,80.09327486037603,80.91866126540475,873.5,76.44540476638308,77.74739884079497,551.6708044351469,629.276393543045,28.5,3.3727810650887577,-3.6478700939929496,-4.554527331229946,0.2501552597837623,0.41,31.6019448132202,4.656278655885752,82.31636479614792,18.21492310141006,69.85886649356503,30.14113350643496,82.02969773758936,9.972461669061602,33.01744381080174,66.98255618919825,5.59,94.42,6.26,35.18237082066869,83.3990271720899,27.38095238095238,28.3458614924668,14.20454545454545,0.1096762713461957,0.003455837105859972,2.305739233920364e-6,4.555468693681072e-6,0.0812755386609164,0.01058958249688514,PG
2914703,291470,2126,1614,425.2,82.47756519002938,82.42542170780698,322.8,80.6351425946002,80.43615195352209,784.6659333654843,823.0986011927934,-102.39999999999998,-24.08278457196613,-1.8424225954291842,-2.233846975458379,0.2564135101036283,0.5965,12.06562117009847,13.4950541687048,70.59708276882161,10.7957200800154,22.11337932840459,77.88662067159538,95.2041642725976,67.82877421691852,82.21513723315775,17.78486276684225,82.03,99.32,6.24,17.25235379923087,71.78634137325571,20.84604163903991,29.30007548301785,11.5979381443299,0.2663495320117221,0.03147017932839329,2.592436168404826e-6,2.48931618044951e-6,0.2603017241984127,0.02635600325068291,PP
2915007,291500,6867,3174,624.2727272727273,76.94604981790492,73.52045571233447,288.5454545454546,85.72752730506946,85.74677954510186,539.2764567612207,579.4237074375437,-335.72727272727263,-53.77894276976845,8.781477487164537,11.412512413497717,0.31846158664697227,0.5481,12.83255700540524,8.657821469439002,81.23098819626667,24.11654512674872,56.16647451307486,43.83352548692515,95.99459383441166,9.88224504408451,63.44853214418432,36.55146785581568,31.93,97.95,14.39,125.112540192926,96.48457822370867,47.84565916398714,23.81448793640441,15.78947368421053,0.2048583011238794,0.02857797870512785,9.5830979010295e-7,1.118381170558559e-6,0.217395458347714,0.009828972004190306,GP
2915353,291535,1512,1017,88.94117647058823,88.13272976458659,88.57037910089933,59.82352941176471,89.46310695781105,89.4701213894114,440.1551359220733,533.1035467857743,-29.117647058823522,-32.738095238095234,1.3303771932244643,1.5095154737383787,0.2439635536008781,0.5536,0.7327836228175095,22.83004303025695,95.8084743482759,19.11319744795043,79.07409951670847,20.92590048329154,97.2573656378917,11.46187729540742,31.22455626119525,68.77544373880475,12.6,99.89,12.28,67.41476046611999,92.28138739618954,24.55761760897713,30.73651159541383,18.29268292682927,0.01503676187302565,0.01344916675772917,4.058311005217282e-7,6.56597709436974e-7,0.03098843246155251,0.03928460194447291,GP
2917201,291720,1477,857,1477,74.0356700817552,75.3116040042382,857,72.9779592120804,73.1767880608149,658.1430404835112,636.0725041161186,-620,-41.97698036560596,-1.0577108696747928,-1.4286503634083367,0.3483544362220545,0.5643,0.02513267596308772,10.11005829803691,71.0910560602959,22.72968864440887,63.75693842109925,36.24306157890074,84.79868810019967,8.299026682892864,42.12351756545088,57.87648243454912,29.8,98.42,39.52,46.25757279656049,80.40948758111435,28.63005667383232,19.9077470412225,17.24137931034483,0.09382512372470905,0.1244513108451788,4.877043349828156e-6,8.940180664282575e-6,0.07434011036983298,0.06270129032728047,PP
2917409,291740,5625,4878,1125,79.12409488334345,77.50158862899072,975.6,76.95015506443994,76.88554934577256,550.1425330016314,697.131135892818,-149.39999999999998,-13.279999999999998,-2.1739398189035057,-2.7475067134842455,0.4721113191827201,0.6048,3.773184430172639,10.19268325540943,83.77244094941888,15.94958692560279,62.84826797659256,37.15173202340746,94.31817565251816,6.330651088231123,37.8428927680798,62.15710723192019,19.08,97.3,13.18,1.104707012487992,76.76641729010805,19.02017291066283,7.260213764033986,7.633587786259541,0.1919655580708051,0.01718681749706491,1.089382608222204e-6,9.276565455730346e-7,0.184301594230114,0.001806128072348929,PP
2917508,291750,7182,5611,718.2,77.80268571161989,79.03199685861468,561.1,81.92717042568285,81.97153506203846,799.658956756597,954.8095410333757,-157.10000000000002,-21.874129768866613,4.124484714062959,5.301211232412461,0.3220293282814576,0.5618,12.46730852391427,8.924721393156414,71.72783587633855,4.66369189566304,29.56123026093713,70.43876973906288,93.95018616001465,54.44414087483893,85.20818425489078,14.79181574510921,71.7,97.6,2.32,29.29123278468256,67.93125614001043,16.34755346545739,17.9214463100636,12.59445843828715,0.3525669610837065,0.1527509401887359,1.93631997498378e-6,2.476021173563385e-6,0.2003598276390986,0.02270244261563467,GP
2917706,291770,420,375,210,94.5942682576602,94.5212254475131,187.5,83.41831362975935,83.4383849576997,795.5037878869365,800.4527446293112,-22.5,-10.714285714285714,-11.17595462790085,-11.814621365281111,0.2798073655469179,0.6074,13.21602039442156,13.46999256838091,75.56159102322668,2.141044916265066,45.18391720213136,54.81608279786863,96.40697430530223,58.10361675630747,72.00648734661404,27.99351265338597,74.85,99.19,0.84,55.15162262812555,66.68196701245448,58.13087426848732,7.917082402844558,9.925558312655086,0.09293098764138895,0.2083170066663781,6.329454842207827e-7,5.620875328271031e-7,0.05157354227087656,0.1111205867208883,PP
2918001,291800,2199,1878,244.3333333333333,75.97507969888115,76.97707051842627,208.6666666666667,82.60192768972001,82.64958349258005,906.6490138225812,893.1756415739957,-35.66666666666657,-14.597544338335572,6.626847990838868,8.722396892643811,0.3671433854327938,0.5078,0.03471174361297563,8.056534991967911e-8,59.8463553603208,2.493309651144979,8.240662688703846,91.75933731129608,94.60262613150124,78.06761605277295,92.57472993558909,7.425270064410914,84.8,98.58,2.84,0.8671522719389525,58.55198700403912,3.167996300150307,22.41985978903051,16.31240731586752,0.2890791212441067,0.0374649629303187,4.746424227185997e-6,2.475965937947222e-6,0.2761972703134155,0.01160006492437629,GP
2918100,291810,5275,4471,229.3478260869566,95.15998268151884,95.11488130594968,194.3913043478261,90.28413447684784,89.89346229540368,560.0877799975996,648.13642386954,-34.956521739130494,-15.241706161137461,-4.875848204671001,-5.123843097985291,0.2532195351960601,0.5739,0.0270325883739364,7.058731364761229,79.64818318143807,27.75585220384529,54.0143992199591,45.98560078004091,91.95979586644265,32.42166679664449,52.43580513558916,47.56419486441084,47.38,93.64,25.6,26.70313790255987,73.30880196250966,40.87530966143683,22.39007038722304,17.27861771058316,0.1121192918115997,0.0819164588714216,8.229233104993012e-7,9.073218236194671e-7,0.1255581479642406,0.0317832071248676,PP
2918407,291840,143,181,47.66666666666666,95.6533272588896,95.44453655489657,60.33333333333333,85.2600223932587,85.25957091449203,959.28874227929,943.6195816185154,12.666666666666671,26.57342657342659,-10.39330486563091,-10.865596799890723,0.4697260460854177,0.5564,2.753077978628602,11.08706123884534,65.01439090352304,11.6058667128398,20.31682047295362,79.68317952704639,93.31965152926351,63.7205753598914,85.16292526344688,14.83707473655312,85.94,98.16,8.41,11.08444250490945,63.64580913564083,11.95723325332752,19.66966613186509,15.0492994291645,0.03087361859496826,0.2701989040816929,2.726560068122273e-5,3.688238326487355e-5,0.01949628153771933,0.4914243838667294,PG
2918605,291860,1036,943,1036,75.4659425044984,73.9019810391989,943,73.708606522424,73.6986015092673,595.5065514614327,613.0160401860481,-93,-8.976833976833976,-1.7573359820743946,-2.328647763154409,0.4073797865180969,0.6851,10.66441931305901,6.569374655156392,73.12506294836575,20.10212879730743,60.0705957159489,39.92940428405111,93.06436314674481,21.47551041836731,43.05461444640195,56.94538555359805,39.64,98.34,18.87,69.76511744127936,84.32036861363328,22.73863068465767,14.53346111844782,0,0.1602519463887435,0.01050860386431188,6.117001013375825e-6,2.906825960657304e-6,0.1256418988325471,9.95183357089482e-5,PP
2918753,291875,3258,2703,1086,74.799209114012,73.94329421501956,901,82.1437539604384,82.10743177750678,489.8948640931197,571.8173928225739,-185,-17.03499079189687,7.344544846426402,9.819014042289602,0.3895133685616046,0.6924,0.6862723685959339,12.77388023478301,65.87497429002669,14.64342652708279,78.12712324070213,21.87287675929788,95.35873861736424,7.088543379870521,26.5531914893617,73.44680851063829,1.51,90.94,12.92,56.66418466120625,67.4468085106383,38.94266567386448,35.89386827422135,9.00900900900901,0.118876724657102,0.1052001116883087,1.106174096950594e-6,1.725339585112186e-6,0.1950875778548494,0.01228693418669803,GP
2919009,291900,527,584,263.5,65.762478142403893,64.6247362863772,292,78.8395953920097,79.0234856479666,468.1675153292205,538.6137357872148,28.5,10.815939278937382,13.077117249605806,19.885377830939177,0.316551723787333,0.5629,8.625787591204501,8.866656334498687,92.36279415910904,27.7211012447184,64.07300563048148,35.92699436951853,99.32375708188556,23.34150002259305,37.23041997729852,62.76958002270148,63.17,100,12.26,21.98407838334354,96.7366628830874,30.31230863441519,2.876362035824606,0,0.2597022748723459,0.01124410281673388,6.106052042590485e-7,2.54072230505239e-7,0.1800020129467388,0.0191525829396594,GG
2919306,291930,1897,1785,172.4545454545455,92.435658805189,93.37392142574971,162.2727272727273,84.37419507336632,85.56010405669197,754.5633736530679,805.7572435817156,-10.181818181818187,-5.904059040590408,-8.06146373182267,-8.721162196520343,0.3591661265139793,0.4503,1.255116511178061E-05,0.05487571505169755,72.78438374962523,8.340988584654042,23.09777556061218,76.9022244393878,86.22577267248226,55.00983252776106,79.6245893946504,20.3754106053496,51.48999999999999,90.47,16.15,55.57742782152231,70.11731581417176,41.46981627296588,31.02249541049553,77.66990291262135,0.01418629422733899,7.48859842986376e-4,1.036327367016148e-6,1.141093037023555e-6,0.03598274743649817,0.001461846700763362,PP
2919603,291960,2973,2624,743.25,79.21149427283756,80.59854695771325,656,79.26124624412356,79.03341971210256,478.367566755671,541.3030706350567,-87.25,-11.73898419105281,0.04975197128599973,0.06280903010696037,0.2391747754601153,0.5282,8.086914656860911,43.06255997977403,89.07396881894215,20.5739385513596,39.55806474308865,60.44193525691137,94.34726402907616,44.48807940652319,63.42326827401455,36.57673172598545,43.20999999999999,97.01,12.16,16.56989727556945,89.80099502487562,47.34256364448414,12.31955670184561,16.66666666666667,0.3190364512878198,0.02063934799895957,5.152832348413567e-7,3.883130369192091e-7,0.301281059032407,0.01622357354133695,GP
2919900,291990,1015,744,145,79.29994389420685,78.75591087614501,106.2857142857143,82.29198959042165,82.4263931834652,571.5915238528333,541.5118779701143,-38.714285714285694,-26.699507389162548,2.9920456962148023,3.7730741653568587,0.5028298788760314,0.5769,10.91231335435453,14.80664948170366,85.89683220804312,6.633017531187039,59.79010410117105,40.20989589882895,93.44235374931122,9.498222263406651,36.96401489039018,63.03598510960982,52.67,87.09,9.02,6.232849862798902,85.75761753757067,38.6515092120737,18.79042334943849,10.75268817204301,0.01790657854957079,0.121426463444627,6.827129600291223e-7,1.513128577506842e-7,0.008926797541721031,0.4296030813546375,GP
2920106,292010,643,391,643,67.9640064220432,71.3524859052401,391,76.4386516327149,76.3051676264857,567.3640484109015,586.1943883876679,-252,-39.19129082426128,8.474645210671696,12.46931376888791,0.1897939436809529,0.6105,0.1545113431634604,7.28449614454659,83.14974512413046,15.26701286815384,42.82494134077168,57.1750586592283,96.76471627235627,53.11584269996712,64.70554926387317,35.29445073612684,69.37,98.38,15.1,85.49985839705467,80.67950169875425,31.20928915321439,18.80029167987603,0,0.385717963732432,0.01092759301938521,5.847945366657842e-7,5.534864556515617e-7,0.4163608962921253,0.007327350996328822,GP
2920403,292040,380,306,190,72.819657847675,73.67526641557595,153,80.86229687377265,80.84033111362456,523.0751889432249,1095.061218889306,-37,-19.473684210526315,8.042639026097646,11.04459875782626,0.3615356068797174,0.5507,0.01603813380485402,6.357762493407107,87.31197561670388,25.05423880267533,48.43342573984697,51.56657426015303,94.80067070417675,5.583517793704614,55.10248267898383,44.89751732101617,8.5,97.78,26.61,0.2769315978953198,88.36605080831409,39.90584325671559,0.899699435142594,7.246376811594203,0.2181126846458888,0.08181990750967678,5.781899312222173e-7,3.952707903768356e-7,0.2422687562666635,0.04933797295487211,GP
2920452,292045,4420,4506,884,79.71666416359793,80.17991194333366,901.2,81.78484316692524,81.67566046616102,586.0983964836473,585.2261945453394,17.200000000000045,1.9457013574660686,2.068179003327316,2.59441237917697,0.4487966356061693,0.517,1.242696326010705E-05,2.925437413058256e-8,65.58164114567978,18.0000106761461,62.02319582102284,37.97680417897715,89.04007378892739,3.040186042583581,41.84990267464494,58.15009732535506,0.34,93.24,14.64,103.1683168316832,79.90051185927474,6.831683168316832,34.48244688432555,39.47368421052632,0.1504943400665645,0.03512085537389818,3.914480985731016e-7,4.368303002911784e-7,0.265039816887252,0.02867281022954935,GG
2920502,292050,852,481,284,74.91209515146566,73.32207818756277,160.3333333333333,73.108660606296,73.08414929692033,524.0092205959367,724.933855788352,-123.66666666666671,-43.54460093896716,-1.8034345451696652,-2.4074010231902863,0.2221177833635275,0.5285,6.623991934857635,4.533520333091359,79.23230805835287,18.20878040205819,29.89443566063146,70.10556433936854,97.32652545763568,9.952451236946803,78.84489884707418,21.15510115292582,25.99,98.56,9.98,3.642384105960265,69.85715321586542,17.02538631346578,25.85974070039186,13.24503311258278,0.3334526680279258,0.1611001117977045,1.817172683409197e-6,1.138711087017541e-6,0.2821343870666587,0.01228111248445041,PP
2920809,292080,331,169,165.5,72.7433923339083,70.72968062205365,84.5,79.25852126044404,79.3732799765495,528.2512921601455,609.3461378424893,-81,-48.94259818731118,6.515128926535738,8.95631715473187,0.38897131323299883,0.6283,13.47893381345002,24.10887587421056,92.11364487406908,26.88363938864292,49.16324625930851,50.83675374069148,98.10004007760979,13.7993262330459,55.96716708067826,44.03283291932174,11.5,99.12,22.01,14.03435274403016,94.88065665838643,28.27817343946376,36.35242967088056,17.85714285714286,0.2996812093051213,0.03685302977518645,6.69830023475594e-7,5.362061802362149e-7,0.4087856174339111,0.03769763020829026,GP
2921203,292120,4277,3034,611,78.41198446734117,79.20527689111626,433.4285714285714,79.68498250908488,79.48859386610793,561.2419087614853,653.8986077585048,-177.5714285714286,-29.062426934767366,1.2729980417437048,1.6234738227724772,0.230844770633415,0.488,2.525932830371507,13.2348257160184,91.69245462814685,15.35887055372062,39.21911469490561,60.78088530509439,92.22469486433361,41.63399105439491,60.38425606239084,39.61574393760917,57.09,97.84,12.57,6.363764639480738,79.5483163410374,12.23366727811486,28.98656841961697,29.41176470588235,0.2418713187933775,0.1601801573452061,1.075022996491448e-6,1.005819228571195e-6,0.2564831730733284,0.0110304209554927,GP
2921401,292140,4237,4672,706.1666666666667,75.69684416821949,76.8474784148692,778.6666666666667,75.74568153859408,75.73985754865848,455.7361384376994,503.0767661604294,72.5,10.266698135473211,0.04883737037459923,0.06451704943744944,0.4375064455055215,0.4562,0.1593070272273432,19.69967104029841,88.48574404577663,16.65907772188347,51.83461554991176,48.16538445008824,81.93760906772293,18.72099833448821,47.92752701843611,52.07247298156389,34.11,96.86,17.86,27.02402135231317,87.45708836617926,29.00355871886121,10.7170979526942,38.70967741935484,0.09653895041861235,0.1279745105389029,9.370636126069236e-7,1.458717141855661e-6,0.1381450441800693,0.01342953192053347,GG
2921609,292160,3144,2430,142.9090909090909,85.31410195006035,85.43987634073197,110.4545454545455,90.1692233955548,89.9644649794973,567.6427375375653,560.1797805754107,-32.45454545454541,-22.709923664122105,4.855121445494447,5.690877984435037,0.2860135881754127,0.5898,0.01304470179343557,56.05749017932192,88.84114844433456,17.3955244188976,35.5538820983348,64.44611790166519,95.31878796590206,9.853134098525032,66.59979939819458,33.40020060180542,36.22,98.59,21.74,78.9867587795049,94.33299899699097,58.4916522740357,30.09440645040783,9.803921568627452,0.09865337275829308,0.01702338113577847,3.139081740946445e-7,1.475823031758929e-7,0.1165138913606611,0.004702417494799306,GP
2921708,292170,9053,5971,244.6756756756756,84.43355754469121,84.55278935067918,161.3783783783784,84.37853249803071,84.39754235424196,565.7745063896168,672.67265732972,-83.2972972972972,-34.043963327073875,-0.05502504666050356,-0.06516964138503635,0.1651046757887095,0.561,26.04224997094054,2.031668376017696,74.74024373906141,15.4221796774136,42.25519518388012,57.74480481611985,95.5591433949003,10.27067259273308,65.4118490633683,34.58815093663171,45.11,98.04,8.22,49.77142857142857,75.97024289683607,5.268571428571429,15.71929153211298,17.85714285714286,0.05285208297354963,0.01355740756932636,4.018138576170131e-7,2.055226974082571e-7,0.0777225641128305,0.002921351460837793,PP
2921807,292180,268,213,268,79.2368494300396,77.6114342714774,213,74.9332781872099,72.7921140166234,634.7723002287873,630.6111278223952,-55,-20.522388059701495,-4.303571242829705,-5.431275061774694,0.4638050642276325,0.6516,0.1273987765645789,8.955616036700595,84.25700002335147,15.98086520124969,52.97133330354786,47.02866669645213,94.02901858219641,2.176662171694813,53.37765001796622,46.62234998203378,30.95,92.75,12.26,19.29512281950872,78.04527488321955,57.35137059451763,15.21745632895469,8.547008547008549,0.2615436116870858,0.02859397356246051,8.060982591180032e-7,8.188031959982437e-7,0.2395581880397979,0,PP
2921906,292190,2053,1939,410.6,79.14032913626698,78.804587073223,387.8,75.81902126930463,76.25992805993296,1096.256968198662,914.8324072625337,-22.80000000000001,-5.552849488553338,-3.321307866962357,-4.196732441235613,0.2122367049943899,0.4708,0.3969615234356862,0.1441170489375315,82.51711407763166,61.22213991351153,60.51548458749391,39.4845154125061,97.64353180118998,37.00913291885306,42.59918827134929,57.40081172865072,35.4,97.64,75.36,32.03040173724212,69.67613683425826,23.5884907709012,10.43749491400732,28.73563218390805,0.0241847286782882,4.191118163064907e-4,6.135469397514643e-6,1.021829196026431e-5,0.02944422730388561,6.194604800278025e-4,PP
2922052,292205,530,614,530,72.2809247199548,73.1117380504236,614,77.538970899402,77.5463635471007,436.224576284562,528.6671366653544,84,15.849056603773585,5.258046179447206,7.2744589251161065,0.1644087869573745,0.5676,4.348375787776272,21.59442479036346,99.10564643584254,13.62150535272023,51.1936139714438,48.8063860285562,94.62159019945652,1.17484642921135,47.07582325652141,52.92417674347859,18.83,98.76,6.22,18.44532279314888,85.5730473800289,53.80764163372859,48.24178810615327,10.36269430051813,0.07950669596310955,0.0544454428306689,1.272196716340482e-6,1.740522969074721e-6,0.06815992340036833,0.01551288407470672,GG
2922102,292210,6234,3916,566.7272727272727,79.58280632275533,81.06762902925652,356,79.68416998291394,79.58443062244551,566.3867209226892,616.2890225925929,-210.72727272727275,-37.18318896374719,0.10136366015861142,0.12736879338926785,0.2031761514847922,0.6207,0.2973076017971977,11.39982833971492,78.32493520797462,30.1062988676643,43.98684290762746,56.01315709237253,95.62765714794115,37.0433186316592,71.26403518925801,28.73596481074198,30.08,97.76,18.14,24.84041076880377,91.6251881004746,19.31723563696919,9.509233395341473,6.451612903225806,0.3721034349797848,0.006424199967628007,6.71302710039368e-7,4.757309235499898e-7,0.4193055082135297,0.004550997216120561,GP
2922250,292225,1913,1708,119.5625,79.84618139074426,80.87650038095471,106.75,82.96785014306603,82.29899073196437,492.5341632959376,572.3428088630808,-12.8125,-10.716152639832725,3.121668752321767,3.9096030617234123,0.308252719982277,0.4094,1.253310311638693,19.22802267446689,87.40822648784885,37.72091511599238,86.58471681621266,13.41528318378734,97.87741670199217,15.2679883440679,40.02873563218391,59.97126436781609,38.39,97.99,27.45,33.13744694743716,94.08045977011494,33.03950375448906,5.792425353121798,18.51851851851852,0.2869015518981421,0.009623342074876414,1.341670757172412e-6,2.283459358566458e-6,0.281284283983635,0.009524066132906123,GP
2922854,292285,667,229,667,78.670204788964,75.2711978587799,229,81.2440131004208,81.3962470565325,531.3411271256905,579.7569875068442,-438,-65.6671664167916,2.5738083114568013,3.2716430805806924,0.3526545100403656,0.4409,0.0109444702445832,25.80540911762671,88.14921560772586,17.07235300792402,39.3637659984752,60.63623400152479,95.36477503616723,11.11705594595621,65.41373356355426,34.58626643644575,2.46,98.3,15.59,34.74178403755869,86.99694514543765,35.26995305164319,12.66610006872917,35.71428571428572,0.2867283750661043,0.01557899053743294,2.301544858290223e-6,3.632611995990689e-6,0.298869308598167,0.008565272841318012,GP
2923035,292303,5914,5408,985.6666666666666,83.23967173341228,81.97626666967064,901.3333333333334,79.95554949110725,79.61830709649777,597.1902961158586,550.6575475933741,-84.33333333333326,-8.555968887385855,-3.284122242305031,-3.9453810591936653,0.2892290720078645,0.4045,7.497053943461966,9.43205918575254,82.86645156389032,14.78169132392926,66.95168624782663,33.04831375217339,92.06733184377379,10.43765903118021,39.84199658856271,60.15800341143729,0.45,99.08,14.85,3.244566880930518,83.29293473381811,12.94765840220386,0.8715931948614462,14.70588235294118,0.1752747484182667,0.0252915332606264,1.477064245669588e-6,1.644564205969239e-6,0.1433983624033175,0.01436638281727672,PP
2923209,292320,2435,2318,270.5555555555555,80.93686505286216,80.86391791104866,257.5555555555555,85.08135558999992,85.02757167086568,536.6409670351026,604.7671783495433,-13,-4.8049281314168395,4.144490537137756,5.120646240042621,0.3354817449050227,0.6013,0.008656983129231608,15.50823193175874,80.53666019884477,8.971367802074214,68.61018717606055,31.38981282393945,92.20007135694765,12.82270242295536,40.03091936808541,59.96908063191459,9.38,96.19,7.4,2.443306510607169,81.56432677907145,34.20629114850037,23.82185341329605,3.98406374501992,0.05624587596497802,0.06395620589755929,2.793984694835225e-7,3.474303430541842e-7,0.09196140330243019,0.06407426571183161,GP
2923407,292340,816,669,408,77.01886435059856,77.89753400563649,334.5,80.4218050739678,80.44069121016915,500.8715394567761,599.2692542380311,-73.5,-18.014705882352942,3.402940723369241,4.4183210854404065,0.2042329310452559,0.6242,0.2684485610288272,28.86131088345212,88.3511404561568,20.87021919550666,52.63099147081602,47.36900852918409,92.02277808535852,16.63943686784527,49.88535539826538,50.11464460173462,8.4,98.37,26.19,43.67326057298772,78.78077958329179,33.04911323328785,27.693811471006,23.25581395348837,0.2130230238927627,0.01479054393983917,4.792779510724644e-7,5.987394621050733e-7,0.4320370817903954,0.008006378303080174,GP
2923506,292350,3567,3914,713.4,83.529325317914,83.03571794929974,782.8,83.37515572742912,83.92451255213946,713.608859690331,795.4297379284409,69.39999999999998,9.728062797869356,-0.15416959048488366,-0.1845694190610443,0.2922135899483603,0.4455,34.28691062876714,0.02715930030111529,77.6216204844746,14.50638584937375,39.08427418560408,60.9157258143959,78.63250529025782,29.90660240617779,65.56052938886727,34.43947061113274,61.08,91.03,8.06,25.33705253370525,75.20435967302453,23.33798233379823,8.480742994458176,39.0625,0.05871419943051037,0.006064715651547857,1.8125398101908e-6,1.101512094233805e-6,0.04420938873236568,0.001140374154464142,PG
2923605,292360,3136,2741,1045.333333333333,74.910685091574,74.76630447375636,913.6666666666666,75.3293073049497,75.41682581171753,675.4799096541616,787.8034020440847,-131.6666666666664,-12.5956632653061,0.4186222133756985,0.5588284406476286,0.3526327388792159,0.6053,0.4092026387464033,12.63567102764262,68.28587783387681,10.12757198761591,52.42049585030247,47.57950414969751,93.19809280584059,38.37100933858617,62.09744825212645,37.90255174787355,34.25,97.4,7.05,0.02986857825567503,70.06735827720144,28.97252090800478,10.80818967867115,22.93577981651376,0.1328642099732774,0.05985015740243212,3.325957472664257e-6,3.576292870191457e-6,0.1594911951425331,0.00724482716578985,GP
2923704,292370,5298,5334,529.8,78.1326907800459,77.94488621664613,533.4,83.55100333762098,83.4764685164589,542.2877612205679,562.5251341500249,3.6000000000000227,0.6795016987542513,5.418312557575078,6.934757402414772,0.2446836347098529,0.3564,0.02306897498307424,17.79233361771648,90.44608990099998,15.19658751807339,62.87065355285304,37.12934644714695,95.8661451951347,3.309242594033133,41.87493589524428,58.12506410475572,19.16,95.94,13.13,76.07468519322622,92.7416321925536,15.12519901577652,33.12415897235749,36.93931398416887,0.1485484725455895,0.02385994245288062,6.904696938625552e-7,5.754916643960904e-7,0.18217858542425,0.009258932056938448,GG
2924009,292400,2109,2089,421.8,87.53547264276324,87.66382400653426,417.8,88.23210102447332,88.22313465634626,1073.181399640755,989.3904551306823,-4,-0.9483167377904219,0.6966283817100845,0.795824093568399,0.4794644701598896,0.5472,0.5772507658507694,14.40802214758077,59.94673203156996,1.266333956321464,14.61815646245004,85.38184353754997,96.8786170309465,82.21439758931625,87.32391859544212,12.67608140455787,86.18,95.85,0.84,20.2618883528601,62.06430141399041,33.19090282563749,23.226419309385818,14.40733464309103,0.1247743413467228,0.1201631824420667,2.720465028923884e-6,2.642954033323226e-6,0.09969482011414173,0.2607878596445666,GP
2924306,292430,10252,8465,732.2857142857143,85.93861641789746,85.75131877219798,604.6428571428571,83.65011500059869,83.60441915194905,626.7908503515962,752.56349394008,-127.64285714285722,-17.430745220444802,-2.288501417298775,-2.6629488729145687,0.2131285573078179,0.5738,0.7486680518493812,4.988659199623951,90.47643972167442,11.09448798312268,57.72444855986944,42.27555144013056,90.82606696491663,5.584869963434627,53.70758483033931,46.29241516966068,22.97,95.9,8.68,61.03503826016915,79.64071856287424,12.34393878372936,28.44556112840485,28.67383512544803,0.05580737903067588,0.004023767364727436,1.632962014088019e-6,1.175127630837824e-6,0.03549280417787338,0.001592591455027707,PP
2924405,292440,16530,16203,172.1875,93.44878316889528,93.67117543895947,168.78125,91.7595748379345,91.81774021306165,503.6628447807238,542.622440652882,-3.40625,-1.9782214156079854,-1.6892083309607813,-1.8076300981980467,0.3043543359214831,0.393,50.46646987366973,20.78630861826769,84.5591112866385,17.49232618581926,66.16782293765475,33.832177062345266,80.90337091197567,2.582152431750735,36.95381127798243,63.04618872201757,19.91,92.72,18.43,44.92601431980907,83.08019268914707,33.12649164677804,15.80911370322145,17.27447216890595,0.01683617168930902,0.04564257561177654,9.249513029202623e-8,1.32436798026377e-7,0.02648947408035494,0.188637369623481,PP
2924504,292450,692,580,692,82.3009299496761,81.9509782760248,580,79.3398134439355,79.2182361183986,502.7515468230729,623.9946822513033,-112,-16.184971098265898,-2.9611165057406055,-3.5979137873061893,0.3975581069096917,0.561,0.1538628870461131,18.45297373156212,80.06080770987006,14.19344657877834,71.96669818005923,28.03330181994076,89.27232999269582,3.633922944410689,30.12031812929101,69.87968187070899,0.74,97.83,8.21,63.60416666666666,84.21589286928149,35.20833333333334,18.88800252306074,20,0.3523470352631703,0.03300759445397808,2.801343812292963e-6,3.864743164246462e-6,0.7254888612536776,0.01714768787819808,PP
2924603,292460,5092,1510,2546,74.5811102513305,76.07112604056576,755,75.5842958081054,75.2388819673279,488.810656570222,563.6018163055292,-1791,-70.34564021995287,1.0031855567748948,1.3450933532556233,0.3455040275384896,0.5985,6.907713092718885,8.417698872249044,85.80535187884479,9.874007238129998,44.15638255676537,55.84361744323456,95.42112871228515,42.21906823338972,72.78411180581095,27.21588819418904,38.25,96.74,6.84,46.90355329949239,84.47958808385437,55.32994923857868,15.75640218936691,11.85770750988142,0.3056190702234631,0.04710201810468867,1.479562544800566e-6,1.543913639530017e-6,0.2674408836908749,0.014601601046893,GP
2924801,292480,1812,1312,453,64.96630176327115,65.86428296904705,328,76.11820142933576,75.93618531166166,561.369331887514,611.0088107109459,-125,-27.593818984547465,11.151899666064608,17.16566798999995,0.2148951514948271,0.5957,0.5406458666118813,15.40734674101333,70.5850545500302,15.65177203459921,32.5815613141659,67.41843868583409,96.80767340075155,36.14610307149562,68.82701962574167,31.17298037425833,47.59,96.94,14.89,48.10126582278481,88.532633500684625,19.40067166106949,25.71870923630089,17.44186046511628,0.2884617930889934,0.01141120077861288,8.353967782091456e-7,9.372325514689291e-7,0.3947576595032227,0.00541648853044452,GP
2924900,292490,1025,623,341.6666666666667,64.70259618016644,63.6333433156265,207.6666666666667,73.6372095768975,73.83399892318197,504.7667057199174,566.3691304776559,-133.99999999999997,-39.21951219512194,8.934613396731066,13.808740180768561,0.2325176393833567,0.4718,1.04914685631552,2.280088993037979,72.4512441631807,22.90240429852748,57.12813921093459,42.87186078906542,93.7577142041445,2.331691594454438,47.26318420394901,52.73681579605098,3.25,97.64,17.2,23.09677419354838,82.20444888777806,50.40860215053763,30.25717428548067,16.66666666666667,0.261000272582473,0.04093052924533642,8.154722020217978e-7,1.157939733899059e-6,0.2402976912913554,0.001020959431908392,GP
2926004,292600,7686,7198,274.5,81.26566084526915,81.63964264679186,257.0714285714286,81.54665810536034,81.69146933385888,612.1263845066021,659.0878650330807,-17.428571428571388,-6.349206349206335,0.2809972600911834,0.3457761336934253,0.1928162884693761,0.4704,3.914605431653856,39.79461856908031,74.7709813435458,24.65737145965096,39.87488162710812,60.12511837289189,88.5245204452057,49.77277192946642,66.13145887285732,33.86854112714268,60.65,94.71,16.75,25.87988826815642,80.09125662843753,52.41620111731844,19.33895361104031,18.65671641791045,0.05521836574974161,0.1342882059684468,4.332527794268483e-7,4.885939797905644e-7,0.05875520772695829,0.4713635200897787,GP
2926400,292640,399,410,399,84.5643653545144,83.4786179970104,410,76.1658738013298,76.1940056461463,548.6441343380462,617.8582720029432,11,2.756892230576441,-8.398491553184599,-9.93147825088745,0.213038715022446,0.6439,14.28309480180863,9.211762377787553,87.25606027299428,17.88380354581689,56.81583455160309,43.1841654483969,94.81159255292424,6.670803510615356,44.16824135010099,55.831758649899,13.58,98.18,16.71,38.94673847995212,81.22760148563238,11.21484141232795,28.86508924511944,6.872852233676976,0.267260484503656,0.02467565620967683,1.030357405020843e-6,8.769534891223073e-7,0.4121314592731269,0.00808100900535543,PG
2926509,292650,493,418,493,79.3826035406636,79.6889993560717,418,79.1818313913085,78.4994213086415,438.6912478388886,544.5656770963609,-75,-15.212981744421908,-0.2007721493550889,-0.25291706293337146,0.4000936048513321,0.5795,0.02000262980884511,8.594735953598605,90.58102194632673,26.40711485143506,85.96192239044179,14.03807760955823,92.25001417308579,1.676528016769293,40.96088250235866,59.03911749764134,4.01,89.87,44,53.60297536029753,83.17004136729807,13.83077638307764,1.34236719062345,13.60544217687075,0.1790818025773263,0.01970399209072029,2.505763617282439e-6,6.353206924754133e-6,0.2930578304199456,0.006667215467120438,PP
2926707,292670,437,323,437,84.434524993379,84.4181120771254,323,75.9368271892349,76.2336387043903,639.4661292044718,715.9794524814633,-114,-26.08695652173913,-8.497697804144096,-10.06424540768181,0.2510409402852535,0.4933,0.4466474726252619,14.27072430139885,83.2803985873646,18.99564599614847,52.6756939035986,47.32430609640139,95.84120557372259,22.22036223278809,50.23142878822369,49.76857121177631,37.38,97.87,24.73,14.54378444580527,79.17140905986797,20.51439069197795,28.31470029415742,33.89830508474576,0.07644970020505402,0.002328525450108413,6.609927443937608e-6,1.600023837852148e-6,0.07745503921610677,0.001377797547805208,PP
2926905,292690,3128,2609,625.6,86.5155455575653,86.4972313483675,521.8,85.66642533356894,85.57833884946498,581.8143694608004,694.0288371675114,-103.80000000000007,-16.592071611253207,-0.8491202239963656,-0.9814654909982414,0.2541009125018401,0.3316,9.486809364004554E-06,12.95423104813958,77.0683368249966,12.550002839894839,55.80650173797869,44.19349826202133,91.51003086016121,2.889998877106371,51.67746854746473,48.32253145253527,48.3,96.56,9.42,1.308016877637131,68.43309187952727,51.22362869198312,26.08684741762974,42.25352112676056,0.1087885423379356,0.01512111427973917,1.661226600546619e-6,5.239792268611517e-7,0.1489642494166668,0.012305417696173781,PP
2927101,292710,84,189,7,84.08381142912262,84.16593983783643,15.75,89.14550039400307,89.20905184274508,665.4333467796562,690.5147422753429,8.75,125,5.061688964880446,6.019813896218456,0.4668861376061816,0.5533,33.58876142120478,0.2308580146739362,76.0485068094931,10.07894963235678,16.63150423831287,83.36849576168713,91.25474126709058,85.67253211397433,79.21321029626031,20.78678970373968,82.74,97.77,24.45,39.07125700560448,86.02234094220495,0,39.07128502808117,19.86754966887417,0.008112480248544876,0.0377358746315291,4.929422784565255e-6,1.424908209900588e-5,0.00350630240715073,0.08699219442859733,GG
2927200,292720,2873,2351,410.4285714285714,70.31686356209482,71.18354008381384,335.8571428571428,78.76993467276424,78.67428089039107,632.169006417691,657.2465521289965,-74.57142857142861,-18.169161155586508,8.453071110669413,12.021399536975572,0.1599985703042764,0.5857,16.97769403063894,14.37690718403898,83.87012873788339,16.92930388028222,26.39876428129631,73.6012357187037,95.70998097134927,52.71701414086042,78.28504639795992,21.71495360204009,71.27,97.26,6.86,62.62904335856848,78.55776723099808,24.54691442991512,27.70872944465088,17.49271137026239,0.2657646714756356,0.005064144072619865,5.639862612242689e-7,5.942700563830001e-7,0.2632563229034329,0.006923034120251223,GP
2927606,292760,1070,874,1070,69.7755775444304,70.1878025350398,874,70.3215387513687,69.9210432582135,514.7795689793201,528.4563772934468,-196,-18.317757009345794,0.5459612069383013,0.7824531535989856,0.3122852276389624,0.4823,3.875819307958948,13.84076733183352,89.0642172949307,19.00469127027617,60.8037800317551,39.19621996824491,92.24968278721128,36.59435688370075,34.56005352960857,65.43994647039143,32.88,95.16,13.42,4.938512590279133,79.84610237537638,15.10833495998438,25.11805418658515,34.82587064676617,0.2320309996235425,0.06428840053905131,7.297992761767955e-7,8.665050305626501e-7,0.2112590028526334,0.02770981939946154,GP
2928000,292800,431,283,431,70.9614141719912,68.2089825587425,283,70.0121050729004,69.9535033377983,532.112006193862,622.3501308728507,-148,-34.33874709976798,-0.9493090990907973,-1.3377821033694872,0.2135474363838746,0.5277,0.1663801146106375,15.46226791743536,82.81440333427413,12.40670796615535,39.09806946647395,60.90193053352606,79.44691504818992,55.28890791696993,64.07358390682901,35.92641609317099,68.67,93.15,7.75,14.04094671119501,83.13922710428798,44.85262087991869,24.43735263489664,20.08032128514056,0.1714795124919219,0.107610127414316,5.949505948446742e-7,5.942710080859972e-7,0.2310193353767017,0.1444841641087544,PP
2928208,292820,734,836,183.5,74.93931538937755,75.62754581176314,209,79.48611374429453,78.59868740240626,613.967827003481,673.8145724785554,25.5,13.896457765667575,4.546798354916973,6.06730703542225,0.2679137888001296,0.5182,0.03552085861133947,15.88734353046719,84.98093091124258,29.48482863722063,46.25724589377975,53.74275410622024,95.96871142188743,12.826933426897421,56.2044386845942,43.7955613154058,13.55,92.1,28.32,79.54835184847933,85.38393001781954,23.62046985977053,16.96860493137728,11.02941176470588,0.3539651335266642,0.003934655516027138,8.631181753351965e-6,4.827445687914445e-6,0.5179043306545309,0.004122208614718221,GG
2928406,292840,3756,2874,939,90.10333712991886,89.71197618274533,718.5,86.9159522242623,86.33696616673961,577.5473179019828,642.4360357412163,-220.5,-23.482428115015974,-3.1873849056565575,-3.537477087070269,0.2507656157784905,0.5389,0.7021697969193884,3.180596515987978e-8,84.40980582395727,18.58503510712994,43.68062978015917,56.31937021984083,93.3887609324186,14.01915886348171,64.34763524635136,35.65236475364863,12.81,96.8,24.53,16.45957721478134,93.17824353487691,13.8776827497176,16.125155182603,17.69911504424779,0.3179718007022403,0.02267398207343261,6.343537791091082e-7,9.94676283644868e-7,0.7718954175970176,0.01692475395548777,PP
2929057,292905,1352,1079,225.3333333333333,83.33819998539758,82.49078622063655,179.8333333333333,77.66634817299423,76.96550362494477,628.5944692548723,762.0642715358676,-45.5,-20.192307692307697,-5.671851812403347,-6.805824715913185,0.2866349996947257,0.4998,0.006008320717303704,39.84957609688115,89.44784103453838,26.61517554405224,39.37984423041662,60.62015576958335,91.386704845506,2.477151727637662,75.47256800368834,24.52743199631166,10.81,98.78,32.88,43.56617647058824,80.56378844760587,38.74080882352941,19.4586368326753,16.94915254237288,0.4651313587891045,0.01215525755847426,5.317647434688624e-6,7.219314394450657e-6,0.3757058472543582,0.004828646578652157,PP
2929800,292980,3328,3219,832,69.7251818185919,70.35822373734335,804.75,77.32879633878245,77.30617696975145,542.8757621900015,636.0495382114409,-27.25,-3.2752403846153846,7.603614520190547,10.905119673941211,0.2745055005086549,0.622,0.007698123688639431,9.954939079831814,86.66469581902673,12.17637059656492,44.66807887510078,55.33192112489921,90.81647776018532,19.68265895439531,57.37626600420409,42.62373399579591,46.12,99.2,8.91,0.4792879150975694,86.91954901586088,55.52892844916124,20.30584967953272,0,0.2178078853600078,0.03598213104143332,2.948971399111393e-6,2.088009501477308e-6,0.225466085049257,0.002676609167039428,GP
2929909,292990,8019,6939,668.25,87.04211699412339,87.07071916694831,578.25,86.61993154379414,86.62305537307685,714.5012496417818,761.3824718330927,-90,-13.468013468013467,-0.4221854503292519,-0.485035825079663,0.2846982955295138,0.5486,72.00118591648328,1.146552230848864,81.56110585564538,6.73816874614876,51.78267805932779,48.21732194067221,93.03779027810532,4.65393800195707,54.07702984038863,45.92297015961138,23.62,96.43,4.78,66.25351617440225,74.44482997918112,40.14592123769339,16.55898403155071,18.97810218978102,0.08466681490747181,0.005249425557597178,9.804213018550048e-7,1.19966899235073e-6,0.06815380230388335,0.003260362485385797,PP
2930006,293000,1190,824,238,83.5982019428724,83.57538045632693,164.8,83.08807613205954,83.06363030269918,528.2484892636479,576.0812365148103,-73.19999999999999,-30.7563025210084,-0.5101258108128519,-0.6102114626358245,0.3403498697057117,0.6823,1.270165723817495,23.25424043163297,74.6400503497363,28.36076296613735,60.72146749666218,39.2785325033378,90.54638068513636,12.56689669511031,43.29092269859938,56.70907730140063,2.42,93.56,26.41,2.465023317788141,75.83662995830215,26.98201199200533,8.250369557319049,23.25581395348837,0.1321278387134819,0.01390098205297163,5.882711109399644e-6,6.392126336158222e-6,0.2043551330792588,0.002477452332265582,PP
2930154,293015,474,470,118.5,86.64513249086406,86.14455219459907,117.5,85.82375783411123,85.5528504627667,525.1678888508344,608.813587068346,-1,-0.8438818565400843,-0.8213746567528233,-0.9479755332354414,0.2563975398015659,0.5251,0,5.972187359176764,82.36532903352555,20.05964351027523,79.87162990298877,20.12837009701123,87.52842127882437,2.439576928176562,53.45882490705232,46.54117509294768,19.72,98.37,29.12,52.31084368198694,82.4819227729149,14.0058891307131,12.36766412535949,12.91512915129151,0.2892428811463125,0.03044179933199347,4.276500896932724e-6,5.826863588839218e-6,0.3985278652420032,0.0134295526566918,PP
2930204,293020,5658,5662,66.56470588235297,91.81182745504881,91.83284648984332,66.61176470588234,90.73561440880425,90.77435115155316,567.9909682103319,589.4165768519198,0.047058823529368965,0.0706963591374401,-1.0762130462445612,-1.1721943414877307,0.236886944654303,0.54990000000000006,5.448724968086043,34.90556735374045,82.9842415593654,22.17494364449091,42.07952249904618,57.92047750095382,96.30855145694706,31.84609445971843,66.15129326239267,33.84870673760733,49.2,94.25,3.37,23.30789648307897,79.71342780382447,42.88321167883212,15.60029356906429,12.90322580645161,0.01688871948881771,0.02112279499209231,8.620444139732297e-7,1.270199379158089e-6,0.03304304125665888,0.1358589404775872,PG
2930303,293030,41,38,41,56.4323414987324,55.424193208673,38,82.9359171720231,82.9832934954754,514.3201348700212,618.3663722313333,-3,-7.317073170731707,26.503575673290698,46.965224141702556,0.2995459383536236,0.4053,0.128841510101152,19.82096725784323,89.39902882834119,29.55748867627335,64.55755140118238,35.44244859881763,93.30781364130418,5.828716155701575,37.86350844277673,62.13649155722326,6.18,97.17,29.84,115.0813397129186,86.11632270168855,38.94736842105263,12.69993566575649,29.26829268292683,0.5467533138720448,0.01517442614300212,1.088208801085523e-6,8.052569317223279e-7,0.624109022196296,0.005481243229234254,GP
2930758,293075,1154,607,288.5,76.77038429940417,73.31716165719348,151.75,82.48651947227555,82.3394062327931,465.4828918274675,591.7165726063521,-136.75,-47.400346620450605,5.716135172871375,7.445755580144646,0.2172743382837306,0.5032,0.8116270235314214,39.71413240281156,91.75205343873759,31.54922211816388,46.48665754094278,53.51334245905722,96.42198618576074,12.25278263984731,55.50660792951542,44.49339207048458,38.52,96.85,34.26,91.97138314785374,87.8145299783469,35.41335453100159,43.46305559286818,10.20408163265306,0.2028249893350975,0.01289928718754501,1.45770546602996e-6,1.31871432789873e-6,0.3393771290509692,0.006535319162464331,GP
2930774,293077,206,324,34.33333333333333,94.85880552726688,94.6619286353056,54,86.88721932111955,86.89811758819731,768.587703621917,779.1746965966897,19.66666666666667,57.28155339805827,-7.971586206147336,-8.403633338874299,0.3724209606873139,0.4728,0.9661633997574832,40.10478601212337,74.59185465951768,6.122821606672796,13.97433833405183,86.02566166594816,96.27572471375757,68.07666977163089,90.25233865262165,9.74766134737835,89.26,97.43,3.03,15.90027700831025,74.45169404920998,66.14958448753463,17.87975432086869,27.56892230576441,0.03591588179103949,0.1159393183165474,4.528809678207755e-6,9.492724563887479e-6,0.02909974195698126,0.3058528845767618,PG
2930808,293080,1879,1269,375.8,86.36984245263284,87.45904170182054,253.8,85.86985074306726,85.8302145241691,510.2096339809202,559.2956078497853,-122,-32.46407663650878,-0.4999917095655775,-0.5788961695047483,0.2252637733202358,0.3532,2.653170050561982,30.27629103104623,94.78928304587495,9.832811731212104,61.96424756110517,38.03575243889482,92.21913757040328,4.788587448730793,39.00650988211835,60.99349011788166,11.25,93.13,5.37,45.10111576011158,84.31177057064102,42.86959553695955,28.91513847588823,47.39336492890995,0.03650137357882657,0.008029123658037282,5.291463696549324e-7,9.978786537483676e-7,0.03444006746274891,0.02097097935733397,PP
2931301,293130,2147,1494,429.4,77.95221716583576,78.69172248589547,298.8,76.05976292122376,75.69792198359018,586.2109044193146,605.7040997258916,-130.59999999999997,-30.414531904983694,-1.8924542446119972,-2.427710607109461,0.2760648451325027,0.5011,1.957825207727172,26.80408466201529,69.89033559622375,28.51210217000364,24.41412794340478,75.58587205659522,97.7073476079622,4.239559795494978,74.45056685033884,25.54943314966116,2.8,99.37,18.29,4.557498675145734,66.83133827348153,25.70217276099629,12.04751745391944,0,0.2543664906929056,0.006230593144135545,9.878601683113598e-7,5.693903555771601e-7,0.3367286983855068,0.005716284118933933,PP
2931806,293180,2075,1666,1037.5,62.4584883563681,63.0176867930538,833,71.37592030550785,71.3070785940944,515.7350807452337,575.0282642380912,-204.5,-19.710843373493976,8.917431949139747,14.277373954777357,0.3383519993465801,0.6112,0.1766907024274442,5.026341613882544,87.27625405071652,15.25349912637891,76.45244671009999,23.54755328990003,93.02883107262788,8.296538414654831,26.37524557956778,73.62475442043221,13.97,95.82,17.07,65.64426633785449,83.27603143418467,43.20283600493218,39.09263388663976,12.4223602484472,0.3618892665796887,0.0521313269948832,1.481874538663007e-6,5.117366285706834e-7,0.2984148493778679,0.03789015973243558,GP
2932002,293200,1905,1840,238.125,89.57842073402745,89.38521391039306,230,80.47077886607829,80.51704619141583,540.9468896121214,607.5791625021249,-8.125,-3.4120734908136483,-9.107641867949155,-10.167227545784927,0.1969834987093701,0.51,1.61890816133905,9.607687962027295,75.01460034077743,15.81207898940961,56.63822191466561,43.36177808533439,92.84357265280943,3.07589107418892,47.65637692932575,52.34362307067425,14.64,98.5,10.24,14.63700234192037,93.76929325751422,18.86709601873536,24.33283743706052,19.84126984126984,0.0291752999552091,0.4395938026937881,4.679272001763375e-7,4.61601116454778e-7,0.01721939129688634,0.6222742676396402,PP
2932408,293240,194,56,194,98.128073813449,98.6569154798787,56,96.2483143638665,96.2296316203047,526.3517138788573,671.7237297972259,-138,-71.1340206185567,-1.879759449582508,-1.9156184122763005,0.3152347776738998,0.6425,0.1222876269834174,4.410587458489282,84.56714883396992,16.17441996657073,39.19947827138031,60.80052172861969,94.07204587249275,2.015692869702216,65.88708476091166,34.11291523908834,31.86,96.67,10.9,1.939058171745152,92.89438403098465,10.42243767313019,25.86735439437546,7.042253521126761,0.04743698013971011,0.0568498862258351,3.981815547566382e-6,7.122090800395755e-6,0.07798247857920768,0.05664104007377144,PP
2932457,293245,2803,1459,254.8181818181818,89.2778559615535,89.82313363960185,132.6363636363636,84.60985018052553,85.03616490011542,413.0162091798607,576.4076719814095,-122.18181818181822,-47.948626471637546,-4.668005781027972,-5.228626663075551,0.4301925087940452,0.4509,2.920686874609363,13.81889206859371,75.88443064102059,11.07537888509363,55.32571807077134,44.67428192922866,97.76026653435333,7.862417795671597,61.47859922178989,38.52140077821012,58.62,89.88,3.05,2.418414918414919,84.52389692386755,18.24009324009324,34.34672445166605,38.75968992248062,0.0398176784052634,0.1282019436384314,9.176818675457878e-7,2.338565632609261e-6,0.05224365487734643,0.01188405665157322,PP
2932804,293280,2087,1843,695.6666666666666,89.81322778312666,90.25400120860347,614.3333333333334,81.310982770908,81.48053090900343,561.5853226356792,871.9526146123711,-81.33333333333326,-11.69142309535217,-8.502245012218665,-9.466584401964889,0.2636652957649195,0.4901,16.36300998297792,13.97589800291241,87.80478190370495,16.37833358549803,30.29793701433147,69.70206298566853,95.46476978532661,5.464371492486332,72.95268565803237,27.04731434196764,24.86,98.52,17.14,27.97945205479452,76.96425275333785,34.58904109589041,19.2882243224327,15,0.1761617750600551,0.007404169602820435,4.189731563667296e-6,4.836798347532126e-6,0.3285276515725207,0.006252975788216372,PP
2933158,293315,67,46,33.5,98.65282729434675,98.74239110108306,23,97.48430005823201,97.50006362311231,484.8542930983422,570.7301871933831,-10.5,-31.343283582089555,-1.1685272361147412,-1.1844842851064472,0.2482941684901864,0.555,0.5784836255511625,20.27599900337374,93.62734443457454,15.46355896602359,34.37382299190843,65.62617700809156,94.8225338458416,35.6894651314405,70.33600239467187,29.66399760532815,60.47,94.05,10.39,17.53554502369668,82.96041308089501,20.31144211238998,32.43664087388814,22.3463687150838,0.1215687314909499,0.05444832571859465,6.070604291199918e-7,1.064523870267773e-6,0.09676383201362833,0.03381998208652684,PP
2933406,293340,1352,1460,676,75.4807700347761,75.4476164405171,730,79.41726432571805,79.47346596120245,578.4190186968357,623.378890173561,54,7.988165680473373,3.936494290941951,5.215228049645358,0.1822912863000656,0.4024,17.05754431529675,37.05637664731375,85.28174194846667,16.06267098818441,28.29423657530352,71.70576342469649,96.29543306130347,10.78702426875204,71.55335718796043,28.44664281203957,4.109999999999999,98.72,17.33,36.45352669742913,68.680277836245,42.71588661832564,22.58097342443384,0,0.1851255070637232,0.007269428222226203,7.84283880076928e-6,6.475451922631988e-6,0.07173802739797372,0.003476621442423948,GG
2933455,293345,1324,1598,147.1111111111111,84.74313577765297,83.6721831257316,177.5555555555555,82.2336738313062,81.47852817496621,570.8241311829483,696.3705605865189,30.4444444444444,20.694864048338342,-2.509461946346761,-2.9612568892081454,0.211376760927547,0.5529,14.71882293682492,0.1266171438767242,81.31937484694781,41.99138452101115,53.13946249134085,46.86053750865915,91.82381347219858,1.434749018018513,51.68955408116032,48.31044591883968,21.74,98.39,35.81,17.08413615928067,83.22789692948619,13.19845857418112,16.69060705885472,0,0.4615717577725906,0.01221888263001352,5.369431514550087e-7,4.968139100956408e-7,0.4517506457518171,0.005352957829488781,PG
2933604,293360,3021,2407,116.1923076923077,91.34304820853413,91.49319130851917,92.57692307692307,86.51319928036577,85.66465128011491,606.7755034061669,638.6715551685725,-23.615384615384627,-20.324395895398883,-4.82984892816836,-5.287593334023541,0.1622308039441289,0.3024,0.1441661659793682,13.5889967473556,89.60185003555836,16.37502061920165,28.63574356250971,71.36425643749028,95.77012461159383,37.76015903948634,78.011743267868,21.98825673213201,36.86,99.09,14.06,56.22129019372878,91.08906436300646,14.99900139804274,17.11235369641579,23.60248447204969,0.03673410807113101,0.05598148946012053,1.179813484176032e-6,1.536842040111262e-6,0.04579531070162752,0.02365430713978557,PP
3124302,312430,1655,1173,413.75,87.67700143310593,87.63371570680565,293.25,86.46158910869832,86.45916822660206,642.435465020554,730.8217343282139,-120.5,-29.123867069486405,-1.215412324407609,-1.386238471368025,0.3697999994219908,0.597,1.734774507947201E-08,8.255269581551008,81.83717410333409,7.430000327072174,42.0724460030738,57.92755399692621,96.63999988527168,2.310000174779043,60.90030251216625,39.09969748783375,26.97,98.15,5.51,34.78969677208999,79.08391424437721,45.85914574502771,10.91703058912549,15.8311345646438,0.2829389604739205,0.01350251029270373,3.031377743281818e-6,3.396071055179734e-6,0.2170467194324176,0.008432931582969738,PP
3127339,312733,695,537,173.75,90.5666400573532,90.5534346281909,134.25,87.86948616234895,87.67288258229024,556.156595954345,643.5431857022787,-39.5,-22.73381294964029,-2.6971538950042486,-2.9780876195652395,0.6147999992175465,0.6486,3.02981611599759E-09,3.204524067102296,90.67912041070667,28.87999994795118,72.50437819322683,27.49562180677319,70.77000008640681,0.8200000190814414,34.47698744769874,65.52301255230125,0.46,95.55,15.65,31.24423963133641,79.81171548117155,7.695852534562212,15.8730158566883,0,0.179078267248002,0.003888070167447133,9.323261542379562e-7,9.540624021119814e-7,0.1697525746593895,0.003405608880718017,PP
3132107,313210,332,184,166,84.2336260213441,84.3485495166361,92,78.7100207021797,78.7442276153525,768.2876481277211,729.7283199060882,-74,-44.57831325301205,-5.523605319164389,-6.55748254000695,0.5132999998323149,0.436,6.995510019559935E-10,19.97851775058724,82.62415349155442,7.880000017415881,22.12753961376077,77.87246038623925,97.98999997018878,39.35999991861529,77.68691588785047,22.31308411214953,53.83,96.43,14.83,6.430707876370888,70.42056074766356,19.59122632103689,19.4174757089556,30.04291845493562,0.3201000285235528,0.004317670324307024,1.759973150055614e-5,2.865677462490855e-5,0.259763095946079,0.001285260003134833,PP
3135050,313505,586,408,146.5,77.09354131382175,76.81898764187903,102,74.00686344335725,73.89487742764942,736.8391718784281,782.9490736131121,-44.5,-30.37542662116041,-3.0866778704644986,-4.003808643190584,0.4890259331701856,0.588,7.527654459491402E-09,5.93198740566129,71.89638334336841,25.99845316412169,47.49816324273964,52.50183675726036,91.14549914891568,19.79381410231441,57.07632531403023,42.92367468596977,38.54,98.01,26.95,3.294339115234637,78.80828188205238,6.225628613688315,9.261540425741156,3.696857670979667,0.3143416131351268,0.003565550447795454,2.303470624475138e-5,4.834499036219691e-5,0.2314252665626668,0.001024088293386048,PP
3135100,313510,570,291,570,70.6565626391366,69.6234306900307,291,70.4530945167211,70.1555294917303,953.8438071398123,1017.204336831044,-279,-48.94736842105264,-0.20346812241550083,-0.2879677623926756,0.5598999998322614,0.6933,2.851483731129144E-12,6.308411223398658,69.7812972580822,7.050000016146108,9.330419328010617,90.66958067198942,96.82999999725907,16.3000000024364,91.40792481224356,8.592075187756434,39.44,99.26,4.24,0.4709965294992564,64.36247994661896,28.58205255329698,12.54826254700357,8.255933952528379,0.5597278837585267,0.006904048589110165,1.037048891569795e-5,1.760646341281847e-5,0.3848697651440342,0.003313943369997251,PP
3136959,313695,498,467,99.6,76.56893334608968,77.73551633881168,93.4,78.31271188519004,78.02892320064822,580.4039264830606,616.1108667396735,-6.199999999999989,-6.224899598393564,1.7437785391003615,2.277396932276078,0.2766000269376588,0.606,2.521156269043569E-08,11.174790678141,87.45619914437026,18.42000251830344,23.05536814838242,76.94463185161759,96.38999883190432,7.809998947115838,76.28060427157493,23.71939572842507,59.48,97.58,18.23,0.683371298405467,90.25872547317243,51.59453302961276,14.28571197397398,16.39344262295082,0.2920181608038607,0.004658437185433224,1.362019805713068e-6,1.682506668256899e-6,0.3273701145426531,0.002204200725957662,GP
3139300,313930,1627,1702,271.1666666666666,79.3089767547734,79.59082840808526,283.6666666666666,77.6694698385131,77.7291685826897,718.5823695516765,745.4380063842053,12.5,4.6097111247695155,-1.6395069162603022,-2.0672400317680615,0.4679999995551471,0.6509,1.106050745274328,23.03188025516893,87.02367132282882,17.74999999995057,30.10649573534776,69.89350426465225,94.5500000014942,4.4800000093413,69.62824284568066,30.37175715431933,41.64,97.53,16.11,1.721109940288023,81.62075421235625,24.83315770987004,24.39024387912568,17.85714285714286,0.2786576301996897,0.001433005080498076,3.693349315067509e-6,5.941473660771357e-6,0.2365540859181126,0.002103115361499857,PG
3140852,314085,1725,890,215.625,87.09798605016479,87.19650456807636,111.25,84.60266904853357,84.57559334777764,672.5177965255962,653.8659122075018,-104.375,-48.40579710144928,-2.4953170016312214,-2.8649537317591056,0.5826997526447846,0.4643,5.988514185396498E-10,11.62979685732403,65.76812925752652,37.04997094680807,48.53191435923706,51.46808564076293,95.59998829337385,20.88999707208306,58.59170925610449,41.40829074389551,8.49,96.77,35.59,21.40019860973188,78.45542305508233,10.87388282025819,19.73681468890272,22.05882352941176,0.3276919861126788,0.004295113293443266,8.140592564764567e-6,1.407533734794702e-5,0.2871372068399049,0.001279369428262245,PP
3149150,314915,380,336,190,74.877874115553,74.99681809484105,168,74.89851061415649,74.96281942286376,595.7986375985704,690.6025945208088,-22,-11.578947368421053,0.020636498603494147,0.027560209003326536,0.5874026075754352,0.4751,1.38462537424785,36.5966358348504,73.7681575073295,18.11914566601261,38.65353713865882,61.34646286134121,93.85986548641307,5.041743618756143,59.76114803043436,40.23885196956564,24.99,97.27,16.64,5.06638714185884,64.77896561687373,26.58979734451433,8.129246539589612,19.8019801980198,0.2982832047815401,0.001663604356298672,1.962013517217322e-6,2.228227631953247e-6,0.299414062969574,0.001754112808422874,GP
3162401,316240,922,688,461,76.97796904078245,76.9146701202036,344,75.79968604601275,75.7679069778716,549.2932067507244,661.3942698724585,-117,-25.379609544468547,-1.1782829947697024,-1.5306756068680578,0.4881999998087519,0.617,0,4.455445572788307,80.29024371433907,16.56999999905974,65.86481577043831,34.13518422956169,96.38999999403018,1.770000046220743,38.39210747271201,61.60789252728799,34.43,96.28,14.82,0.1151742009789807,74.24013434089001,46.73193204722143,9.80392158729049,7.092198581560283,0.6583917472077284,0.001537242105416364,3.951220732917992e-6,9.745784157309677e-6,1.693082277937939,9.886576639635326e-4,PP
3170909,317090,1184,533,394.6666666666667,76.16135157138447,76.18100517514047,177.6666666666667,75.4483752932991,75.29810664708806,619.2168973012525,666.0273944818574,-216.99999999999997,-54.983108108108105,-0.7129762780853781,-0.9361392141486881,0.4259999999059557,0.5843,0,12.70110074864677,85.844318890767,10.33000004877872,53.42121779627566,46.57878220372433,93.06000000184339,13.69000002203832,53.30288870008496,46.69711129991504,18.16,94.24,5.03,0.02324500232450023,77.67629566694987,8.94932589493259,22.14022139063126,37.34439834024896,0.3938273265044521,0.005501040694213724,1.120596682704979e-6,1.13606057888209e-6,0.2965346541670145,0.001477706191200784,PP
3171030,317103,250,108,250,81.5918896059327,79.8363999215617,108,75.9048256314344,73.3597269119679,630.4411321936991,662.3704157165081,-142,-56.8,-5.687063974498301,-6.97013392135581,0.3619003954976701,0.5542,0,5.617978453680465,84.7711078694655,31.72998168229565,42.94274044858916,57.05725955141085,93.3999930587776,20.24999849729543,59.7174993460633,40.2825006539367,46.86,98.48,33.44,0.5128205128205128,83.76929113261836,6.03988603988604,18.98731150192602,0,0.3463551912354402,0.00470335456140954,8.65152389357101e-6,1.292078365219514e-5,0.2942474355532745,4.703343421175079e-4,PP
