code_mun,code_mun_short,sum_fpp_2010,sum_fpp_2022,mean_fpp_2010,mean_perc_forest_2010,mean_perc_forest_2011,mean_fpp_2022,mean_perc_forest_2022,mean_perc_forest_2023,mean_respRenda_2010,mean_respRenda_2022,mean_fpp_abs_change,mean_fpp_perc_change,mean_forest_abs_change,mean_forest_perc_change,ifdm_saude_2013,ifdm_saude_2022,perc_agrifam_cadunico_2012,perc_cisternas_2010,perc_pessoas_cadunico_2012,perc_pib_agro_2010,perc_popRur_2010,perc_popUrb_2010,perc_public_light_2010,perc_saneamento_2010,perc_popUrb_2022,perc_popRur_2022,perc_saneamento_2022,perc_public_light_2022,perc_pib_agro_2021,perc_agrifam_cadunico_2022,perc_pessoas_cadunico_2022,perc_cisternas_2022,taxa_u5mort_2010,taxa_u5mort_2022,bovino_hectare_2010,caprino_hectare_2010,irrigacao_hectare_2010,irrigacao_hectare_2022,bovino_hectare_2022,caprino_hectare_2022,cat_change
2200053,220005,6797,4786,522.8461538461538,53.67981905878991,54.40066427318906,368.1538461538461,43.67836655493592,43.73750103704512,434.0527832817158,542.4242320746898,-154.69230769230774,-29.58658231572754,-10.00145250385399,-18.631680730705224,0.2751506474086954,0.4258,1.093701999330914E-08,40.42860716641665,76.22658417487636,15.98102444384167,86.63169854356568,13.36830145643433,88.6404485009818,1.438276178334483,23.91338214675183,76.08661785324817,2.3,94.44,23.42,0.7112970711297071,81.60149556005608,56.35983263598327,43.47021267449634,21.27659574468085,0.08021188072634257,0.07170163921602592,2.060317563303086e-7,3.740005834487322e-7,0.04720848178555454,0.1605469094271641,PP
2200251,220025,3741,2417,748.2,64.3363006394196,64.49615101608416,483.4,55.79138842578284,55.72792561456946,485.1137577724879,521.0213325837103,-264.80000000000007,-35.39160652232024,-8.544912213636763,-13.281634363044487,0.301027374166884,0.4025,0,56.94447441881072,72.44003468486761,15.73053245735623,63.6087687696507,36.39123123034928,69.3456417547708,7.346196036204458,56.01994427335386,43.98005572664614,28.27,99.02,19.32,0,79.26382167473237,46.56834940442427,33.84399785106257,12.04819277108434,0.08036881869971255,0.06721464978486118,2.771733611479265e-7,3.2064385637439e-7,0.1000105865606859,0.0985007868727017,PP
2200277,220027,2857,1625,952.3333333333334,59.46906205067107,60.54282742919317,541.6666666666666,56.82464178642046,56.87377069205183,588.4003587266792,626.8742005156788,-410.66666666666674,-43.122156107805395,-2.6444202642506127,-4.446715944498022,0.316334033692806,0.6276,5.770662816025948E-05,48.64672820157438,74.91010177368251,9.47724398593652,45.16062228358698,54.83937771641303,84.53403343186504,2.279212499763458,65.60812270468783,34.39187729531216,4.199999999999999,97.49,15.71,0.6535947712418301,76.06394469647873,84.44444444444444,0.2527695056246703,0,0.1038256543732873,0.05619505166874821,3.521435264522929e-7,4.178655195769463e-7,0.1424387708708362,0.07171910046092621,PP
2200459,220045,2476,2653,225.0909090909091,94.66717354092962,95.2014810168152,241.1818181818182,90.8242258405923,90.6086442400782,629.9795669647509,621.3710688258475,16.090909090909093,7.1486268174474965,-3.8429477003373194,-4.059430060701886,0.1946986542770229,0.431,0.1240236514893726,7.938052754114464e-6,90.77015059494016,24.75855449204975,63.37618241230457,36.62381758769543,71.25155695815177,1.089810447700677,39.57158962795941,60.42841037204059,31.14,99.38,29.71,0.4837595024187976,90.41713641488163,0,10.10796654633284,22.98850574712644,0.06895817325680768,0.0028496383318884202,7.709419822928763e-7,8.922970065069873e-7,0.05328391004397972,0.00200208330730968,PG
2200509,220050,2359,1267,1179.5,91.451950153821,91.48425449743479,633.5,88.9877525189475,88.99312811786496,625.9652500779149,693.7894389694305,-546,-46.29080118694362,-2.4641976348735,-2.694527159594466,0.2620259810754978,0.3489,0,0,78.04019379221823,8.5285992023956,48.79860216911602,51.20139783088398,93.10027517360346,9.535283319182259,53.21042224031639,46.78957775968361,58.3,98.61,10.55,0.233849751534639,81.64475979993021,1.549254603916983,19.16911371532559,40,0.2044039654018001,0.1044805302786009,1.782617453207068e-6,2.232843437342e-6,0.2075970630666367,0.1622999223096254,PP
2200707,220070,2460,2433,1230,65.58055392782416,67.71775921041694,1216.5,68.30133292939081,68.3271773887012,537.6130898456693,635.2995178828762,-13.5,-1.097560975609756,2.7207790015666546,4.148758799080984,0.4456999442065224,0.6291,3.031605211682875E-10,37.03703901622598,85.49132364591216,5.670001598590041,50.50562087718601,49.494379122814,87.12999142109005,18.25999099568064,50.59111726488445,49.40888273511556,32.95,96.27,11.61,44.85702091335894,69.58142507189264,31.58344003414426,1.824026649257134e-5,18.18181818181818,0.07722299303801548,0.06140630150855351,4.682521582034789e-7,6.107265781323005e-7,0.0644591330866117,0.1357508761305323,GP
2200954,220095,2235,1596,745,64.80587735022414,66.20801109737553,532,63.25764899385143,63.27895140220337,539.6921916137263,537.3704131568412,-213,-28.59060402684564,-1.5482283563727037,-2.389024606527218,0.1807057287971116,0.477,0.2100394967051576,1.035112758702161,79.32303977657062,16.09606595622239,84.25128557070259,15.74871442929743,86.42142293282114,12.72978242001985,13.42007434944238,86.57992565055763,32.03,97.62,15.66,0.4508566275924256,77.58364312267658,10.82055906221821,6.206787144654827,0,0.107964936937415,0.02155609367939674,6.5204340528007e-7,6.249482052095658e-7,0.0998612997907086,0.02144298949713854,PP
2201002,220100,2160,1419,432,82.92493256778828,83.39364707153632,283.8,79.09413573560914,80.05690360012204,541.7414898627715,603.6979193630123,-148.2,-34.30555555555555,-3.830796832179132,-4.619595956918732,0.5139608089430552,0.4618,0,0.00113425072258567,91.2104155246535,7.651007337252724,48.10466523956864,51.89533476043137,82.10938662795552,10.08621306918895,56.84886036733791,43.15113963266209,2.22,98.97,9.33,55.53257497414684,89.00199159105998,0,64.50520653620485,21.73913043478261,0.04454430429999251,0.04612066933255245,1.461156376648769e-7,1.408353818963043e-7,0.04873163430821439,0.05123944374733991,PP
2201051,220105,4464,3294,248,83.04375704470546,81.91311846160764,183,77.21247543053536,77.30743357905982,431.5284111677013,519.4513364558572,-65,-26.209677419354836,-5.831281614170095,-7.021938579959605,0.3357999995213348,0.3432,4.655244824076423E-11,48.51190350793834,96.17486305596948,9.190000137326555,54.97800925482687,45.02199074517312,77.39000065828074,13.46000024406443,42.05582393988191,57.94417606011809,13.06,82.88,14.35,0.1146788990825688,88.05689747718733,20.90978593272171,23.25581349117291,38.46153846153847,0.02007917252682254,0.01690088271479631,1.314026466939615e-7,2.127062647144552e-7,0.02515520233399041,0.08299890079885072,PP
2201101,220110,3903,3756,300.2307692307692,91.17191470429883,92.19735367552157,288.9230769230769,87.95605162870442,87.72479724272064,687.288580107942,627.4659019889503,-11.30769230769232,-3.766333589546507,-3.215863075594413,-3.527251880170048,0.2614170509997658,0.452,0.1599156960220245,41.89810696634517,91.30800212405194,11.89353253116481,41.3490637413774,58.6509362586226,76.99722166001408,1.557575028764035,64.54285977350152,35.45714022649848,13.68,98.11,13.16,87.33258928571429,91.40042353374459,71.81919642857143,26.48857578342941,6.802721088435374,0.08734021870792019,0.04224280613146312,2.59115425908879e-7,2.99381666456792e-7,0.09016618943032595,0.1130124886592473,PP
2201556,220155,2127,1223,531.75,74.44516031011995,75.7801391153417,305.75,73.18094730535555,73.25574354763592,484.35713873294,663.8289584975092,-226,-42.50117536436295,-1.2642130047644002,-1.6981802436827385,0.6152554113019177,0.6015,1.970843099130641E-05,34.86275571987608,86.20723652103321,14.52822858306421,67.09205208630848,32.90794791369153,89.66077026995825,33.43766217375638,43.07391091532061,56.92608908467939,2.67,99.82,22.96,0.6342494714587738,88.32599118942731,24.94714587737844,0.002860258541667917,18.51851851851852,0.1018884740827566,0.139438382790467,3.233196376715058e-7,4.298246571024301e-7,0.1138469710627805,0.2258513775112529,PP
2201572,220157,2092,1561,697.3333333333334,59.1928151165498,63.8986490949754,520.3333333333334,55.70889729728293,55.80241888505036,515.6882363784739,626.131877360097,-177,-25.382409177820264,-3.483917819266871,-5.885710643102692,0.3330324323808563,0.6116,0.0001126171412325077,78.72901357222355,85.23818506028238,9.707388415691707,51.22225109091837,48.77774890908162,61.2788505217401,26.89233699539875,59.47998831434415,40.52001168565586,1.15,96.77,17.41,0.151285930408472,80.92316681273736,66.86838124054462,0.04939359333648223,28.57142857142857,0.087470602646927,0.03088659419424256,3.087996343456103e-7,2.753746439058079e-7,0.07885373049118266,0.06574484901145884,PP
2201739,220173,4086,3079,681,57.53189196506955,59.73097467561222,513.1666666666666,53.14906999476209,53.210144031062264,400.5714431031216,492.7588862129552,-167.83333333333337,-24.645129711209012,-4.382821970307461,-7.618073768490855,0.238743323739876,0.3709,7.329243927914885E-08,54.90275863945082,105.6698391181859,16.64407485800244,72.09031697900699,27.90968302099307,26.11728111142204,0.07346968260444792,35.13426595915742,64.86573404084258,18.07,99.6,6.75,0.6376195536663124,101.0934233799646,53.08182784272051,36.37616687009444,35.39823008849557,0.1992477076682492,0.07964438052317148,3.811278695038427e-7,3.960894350952728e-7,0.04320326423128858,0.05547500854601257,PP
2201804,220180,1881,1397,940.5,74.2471139352879,75.6321580218954,698.5,72.95115577097545,72.95046829720636,717.4028534695793,756.2524763131094,-242,-25.730994152046783,-1.2959581643124523,-1.745466046588666,0.1585790685325892,0.5314,0.9732106585012469,0.1414219210888358,73.156426878134,16.54790357296054,59.50211675471407,40.49788324528592,87.75945775600913,22.27406835173411,43.78219278881531,56.21780721118469,67.47,97.64,18.02,0,70.51753740495462,0,1.048428208943475,0,0.1415395264450163,0.0801399798382692,1.744362010269019e-6,6.296215192305487e-7,0.1220416829307102,0.1043566454164465,PP
2201903,220190,503,44,167.6666666666667,99.99762297265833,99.99762297265833,14.66666666666667,100,100,1065.455315943111,1081.554848187132,-153.00000000000006,-91.25248508946324,0.002377027341665894,0.002377083845598838,0.3137009824029743,0.5886,2.28246935943579E-10,5.154866340941883e-4,66.56107860366627,18.1298226101669,22.12277935464255,77.87722064535743,81.16995502449787,9.420313351687994,82.15354632143107,17.84645367856895,39.64,97.41,37.53,8.904374758033294,69.59351291153337,0,21.17685080847638,20.16129032258064,0.2796276413308468,0.007237314123036733,9.669407081637224e-7,1.036069875011604e-6,0.2931095290207514,0.009548894004925328,GP
2201919,220191,3914,3408,782.8,98.18770792566453,97.9258873650611,681.6,96.6314658620623,96.42617098851915,540.2641311813203,604.7204557555284,-101.19999999999993,-12.927950945324469,-1.5562420636022267,-1.5849662819101744,0.361326957327864,0.4307,1.365283809513006E-11,0,88.4836932243476,13.44842138291089,68.64465907558026,31.35534092441975,90.68458097908672,20.86411662651643,33.99006034788783,66.00993965211217,1.04,98.24,27.14,0.3244646333549643,91.0365637202698,0,25.62723272428471,22.72727272727273,0.0882215901399813,0.05819191145512422,2.981384233830065e-7,2.22266389964138e-7,0.05713901797574868,0.03280029930219506,PP
2201929,220192,4704,4598,1568,63.29863162231759,67.48518350925373,1532.666666666667,62.39537601327373,62.4911498388958,481.4392141591329,555.2642883443251,-35.33333333333303,-2.2534013605441983,-0.9032556090438604,-1.4269749375204408,0.1227927101655497,0.6059,4.82846319985119E-08,28.90720348284307,96.3085184283601,9.438290445856937,69.70136552098536,30.29863447901463,91.78912011985194,4.147695745477316,30.27228141383392,69.72771858616608,20.44,94.37,11.19,3.912111468381565,96.22864874006426,36.81672025723473,54.00293907760149,0,0.06757179616521089,0.3338888776244434,4.016158308377595e-7,4.768491083733395e-7,0.05463604970676245,0.4837786203680824,PP
2201960,220196,1287,822,429,86.9796733526543,86.62403755119686,274,86.5764920735959,84.41065477251966,601.8801876490699,641.8067126431604,-155,-36.13053613053613,-0.4031812790584013,-0.46353505769529046,0.3787439300061018,0.631,4.887862357926967E-11,0.007103061967414982,76.73849849698543,7.409968283385579,56.28489879163681,43.71510120836318,87.28015166387281,26.8807369447103,46.84684684684684,53.15315315315316,1.34,99.31,9.05,52.18423551756886,68.48032242769085,0,20.00230898890065,0,0.1504105063102111,0.2822772257021893,8.072201808340637e-7,7.325431504670128e-7,0.1245545222441924,0.2739900438898658,PP
2201988,220198,2838,2605,118.25,93.76327883063256,94.95456251293908,108.5416666666667,94.76097874721331,94.68776369290511,433.498318219705,537.6583145214097,-9.7083333333333,-8.21000704721632,0.997699916580757,1.0640625296209323,0.3547571763623225,0.6441,2.087180702817407E-12,15.22278713084607,93.49868643655853,10.64259522375579,62.78875984567776,37.21124015432223,85.96677848999772,0.8147866258018832,38.87316696681245,61.12683303318754,3.91,99.08,15.34,11.23595505617977,90.7126318497556,19.98394863563403,2.270151266889898e-6,0,0.02542458478839117,0.01855955089283734,2.294525753404698e-7,4.869473199635825e-7,0.02404251258450317,0.05255241317534542,GP
2202000,220200,3479,3729,1739.5,95.96897435688254,95.82691771261725,1864.5,93.71123573599145,93.2816775708598,529.1253417406492,604.0834897832385,125,7.185972980741592,-2.2577386208910895,-2.352571376344164,0.3283901925800742,0.5173,6.107421958165395,0.001300663811455354,84.44933979014257,17.8923520330329,46.04267101850958,53.95732898149041,89.7883272975615,32.06256415191505,64.44568868980963,35.55431131019036,5.4,94.57,17.5,13.27375041377027,79.70579252774101,0,9.012326494789273,6.825938566552901,1.009220586647987,0.166456058760326,5.645988178545059e-5,4.662633459924727e-5,0.279020866865511,0.1354532893012015,PG
2202026,220202,6126,4333,235.6153846153846,89.78073175777351,89.78509074406841,166.6538461538461,83.51807528386631,83.53483322726944,503.421176782491,601.814483416155,-68.96153846153851,-29.268690825987616,-6.2626564739071995,-6.975501704311915,0.4426819961787151,0.6831,76.41595137161653,27.57676208675773,80.58941449721962,12.32629809990898,69.44737169557557,30.55262830442442,95.17538816651215,42.06940292204477,36.46884672318665,63.53115327681335,0.9299999999999999,97.8,15.89,82.16424294268606,84.026375992464,25.74850299401198,9.67625862466244,16.39344262295082,0.0448430744224498,0.03934384018053656,1.119989273811757e-7,1.078460466599559e-7,0.02763418717014197,0.07715628436375821,PP
2202075,220207,1892,1265,473,82.76454476361397,83.4521520066597,316.25,77.85632895784103,78.96002359461032,481.8106740254362,555.9020526740238,-156.75,-33.13953488372093,-4.90821580577294,-5.930336256656068,0.2827450571821837,0.6032,0.001887888581967361,6.723769996813127,84.20495230228936,13.60555007264015,66.72277133590212,33.27722866409787,78.44486327163379,46.86190492573319,37.785645317026074,62.21435468297393,9.74,99.51,10.02,0.3529411764705883,77.53459929192147,4.823529411764706,0.02484050906337361,0,0.1294198472795055,0.06330963780795237,3.783743899629108e-7,2.69807954775703e-7,0.07588803129295807,0.05737363973882181,PP
2202083,220208,2191,2505,1095.5,65.02662487593315,64.58957403930634,1252.5,63.35795293302814,62.74460328418435,587.9231592512634,717.9093528142057,157,14.331355545413055,-1.6686719429050143,-2.566136480385902,0.2136676078996571,0.4555,0.07130926611766449,0.06278743001491817,75.80869245416316,29.57110473894411,62.19976806397016,37.80023193602983,73.4593002604865,14.17871674066354,71.44475207651648,28.55524792348351,58.56,90.49,18.48,29.96670366259712,73.86106216964511,0,22.23535156415641,9.433962264150942,0.05808633012058909,0.1015090431183308,6.549057109938193e-7,6.705169775998489e-7,0.03854071664986627,0.05319704551671683,PG
2202091,220209,3899,3199,779.8,68.12622980140756,67.89267699957114,639.8,66.07533062287135,65.87970061067388,555.9859871618353,608.7210312094037,-140,-17.953321364452425,-2.0508991785362127,-3.010439862171617,0.4301330723382041,0.5691,2.310303742390764E-06,7.057358489290586,87.27438611176855,22.97181630522514,70.51933600670101,29.480663993299,99.51249423830546,0.1229515410203269,39.12411411957114,60.87588588042886,0.21,98.04,11.96,2.991452991452991,88.8424495729602,34.67643467643467,11.70353608586113,14.49275362318841,0.1051221632062319,0.05086311132924017,2.476855719484641e-7,2.42199170383051e-7,0.06693896580047283,0.06556307924088665,PP
2202109,220210,2481,1740,413.5,66.76042919214893,67.49413927851484,290,65.80921377112638,65.88618143940533,471.734317559035,565.8137464879233,-123.5,-29.866989117291414,-0.9512154210225532,-1.4248192118189928,0.3338798217574027,0.557,0.000792904979036842,52.4139718031777,91.53918320115108,13.09819126471402,66.14214655957267,33.85785344042731,66.89169266254648,1.468689365664069,34.0632603406326,65.93673965936739,24.56,86.11,20.59,0.1174398120963006,93.89699918896999,58.54374633000587,23.44831448387275,0,0.09942285402394357,0.06523003764139407,5.49305284623342e-7,8.763614298167203e-7,0.09031377271088237,0.1548039970885951,PP
2202117,220211,2967,2828,423.8571428571428,84.212139864323035,84.2584266947281,404,83.17609053304005,83.17776114760169,611.5382622889612,582.8607921158308,-19.857142857142776,-4.684866868891118,-1.0360493312829817,-1.2302850075442746,0.5394999927581181,0.4974,74.41340260122658,44.24581091224467,104.3255909802974,5.940000371340291,73.91860241874573,26.08139758125428,61.43000071136179,0.1600000992580809,29.21543129605548,70.78456870394452,28.55,86.39,5.82,104.3781725888325,91.28738621586476,49.74619289340102,27.3972614798144,48.38709677419354,0.04636784222305556,0.1531566399555313,1.50757361847499e-7,2.00393107714132e-7,0.03685045688935434,0.3045144494444346,PP
2202133,220213,4511,3333,1127.75,63.0071388863991,63.99679511893875,833.25,55.32851678452605,55.36738788766538,479.8907704672174,579.8583127764133,-294.5,-26.113943693194415,-7.678622101873046,-12.186908083094336,0.1246757224501355,0.4496,0,5.985364920236372,93.77353356440834,10.38947084224605,71.91321871776182,28.08678128223819,69.53406117380872,12.81165885082395,39.1420019953442,60.8579980046558,19.83,75.91,13.77,0.1062699256110521,83.15596940472231,44.26142401700319,21.04151881259702,12.98701298701299,0.07535758239469759,0.04204436871486538,3.658611639602349e-7,2.948385247316071e-7,0.06418316704506333,0.03971157434431271,PP
2202251,220225,476,294,79.33333333333333,92.11488655502762,92.50766748269088,49,89.85424133554653,89.9078925033976,553.4002575577266,581.9240352822089,-30.33333333333333,-38.23529411764706,-2.2606452194810913,-2.4541583928789037,0.471799999688022,0.4804,0,5.232613506945257e-8,75.84799795868443,15.45000000239314,55.67457278828404,44.32542721171598,74.74000003722415,9.920000016251574,49.64850615114236,50.35149384885764,45.47,98.35,19.01,0,78.9103690685413,0,73.17073164766467,27.02702702702703,0.08454255067394582,0.01730764577931784,1.279846420611795e-7,1.274799755813194e-7,0.08600841178981394,0.02403643705255375,PP
2202307,220230,7934,6123,172.4782608695653,94.21612622185334,94.74046046659122,133.1086956521739,94.94063675622131,94.98130092445174,636.9530538630868,764.6751338875664,-39.3695652173914,-22.82581295689442,0.7245105343679654,0.7689878191998047,0.2808000008604917,0.3442,2.453200382571741E-09,7.6243980903719,77.01798208417772,12.55000000603988,44.40559444725582,55.59440555274419,91.44999988191132,2.990000090230206,60.81674851382787,39.18325148617214,21.84,95.74,13.3,60.66649835900025,79.19359007495477,16.43524362534713,10.83032488021999,13.74570446735395,0.02738743995646904,0.007107687444105278,3.251275058765969e-7,5.408853936547941e-7,0.0207934582848505,0.004793769514948591,GP
2202455,220245,3267,2694,272.25,71.01699709600493,72.2669006339679,224.5,73.14585369387095,73.16188229687398,535.0361299021615,539.3919824780041,-47.75,-17.53902662993572,2.1288565978660188,2.997671944630531,0.3225962745188896,0.668,1.525876261141937,56.98049048696198,95.89439904215043,8.542880624856862,70.04071726765429,29.95928273234568,18.75762187977193,4.551076192047008,37.39612188365651,62.60387811634349,42.54,94.87,11.93,105.1938551572787,109.040543943591,57.49817117776153,0.01669282999465548,23.80952380952381,0.03647388772359611,0.1532925294749155,1.043968799447571e-7,1.53216998063712e-7,0.04556692946887501,0.2494953484641511,GP
2202505,220250,6394,5512,376.1176470588236,93.4995053349269,94.3981072187902,324.2352941176471,92.64128834627067,92.61671015156563,623.2628560670365,619.5466783986127,-51.88235294117652,-13.794182045667824,-0.8582169886562241,-0.9178839883505091,0.3641996409409937,0.5108,5.54258214310503E-08,34.24052744799907,85.39956416981059,6.420003111845174,60.55624248161368,39.44375751838632,90.6099828226208,35.86996548770874,39.13844959736102,60.86155040263898,28.99,95.02,7.14,0.8480565371024734,85.02959153973028,49.68197879858657,18.40489943458985,6.944444444444444,0.02894556601316646,0.00941861392105034,1.240112905838399e-7,1.713663205383963e-7,0.02630245838743403,0.02587517315022809,PP
2202554,220255,2575,1923,643.75,59.67548942422505,62.54679826567433,480.75,57.57023566285592,57.38029989304945,449.9239837431355,534.2168090469282,-163,-25.320388349514563,-2.105253761369127,-3.5278366070920013,0.4254999809817759,0.4089,0,16.89441513836201,103.3360936187985,11.22999979058162,67.28138941213399,32.71861058786601,76.04000292700775,0.0800139364454019,46.16454689984102,53.83545310015898,9.02,84.25,14.59,6.178489702517163,96.66136724960255,35.6979405034325,20.40815993536302,25.31645569620253,0.08691109227505776,0.04577952254739199,3.512563332762291e-7,3.996649428267657e-7,0.08473898032073687,0.1234432896713849,PP
2202604,220260,1428,1231,714,93.23594861305631,93.2353710322543,615.5,91.01263800880965,90.98585912931485,565.27629057892,628.4927151060541,-98.5,-13.795518207282914,-2.223310604246663,-2.384606621501485,0.2859134234033476,0.3489,19.36154654507659,37.70298892874918,88.8441052512415,9.005718037830377,45.51389347011874,54.48610652988123,87.75109825854099,23.49393973203626,59.15624513517721,40.84375486482279,2.96,98.17,13.19,8.29103214890017,77.83716465154896,49.46418499717992,11.26654162399014,23.69668246445497,0.2482433325531045,0.418137238082719,1.31088269743588e-6,1.511975309639974e-6,0.1944112031323898,0.6183331398870121,PP
2202703,220270,11599,11548,1657,96.37834193183856,95.78462098735623,1649.714285714286,93.0420760046603,92.6725643618536,488.1288835370301,578.2315026663244,-7.285714285713993,-0.439693076989378,-3.3362659271782604,-3.4616344920498427,0.3492158798720321,0.4744,2.059335827029938,0.3810196097427401,83.65916172752517,6.547815469974936,53.71578920830773,46.28421079169226,86.95785946240572,1.183844214749111,44.75886524822695,55.24113475177305,7.19,98.55,14.34,7.273280584297018,74.177304964539,0,44.45478399284261,20.35623409669211,0.1088427653394779,0.1542406635260735,8.114634910640112e-7,8.714491724774644e-7,0.08120619792302314,0.2532143052246972,PP
2202729,220272,556,870,556,97.9585880169002,97.9175595021751,870,97.9462029599006,97.9550726510118,433.2247399069694,524.0289162218405,314,56.4748201438849,-0.012385056999590915,-0.012643155899158322,0.4207858105117504,0.6583,0.0018023247049982,1.11740053156131,96.65612798026223,6.773469751624454,66.19641803645098,33.80358196354901,40.16657493052482,11.65478908835026,48.97415818324198,51.02584181675802,0.54,89.12,11.28,0.2569043031470777,82.78778386844165,0,47.31781547862812,25.31645569620253,0.07434356158740728,0.1431598506547152,4.065826823737241e-7,4.232929457856574e-7,0.06851054814653702,0.2287804701392648,PG
2202752,220275,293,179,146.5,90.23042421589406,91.2626199001331,89.5,90.1647712380194,89.89768719665115,624.0375365580317,706.6335276756915,-57,-38.907849829351534,-0.06565297787466307,-0.07276146426794512,0.3404510995431156,0.5335,6.049978003128439E-06,9.923020841749015e-9,90.65338879771518,7.767070874996715,19.65887098380452,80.34112901619547,88.47294203018896,1.829364011666425,79.37489825818004,20.62510174181996,16.58,91.52,7.54,1.338688085676037,97.16750773237833,2.677376171352075,20.83670605077179,15.15151515151515,0.131928022727503,0.01561131447627659,1.405916660175328e-6,1.593584049523338e-6,0.144267072572261,0.01251864325610254,PP
2202778,220277,4732,3515,525.7777777777778,87.36437336680302,87.82897161419665,390.5555555555555,87.70277116550383,87.80513800087225,513.1182750093612,593.8858609998377,-135.22222222222234,-25.718512256973813,0.3383977987008109,0.38734072672854114,0.2403274373422599,0.5646,0.01728432438982912,15.59623207634072,92.927561888573507,15.24021590893788,64.35809609870594,35.64190390129404,86.7724821948486,0.9542340683100253,40.6978406978407,59.30215930215931,51.98,99.47,11.68,29.65616045845272,84.37008437008437,17.00095510983763,0.06016984514317748,0,0.08963888477954528,0.05230157379772766,7.407290017394021e-7,8.086301281727682e-7,0.07817889444248205,0.07824073667935152,GP
2202802,220280,2716,2503,301.77777777777783,87.8277021214819,88.81273914319722,278.1111111111111,86.98389488888938,86.98174800521508,545.8939464653355,583.5832717734837,-23.666666666666742,-7.842415316642144,-0.8438072325925248,-0.9607529426483045,0.3644607951144988,0.5855,0.3232542923320528,32.30543060004636,101.2116852456983,13.26543475870896,48.89757368840677,51.10242631159324,92.5554887000246,48.77457717845495,52.49594155844156,47.50405844155844,29.91,97.25,30.72,0.4091653027823241,87.90584415584416,30.11456628477905,53.31869476074295,0,0.05183133171875771,0.05013805259566723,7.826452665646939e-7,1.600183084869321e-6,0.04411875118870699,0.1099828444218076,PP
2202851,220285,2301,1681,135.3529411764706,88.42953076004032,88.9728794847698,98.88235294117646,89.05824710437253,89.09105600871324,577.5784021527252,636.6797137117818,-36.470588235294144,-26.94480660582357,0.6287163443322044,0.7109800752401026,0.3324714468449979,0.3321,2.903488492300519E-11,23.24492902219706,94.73021972977872,10.89727508899817,67.15055421295419,32.84944578704585,88.15838577237756,19.4453526192963,34.71698113207547,65.28301886792453,2.15,98.23,13.37,13.68770764119601,94.71698113207547,57.07641196013289,21.13573471599112,20.40816326530612,0.01450445488002394,0.07390470763587366,6.148980985019544e-8,8.85645493751514e-8,0.01365168143958305,0.151537225730027,GP
2203107,220310,4,1,4,100,100,1,99.9673051987667,99.9673051987667,724.2095705339282,713.0368800275173,-3,-75,-0.032694801233304815,-0.032694801233304815,0.2409999583910594,0.5045,1.1136276762531E-07,0.8559193474957077,81.28444895238663,6.14001671768204,27.24179179352541,72.75820820647456,71.05000018767032,1.909999263989475,72.45160675121579,27.54839324878421,5.399999999999999,97.69,5.84,0.3364737550471063,85.19118909125584,7.133243606998654,5.586596242953201,15.26717557251908,0.2638364162023821,0.005800308021014582,3.311834780748148e-6,1.507514418851692e-6,0.1617571820735373,0.006296588295479975,PP
2203206,220320,2958,2600,197.2,88.89433851363152,89.80942380555287,173.3333333333333,87.15467238775275,86.92555011506747,669.5184224569612,681.7868559313048,-23.866666666666703,-12.102772143340115,-1.7396661258787702,-1.9570044110424432,0.2836929118601431,0.3019,0.002054820195840626,22.9421250718012,91.43421460842649,13.48796769055592,34.23781574420083,65.7621842557992,80.32702349513163,4.966152536719797,70.57254623044096,29.42745376955903,14.24,92.64,14.18,0.514668039114771,82.92140825035563,68.86258363355635,5.399757675344392,33.5195530726257,0.09773499292438843,0.01627159774180907,1.847692773236986e-7,2.224543939502101e-7,0.09221569571938426,0.02725405023014412,PP
2203271,220327,3167,2391,452.4285714285714,66.35075920432259,70.01717969797531,341.5714285714286,57.03383340597878,57.06464910565057,509.4891536693962,531.5116456065763,-110.85714285714278,-24.502683928007563,-9.316925798343803,-14.041927944867929,0.3424006145344387,0.3227,1.552216009645861E-10,33.10873778364139,87.53564098087185,11.16097760257816,70.80558363225158,29.19441636774843,62.10863584500865,0.8547921425286986,46.62055335968379,53.37944664031621,0.8200000000000001,93.7,9.01,0.3228410008071025,95.0197628458498,55.60936238902341,13.75203672587245,10.52631578947368,0.08271632968451426,0.03309238495160237,1.884461951218834e-7,1.734241570394226e-7,0.03715484525770695,0.08024414496629766,PP
2203354,220335,4171,4085,417.1,74.97373669280188,75.14533496842202,408.5,72.80354377785346,72.9125112693373,562.8729689023064,637.1472511861797,-8.600000000000023,-2.0618556701030983,-2.170192914948416,-2.894604178314582,0.2208172460022634,0.4527,7.609533906851436E-08,49.80421303942506,86.91462123473671,10.46047243304396,64.5123981586886,35.48760184131141,86.4317755468542,0.7792102190238984,39.41543700340522,60.58456299659478,7.24,95.01,11.17,0.2482621648460775,77.85187287173666,36.59384309831182,0.02174839051588035,23.52941176470588,0.04445999621498783,0.235990831911452,2.235449107025312e-7,3.281081782897551e-7,0.03470275117511963,0.429323443169575,PP
2203404,220340,2833,2374,1416.5,87.37742683953995,91.0282868303163,1187,89.42216948722495,89.0042237003659,678.2108192585459,759.4276511923284,-229.5,-16.201906106600777,2.0447426476849984,2.3401268744614865,0.3053436878858805,0.4426,0.1721054197817192,0.01244241578066532,74.78465814348714,6.366818239859819,45.00576426267568,54.99423573732433,95.88723855691401,4.561832781173339,59.39873417721518,40.60126582278481,73.47,97.44,7.78,12.64728986645719,82.46835443037975,0,12.70488435960971,12.04819277108434,0.07903525449244272,0.003538832241214736,9.829943520736622e-7,9.74754223113953e-7,0.05361659703801917,0.009293543486589988,GP
2203420,220342,3514,2983,390.4444444444445,79.60615797012632,79.30243281089824,331.4444444444445,79.00514946461891,79.02264542684044,516.3139209314687,577.9500974776352,-59,-15.110984632896981,-0.6010085055074086,-0.7549774048044727,0.3716074851002132,0.488,1.155353716792384E-05,9.79158011514354,95.64857092990088,9.005000152219962,77.4784699362402,22.5215300637598,98.56783670447507,44.26129333068445,22.82768777614139,77.17231222385863,46.96,97.81,14.55,0.5797101449275363,91.11438389788906,40.79710144927537,24.11577788618292,19.23076923076923,0.03139946507184675,0.0885438570010026,2.243990775852007e-7,2.370883739133417e-7,0.03687009593106375,0.1217311183500654,PP
2203453,220345,7392,5695,180.2926829268293,85.28305252358167,85.85114130969181,138.9024390243902,85.66157696783824,85.69820013085287,471.0376355803597,598.8442716982597,-41.390243902439096,-22.95725108225112,0.37852444425656984,0.443844859037971,0.3159476847847296,0.6488,0.0007105756533199601,27.12250285310827,86.12130390186041,13.61690677426848,78.16814571823468,21.83185428176535,84.98421320324782,6.447086986318854,32.5139298590626,67.48607014093739,15.2,80.45,7.26,69.9642043605597,80.54189883098438,21.15196876016921,29.40533020947075,14.49275362318841,0.02928816066786544,0.1298904085303058,1.05816671383219e-7,1.808036878164831e-7,0.01822383862982987,0.2243781696043353,GP
2203602,220360,813,907,162.6,89.56548779241498,90.71101327618003,181.4,86.66550011605922,86.68381843470064,717.6446422632183,754.9480725098377,18.80000000000001,11.562115621156218,-2.8999876763557637,-3.2378405430862336,0.5422999899495862,0.6112,4.878048090507573,0.4065040099582183,83.81564732306028,9.970000772646857,18.09218108201943,81.90781891798058,92.03999755997985,36.99999616602297,78.74771480804388,21.25228519195613,94.85000000000001,98.72,10.55,1.286173633440514,80.85009140767825,0.1607717041800643,1.03209339892316e-5,0,0.08090977580238443,0.01711213027230322,2.843423590757823e-7,3.740136324905145e-7,0.06746531022561998,0.01820580174419874,PG
2203750,220375,4735,4274,591.875,85.33128606005647,86.21076491660472,534.25,84.35551521949421,84.4096207653366,478.3676208901264,535.1512447997643,-57.625,-9.736008447729674,-0.9757708405622623,-1.1435088882587696,0.2867991140709896,0.4494,4.010176341217945E-07,37.43515392396134,89.94911935064823,11.10983220511672,73.67022014517218,26.32977985482783,79.94407785234863,1.590460769724523,26.06060606060606,73.93939393939394,16.64,98.28,13.9,1.396160558464223,90.75757575757576,32.69342641070389,0.009362575563213363,0,0.04614227786822989,0.244868734577096,1.604093941353345e-7,1.90943282534842e-7,0.04442308510958247,0.3636718507669506,PP
2203800,220380,2048,1345,512,91.74582236443796,92.24693488234583,336.25,89.56303982633972,87.92354553163952,500.3506714987218,543.8755782926704,-175.75,-34.326171875,-2.1827825380982375,-2.3791628674139136,0.2553002221892366,0.6264,0,12.74361617381988,83.57764388248258,15.1899985741473,54.48923791176423,45.51076208823574,83.40998188891491,33.61998945991243,44.07432585542715,55.92567414457286,6,99.29,13.35,0.529500756429652,85.2028098799003,14.0695915279879,65.78941157156231,0,0.07601404794985771,0.03479670739296201,1.693141494189125e-7,2.196035479281057e-7,0.06738076777430418,0.08524511566952268,PP
2203859,220385,1242,656,621,79.0167990164772,79.40025624535406,328,78.11328502152514,78.15582771348176,473.1388548892133,609.109237638246,-293,-47.18196457326892,-0.9035139949520499,-1.1434454523570896,0.4591702078237441,0.5365,0.3704949837431815,48.72421125787744,74.8431405029239,10.09574806696033,65.42922824793558,34.5707717520644,56.93451252907738,1.444610561850233,42.37870330613998,57.62129669386002,3.13,81.19,13.54,0.2816901408450704,95.53456419063976,43.66197183098591,3.006531382287908,47.61904761904761,0.1594330950888653,0.03390684573809397,4.824478062005298e-7,7.100177349326375e-7,0.1113483344308755,0.06104219986706399,PP
2204105,220410,2502,1818,625.5,85.1869857570106,85.2255001933919,454.5,83.57898737270428,84.25366883501583,556.6135917020907,633.3126712407188,-171,-27.33812949640288,-1.6079983843063275,-1.8876103785301437,0.4445000027429067,0.6544,0,9.539697700902704e-11,90.90909090175934,12.57999977793738,51.88742444428164,48.11257555571837,93.02999952232462,30.6099990615828,48.39075249320036,51.60924750679964,23.78,100,15.15,1.599326599326599,79.3064369900272,0,48.38709743235364,51.28205128205128,0.07215616716771736,0.03304315260428281,2.071262921355833e-7,2.235553574558361e-7,0.06519421888330654,0.03034933452174318,PP
2204154,220415,2303,1730,1151.5,75.6775225306514,78.0033884268193,865,74.6739448926037,74.64841043113364,582.6247315410664,578.9961860045497,-286.5,-24.880590534085975,-1.0035776380477017,-1.3261238006849738,0.3401428282236032,0.622,0.0007941175473806785,10.70895904114814,81.37411589398444,11.26553558531342,60.39194884417731,39.60805115582269,83.81102977589622,2.106491669568627,45.78354387162854,54.21645612837146,0.39,97.31,6.05,0.5108556832694764,79.4469102082622,16.47509578544061,20.81837886317464,0,0.1078489482590776,0.04835830413687726,4.985931853256948e-7,7.164733087928242e-7,0.08452619431439695,0.07321979661832327,PP
2204204,220420,3240,2911,648,66.2320139429366,67.03007677576761,582.2,55.54567803964508,55.40564463914482,650.05799368426,700.6902650319379,-65.79999999999995,-10.154320987654314,-10.686335903291521,-16.134698716089968,0.303069754405212,0.4541,2.344927841995217E-08,0.08330025680746546,74.67687332512386,10.11043288507424,53.70223744319259,46.29776255680739,81.60191370600403,8.104175453116923,59.64741641337385,40.35258358662614,5.79,99.36,9.72,15.79664094416705,70.0790273556231,12.52837040399455,15.62937960541342,19.8019801980198,0.05432766577118076,0.009246387933086951,3.845671485101552e-7,2.797402330503265e-7,0.06753413003332148,0.0185139059146235,PP
2204303,220430,4114,2803,514.25,71.03435052281824,70.08805984350049,350.375,67.31200466354207,67.36557345042455,801.1400499020153,707.5011880778909,-163.875,-31.866796305298976,-3.7223458592761745,-5.240205382155851,0.3544077140603754,0.6174,5.653519120466457E-08,44.92837775495791,77.62945859882525,2.038054395636006,34.77957726672778,65.22042273327223,86.64171045103494,43.51030976473844,70.11796821682753,29.88203178317247,55.79000000000001,98.31,8.49,0.2596053997923157,72.48708199278542,33.59293873312565,14.49976138514515,9.433962264150942,0.1026595738172824,0.09305888662803623,4.947197272978123e-7,3.602832461862184e-7,0.07396965149146735,0.1121131889667456,PP
2204352,220435,4304,3752,1076,71.53838011654183,74.10901575143048,938,65.52811439840292,65.51901167466073,517.7835326862652,595.7530306490119,-138,-12.825278810408921,-6.0102657181389105,-8.40145626494156,0.1185726277468027,0.4092,0.007639330944908748,0.2490783823073918,84.08769460989603,11.69208902129419,77.72424444512687,22.27575555487313,86.93588679894359,8.086852330951142,27.18071402281928,72.81928597718071,1.5,99.02,22.4,2.470308788598575,96.57710710342289,0.4275534441805225,0.03425574559360303,27.3972602739726,0.09961518531536193,0.02527058693960264,1.782392173368737e-6,1.534029414583421e-6,0.07999654291813829,0.0190351884672246,PP
2204550,220455,3369,1600,177.3157894736842,97.73089613028124,97.87888543840387,84.21052631578947,96.97868681804349,96.93853588292359,481.5135138139837,495.588290409665,-93.10526315789473,-52.50816265954289,-0.7522093122377527,-0.7696740150985741,0.3800999998177394,0.4896,4.619619125980629E-08,34.84224961014232,98.36400813663042,6.140000017212373,71.02931147375664,28.97068852624335,78.13000001950527,30.59999994669155,32.37359550561798,67.62640449438202,2.51,86.13,13.54,57.69817073170732,97.56554307116106,42.68292682926829,46.87499991774797,28.16901408450704,0.002622917123839029,0.003530304353645394,2.436256149485761e-8,3.864887287604373e-8,0.007400913360016908,0.006259584767140738,PP
2204709,220470,3468,3424,693.6,90.32455168760254,91.2842702738485,684.8,89.44241139253684,89.3654162569211,580.5436575501874,623.7445402695056,-8.800000000000068,-1.2687427912341505,-0.882140295065696,-0.9766340143227901,0.4205999720643552,0.4089,0,7.15990504605615,81.60997313158451,8.190002591505243,50.96666200249339,49.03333799750659,92.89999367370781,5.20000594375368,50.79258912447327,49.20741087552672,4.21,97.86,15.49,0.153217568947906,73.888034245201,6.843718079673137,4.830926251354856,36.76470588235294,0.07679846018459763,0.05791702310565972,2.477666989542531e-6,1.856612444125249e-6,0.1039037625245393,0.04358111778522877,PP
2204808,220480,4150,2938,1037.5,90.43766646848198,92.53774348804397,734.5,93.07251300689177,92.91496071597813,584.6318452348308,622.8409690601036,-303,-29.204819277108435,2.634846538409789,2.913439323788886,0.3069577078709509,0.4866,0.0267714495023604,15.43529903522928,72.87517685424694,10.02624406163975,38.32241865537026,61.67758134462974,91.51573855464468,1.945416808680428,66.63478907661248,33.36521092338752,51.08,99.05,9.91,2.002503128911139,79.10955265115291,15.64455569461827,30.96670561668211,19.6078431372549,0.07008319051763916,0.0515532444985119,2.571295642914114e-6,3.64065862787933e-6,0.06640314061948091,0.05526245292379729,GP
2204907,220490,6954,5477,772.6666666666667,75.06860152586752,75.72770272513736,608.5555555555555,70.61136777284086,70.5892297675705,479.4699848207425,527.6667354852323,-164.1111111111112,-21.239574345700326,-4.457233753026657,-5.937547339936472,0.3856744201339788,0.6842,0.006844853201328796,31.35275194188268,84.67789022543242,12.66985195516295,76.36983551882423,23.63016448117576,72.29357483933883,3.089485280369124,29.00733874082657,70.99266125917343,27.81,95.84,14.04,0.4147812971342383,82.8505214368482,26.58371040723982,43.08680789683594,18.34862385321101,0.109609126001557,0.1403956179540587,3.997539967498311e-7,6.089350689289866e-7,0.1005027839977237,0.2575811147696762,PP
2205003,220500,8245,6189,916.1111111111111,75.1747200176875,75.50239702472793,687.6666666666667,73.6650220873886,73.71309713447695,488.5690296080452,642.7356553699565,-228.44444444444434,-24.9363250454821,-1.5096979302988984,-2.0082521490518204,0.1903656987815139,0.6177,0.000339255307302946,9.216086036060553,83.78540878218055,16.61979737885435,76.91487913203959,23.08512086796039,80.67308946716166,6.063323889613311,27.33017377567141,72.66982622432859,30.72,96.11,21.79,0.3597122302158274,79.23055478115417,16.810551558753,67.59012360292493,0,0.1113934045263464,0.08797399897328886,9.342090514075198e-7,1.117804516804797e-6,0.08357220474562012,0.1867508264520418,PP
2205102,220510,1716,1162,343.2,92.62403951310947,93.1719983066465,232.4,91.4547787714861,91.41488047927777,625.780570555494,692.8267337959809,-110.79999999999998,-32.28438228438228,-1.1692607416233614,-1.2623728653703026,0.3284000046225952,0.3443,0,24.05159189140022,75.37928874008912,16.54999855930692,44.28731727390672,55.71268272609328,91.84999828232841,17.39001322973659,61.6571262248957,38.34287377510429,29.07,98.2,14.8,0.04940711462450593,74.03706219074415,21.59090909090909,45.75162890708889,36.69724770642202,0.1214230308343227,0.09064379923851455,8.194345972734178e-7,5.006238330365193e-7,0.1387119070775917,0.1012576876593143,PP
2205151,220515,4715,2691,362.6923076923077,55.09548271553417,58.80710841951897,207,58.81007660171031,58.7307858581949,469.757320991035,637.3748351273684,-155.69230769230768,-42.926829268292686,3.7145938861761394,6.742102443053484,0.2758429176234714,0.5985,0.002035346849919247,42.31769575916278,85.86297281400088,21.80149201190866,81.64056789729491,18.3594321027051,74.46243427613145,14.73054219293101,39.35127428265906,60.64872571734094,0.25,97.77,23.32,5.48011639185257,78.57779361967565,57.75945683802134,0.5606364330463987,0,0.0984706394241761,0.04170790662110534,2.097117276940195e-7,3.443488216924116e-7,0.07991802753511339,0.105320543430203,GP
2205201,220520,10773,7919,1077.3,68.78607714538606,69.44280794722384,791.9,65.78251869835265,65.8566772590645,530.5525921437574,619.5306432451697,-285.4,-26.49215631671772,-3.003558447033413,-4.36652091772162,0.09668270832491675,0.2469,0,1.057964422757751,76.43754368947155,10.20050563123768,52.87357122794997,47.12642877205003,77.83522753196242,7.459617554722394,51.48158721096203,48.51841278903797,32.8,98.29,16.14,0.06150061500615006,78.84670282614901,33.94833948339483,20.30679918923543,29.41176470588235,0.04425761584879465,0.05372910787428677,5.254455804182853e-7,4.160139281821322e-7,0.0455764872786929,0.144678325477076,PP
2205359,220535,2349,2212,123.6315789473684,94.03346098364644,94.75815016337212,116.4210526315789,92.09335570297243,92.12616166403635,459.7997704094107,564.6550260328376,-7.210526315789494,-5.832269050659873,-1.940105280674004,-2.063207352339623,0.4543999402894898,0.6146,2.200441714191497E-08,25.12234261368844,97.93917815644889,19.32999392123019,76.31755136616624,23.68244863383374,56.4700129782912,18.5299967325959,28.46076119905692,71.53923880094308,11.27,98.48,13.89,54.01459854014598,82.2499157965645,22.81021897810219,21.27659342532336,0,0.02078972989148158,0.0351742358644862,3.328231416815427e-7,7.676477168243787e-7,0.01971676794173119,0.09018515015999587,PP
2205516,220551,1127,1036,1127,97.0181721196977,97.0050354065298,1036,95.6843942985358,95.6709490144629,512.6965410182817,641.1960671578863,-91,-8.074534161490684,-1.3337778211618883,-1.3747711300067773,0.2838871029048416,0.6833,3.638989712878048,28.66251502796354,99.38510570254205,10.55064342069998,69.645229611851,30.35477038814901,54.82415940940753,21.90658437423912,34.0265742345465,65.9734257654535,0.29,96.33,13.62,0.2466091245376079,79.7997304063162,28.1750924784217,22.29278126674205,21.27659574468085,0.3219823311471627,0.6744097605039379,8.903807147801505e-7,8.252199520072096e-7,0.1752535449831074,0.7927356614189158,PP
2205524,220552,3611,2911,361.1,88.87826333110976,90.76517881027416,291.1,88.28551562352055,88.20584170050842,512.6971236471676,613.9922381599716,-70,-19.385211852672388,-0.5927477075892114,-0.6669208931108062,0.307429031125031,0.4403,0.003500804311004839,32.37489397021472,93.6314490051231,16.71113847513847,69.2772742981351,30.72272570186488,51.68419006286992,5.073640676965345,35.49107142857143,64.50892857142857,0,77.63,11.78,48.15278647463995,93.63839285714286,53.72573575453976,28.11339010553168,34.48275862068965,0.09586172387403488,0.06102847754758312,1.391194193791732e-7,1.607665797020774e-7,0.09748199228978859,0.1137784742495705,PP
2205532,220553,3205,2696,246.5384615384616,94.60433313475716,95.49485193532446,207.3846153846154,94.79502806814236,94.69370410317617,544.6187125302457,577.1998680324975,-39.15384615384622,-15.881435257410317,0.1906949333852026,0.2015710349266679,0.1508025305234836,0.5524,8.660963572555451E-09,46.83161946890343,105.7559911830523,8.25998551149315,80.82793725957086,19.17206274042917,80.40010632442961,15.39988408642036,16.38418079096045,83.61581920903954,0.33,94.72,10.92,89.8840885142255,112.6327683615819,45.36354056902002,13.33331558062547,35.08771929824561,0.02514977233175895,0.01533758417530858,7.692407408595035e-8,1.204576441920689e-7,0.01988020823093083,0.03248208138470004,GP
2205565,220556,3885,3319,277.5,77.33910831724675,78.29963895181093,237.0714285714286,79.99933275770798,80.04910695041703,478.5910236139923,663.8065407879384,-40.42857142857139,-14.568854568854553,2.6602244404612208,3.4396885331919274,0.4464851669924786,0.6165,1.624272092707065E-05,62.00355273184879,100.5638298266632,11.58120053107124,78.46709346855818,21.53290653144183,72.40338938033592,0.7462173696974577,30.31031031031031,69.68968968968969,26.32,97.52,1.15,54.89467162329615,78.51851851851852,62.57744733581166,48.54265443070022,13.88888888888889,0.04638141511635475,0.1393453703254237,1.143040901411827e-7,1.17590147990751e-7,0.02600395129095091,0.190950223515195,GP
2205573,220557,6398,4698,3199,99.6980029495155,99.70700477874286,2349,99.49934070668826,99.4275289111225,503.3974965540322,552.2603590809742,-850,-26.570803376055018,-0.19866224282723977,-0.1992640142730213,0.3268812911049617,0.6166,0,33.58582145753857,83.6532687012635,3.746308484290865,67.15544836444809,32.84455163555192,95.51521184579744,3.160899594142342,32.017752417181804,67.9822475828182,19.29,97.24,7.52,0.1109877913429523,86.51133301632589,27.24750277469478,23.21297871653967,0,0.09532253716002888,0.5917104986354896,7.645569607741028e-7,8.450516873690361e-7,0.07875654875938999,0.5423219875527079,PP
2205599,220559,4330,3251,433,94.71267008309101,94.83472956577315,325.1,92.64409485463293,92.3737582677858,425.5738710158384,558.464027992499,-107.89999999999998,-24.919168591224015,-2.068575228458087,-2.184053333776078,0.351027052211531,0.3268,1.264906360742452E-10,10.33432851994257,89.58066067556877,16.8905389232404,64.47079955913588,35.52920044086413,63.85845829827609,7.938248489373072,39.94246514715645,60.05753485284355,16.38,95.78,22.79,58.0135440180587,104.4700154901527,16.98645598194131,14.29913973094874,63.82978723404255,0.05839907627695681,0.06120309916089314,1.598210976489639e-7,1.669133874862384e-7,0.04553191625376579,0.05911205300405817,PP
2205706,220570,14945,13347,1494.5,95.848088938561,95.47217115497064,1334.7,94.23365536406328,94.10372244363045,613.1381052970235,638.6684387147004,-159.79999999999995,-10.692539310806287,-1.614433574497724,-1.6843669940384332,0.1682360423141084,0.4298,0.0246108730381169,0.01787428074205255,82.9284105247357,11.30999666117141,55.44975123215804,44.55024876784195,81.62044593777213,16.40520410053051,46.42203633511959,53.57796366488041,23.76,97.83,10.26,19.21359642805704,81.35537838191085,1.584329540544433,13.05506276559976,19.13875598086124,0.06422962897347129,0.06721844368337046,8.037374375713402e-7,1.022828849306524e-6,0.07954461420318648,0.1026114586748025,PP
2205904,220590,302,480,151,98.7489767771597,98.99301768577624,240,98.2152608149675,95.5546241004986,608.0495765798024,714.3269963799222,89,58.94039735099338,-0.5337159621922041,-0.5404774607402826,0.4617609723673654,0.6644,0.000180043678880762,0,85.0480674235863,20.87018793390904,36.44114907113217,63.55885092886783,75.41938493097805,0.57127907503498,70.05183336532924,29.94816663467076,0.98,99.67,12.83,0.1108647450110865,80.38011134574774,0,28.9547096209429,0,0.1346418416489281,0.005895349967692751,2.824187365801314e-7,2.448489026512238e-7,0.1225622251160668,0.004914857520256563,PG
2205953,220595,749,430,749,74.5960547204769,74.7843174376101,430,65.2189267614793,65.2315058487855,670.8540022881489,665.7118677794327,-319,-42.590120160213615,-9.377127958997605,-12.570541423584897,0.4067801149551358,0.5519,0.001171191629506067,20.54898882111013,89.30536879027163,4.481385956271657,15.43380111675243,84.56619888324757,74.71058251003105,0.5221080282782482,86.80506685432793,13.19493314567206,0.35,93.53,5.43,3.125,91.95402298850574,10.47794117647059,36.05248636818035,43.859649122807006,0.059666130414833,0.01286079133678624,1.035851262003744e-6,1.270170142163605e-6,0.05092135414203831,0.0165227330922418,PP
2206050,220605,4139,2721,827.8,62.61258347432742,64.31472099862326,544.2,62.8233298324511,62.86721934653562,469.4757258316807,513.7336830015797,-283.5999999999999,-34.25948296690021,0.2107463581236786,0.33658786529721996,0.3005124428888442,0.5587,0,33.4924873697117,96.88712994207873,9.468404882591438,84.61702555962871,15.38297444037127,71.33084055340399,0.6139815895349969,18.03372939823687,81.96627060176313,14.3,94.1,11.43,0.04928536224741252,88.88463012648525,62.64169541646131,25.16735430674188,0,0.0757557690849806,0.06763761609222234,3.424069566340945e-7,5.948895503544912e-7,0.05096858056653602,0.1576897961932179,GP
2206357,220635,2474,1523,494.8,84.54017475768364,84.37463505321827,304.6,82.68777389042123,82.66847678382712,418.7179781699467,501.5669207404787,-190.2,-38.43977364591754,-1.8524008672624177,-2.191148613747167,0.3487966202950546,0.3669,10.01946948666233,32.07667824618945,96.84043701929832,10.19279494775169,74.03777407888587,25.96222592111413,80.54059439676028,7.973526040340876,29.76445396145611,70.2355460385439,0.19,97.83,13.62,0.2337540906965872,85.57662893851331,26.50771388499299,30.94508554175157,30.76923076923077,0.07526344898953315,0.274747127337613,4.822781910641748e-7,4.29566102195978e-7,0.05373984963293357,0.3135529809291636,PP
2206506,220650,3897,3506,974.25,50.55750720058177,50.81982178339105,876.5,45.81628862132548,45.6432088046462,571.7898081971449,605.5118822390197,-97.75,-10.033358994098023,-4.741218579256291,-9.37787252928826,0.2107028467627727,0.3869,0,25.43629912864054,92.89285685104839,14.5288696406995,52.85292877018567,47.14707122981433,88.85348287305648,24.38428009942308,49.24702774108322,50.75297225891677,30.86,99.62,18.44,7.564160288158488,86.12945838837517,36.19990995047276,26.31445783347413,12.19512195121951,0.1280297972489311,0.008685406589126397,3.742386437792646e-7,3.606007341108347e-7,0.1281802615566548,0.008888589566073449,PP
2206654,220665,3234,1585,215.6,93.86645310000492,93.58878947470723,105.6666666666667,87.07365780264884,86.9974957419587,544.6173341688573,513.0845545359257,-109.9333333333333,-50.9894867037724,-6.792795297356079,-7.2366591822949395,0.2574005075565741,0.5436,0.01402245534006144,57.3741302296963,100.7966989038789,18.32530326742441,63.39715482132979,36.60284517867019,83.70684292107993,2.727887480057455,38.22517771153405,61.77482228846595,0.22,68.51,15.42,8.438485804416404,93.71703737674846,70.26813880126183,52.5825128394012,15.15151515151515,0.04714291252399425,0.01171883325956732,7.833802916182105e-8,6.257677839361282e-8,0.03457961429444652,0.01329901858865654,PP
2206704,220670,897,722,448.5,92.33584294721985,92.2009825575481,361,91.9118501594064,92.71841540557335,605.6101553085136,645.9498069414127,-87.5,-19.50947603121516,-0.4239927878134466,-0.45918548450985114,0.3803000008920382,0.5884,1.08542354884288E-09,0.3853566987920684,88.4168829884901,12.57000001422827,52.15134566827789,47.84865433172211,93.69999997361288,1.710000128406556,56.54913728432108,43.45086271567892,2.44,98.31,8.44,0.2743484224965706,89.5423855963991,0.2743484224965706,38.46153813800259,14.28571428571428,0.1596586767696602,0.07125289617942072,4.838373694820476e-7,5.026405445604567e-7,0.1086455489863043,0.1086296372187316,PP
2207009,220700,12681,9426,528.375,86.4873653013298,88.03179567519305,392.75,86.65555391750175,86.82260722911263,688.9356421502051,792.0891436517608,-135.625,-25.66832268748521,0.16818861617194614,0.1944661114209709,0.2136344445473561,0.6156,6.370611953558685,21.44443057405295,74.63453545006237,4.280668414837282,38.29400974018552,61.70599025981449,91.34339056304523,20.9318359086619,69.57218268245923,30.42781731754077,46.42999999999999,98.52,3.79,47.81557310978559,75.8725739948,18.03965822988877,22.20169275320693,19.78021978021978,0.07663560547291555,0.07857733487432078,1.07571199822344e-6,1.152257295572775e-6,0.05449146956116532,0.1277773948260526,GP
2207207,220720,4106,2651,1368.666666666667,59.369341960615174,64.07690635814073,883.6666666666666,60.85355432471093,60.98375627142733,525.5549688027041,595.7589109664866,-485.00000000000034,-35.43594739405749,1.4842123640957539,2.499964316734992,0.2127649719374177,0.4208,0.07689352710765851,31.37691731637383,85.82242348225012,7.283645483446026,63.37595809114069,36.62404190885929,86.3815543010258,18.53664182556077,56.17342130065975,43.82657869934025,6.04,99.81,10.75,0.195822454308094,85.29688972667296,41.90600522193211,23.0337073718047,25.64102564102564,0.1404534870151855,0.07131993940171884,6.867470343510755e-7,7.479554196047433e-7,0.08225826772403086,0.1073694225819621,GP
2207306,220730,1137,855,379,82.17459059422556,82.35352804908034,285,77.81833058873477,77.85640537688343,519.9069565480289,641.7180897569137,-94,-24.80211081794195,-4.356260005490796,-5.301225079418786,0.3653000049114336,0.5238,1.745851193391808E-10,22.27171345795855,92.68292686963302,11.64000059862781,41.46341695456732,58.53658304543271,98.40999690965634,8.519999231295575,59.27103718199609,40.72896281800391,15.67,96.67,14.2,0.468384074941452,95.37671232876713,11.7096018735363,15.62500359110805,20.40816326530612,0.1048653355977918,0.09444226365726748,5.865456084922383e-7,3.576522826013461e-7,0.08873039250430499,0.1988927752751244,PP
2207355,220735,2265,2103,226.5,92.82786348736194,93.72574639388469,210.3,91.82816290970582,91.82813330901774,537.2179466768132,702.1064570145667,-16.19999999999999,-7.152317880794697,-0.9997005776561139,-1.0769401988792064,0.4906990171809452,0.6514,0,5.623455497243168e-5,81.92091014299746,13.68000532106908,57.59737659610085,42.40262340389914,64.21008167202507,22.45004256708034,52.2,47.8,1.82,87.76,37.48,44.14784394250513,82.3,0,2.759490954153864e-4,0,0.04331245340426719,0.02687696169036813,7.013282549867397e-7,2.071709338912855e-6,0.04876297200981917,0.04012029963035091,PP
2207553,220755,2720,2519,906.6666666666666,77.79108848426101,81.20213871916704,839.6666666666666,79.0574384336564,79.0174146287453,444.8725802570456,529.5353708998977,-67,-7.389705882352941,1.2663499493953907,1.6278856281225624,0.3931915613701512,0.5388,0.1591170476785127,2.908255521043376,85.18290666685444,14.63347864602999,84.99362066480498,15.00637933519502,62.14993002085964,31.29914463408187,15.49960660896932,84.50039339103068,79.72,98.49,10.81,11.16129032258065,96.19722003671649,8.129032258064516,0.4961618024511938,0,0.1338715913700817,0.03146050470439889,4.40183584149376e-7,1.50116165386397e-7,0.05582185803481379,0.02537973545469469,GP
2207603,220760,4421,3375,221.05,92.42911706065959,93.56879906886984,168.75,87.70225664137061,86.56113872779059,613.0228373077715,601.3162669586793,-52.30000000000001,-23.65980547387469,-4.7268604192889825,-5.114038270198803,0.1797646140682336,0.3634,0,0.004814961624725883,89.22165177159319,26.18625354424498,48.04082627421603,51.95917372578398,82.76865698992589,3.280541216138647,52.3922734026746,47.6077265973254,27.69,98.31,27.6,0.819672131147541,89.47003467062903,6.352459016393443,5.3237495650926014,5.917159763313609,0.1392256493082175,0.004990763150406015,1.740162456308147e-7,1.563551982458424e-7,0.1450317114492525,0.006437476386397072,PP
2207702,220770,3971,2153,1985.5,83.7303941220581,82.83783493325154,1076.5,73.1503986368611,72.88479410910554,1015.637681973487,1042.462077150998,-909,-45.781918912112815,-10.579995485197003,-12.635788468610334,0.2890819022718774,0.4835,7.231176368115586E-05,0.001277499299309343,54.56553406042612,1.773888457754309,5.843552122734365,94.15644787726563,88.11656241401553,24.23722884100416,95.35757853476088,4.642421465239118,74.63,98.77,2.79,6.51085141903172,52.266717856943806,0,25.09038473943749,21.45139205842081,0.4566487781189916,0.09267031193728996,2.412702801209594e-5,1.342205107936008e-5,0.1353357764211078,0.03272930170264759,PP
2207777,220777,4369,2064,546.125,65.22349934512893,65.8190131586526,258,66.4612641481125,66.53904868521022,488.605482247618,589.5080882074155,-288.125,-52.75806820782788,1.2377648029835768,1.8977282964134867,0.3709158631164012,0.4375,0.01014770023674043,17.93798502890052,80.49050981237322,14.79859126021995,72.09177191015561,27.90822808984438,84.04970143402446,20.12710480364735,46.10138248847927,53.89861751152074,31.72,99.84,23.82,0,78.85714285714286,13.17926296064959,34.23668462687257,20,0.09500868612233787,0.09611107949582272,3.207672317393651e-7,4.525027703726401e-7,0.05890026407908688,0.2010040035790969,GP
2207801,220780,9842,7863,447.3636363636364,55.17740916085821,58.43323560266145,357.4090909090909,51.94221703488523,51.89139248879738,668.8466216044562,714.9279150867092,-89.9545454545455,-20.10770168664906,-3.2351921259729792,-5.8632548631296775,0.2925871630053038,0.4193,0,58.79229814046779,82.27782157220014,3.063928672878677,46.18945074366688,53.81054925633313,84.45900219001092,1.055394736920212,59.655123272053586,40.344876727946414,16.26,96.74,6.82,57.33554188357785,72.4953683910503,46.23757690487459,27.32369734915434,27.4390243902439,0.0680563840246393,0.06490844584749562,4.990667215756395e-7,7.484682527665608e-7,0.04655874668734387,0.1347197593630766,PP
2207850,220785,1776,1618,177.6,91.45732369171932,92.65832980257704,161.8,90.36044855043416,90.29167284660693,465.5212655463756,506.2030980635197,-15.799999999999983,-8.896396396396387,-1.0968751412851674,-1.1993300230197748,0.4421999975946181,0.616,1.127819526004718,21.8045111086425,98.6622983711426,14.09999995138788,51.05105078778047,48.94894921221954,66.92000044412835,13.90000057797143,51.80689655172414,48.19310344827586,3.62,93,16.2,68.43718079673135,93.73793103448276,11.8488253319714,4.74222140838011e-7,0,0.03559269768935951,0.04100055059266573,2.733045174340145e-7,8.4340731549363e-8,0.02063997829069353,0.05175316827299662,PP
2207900,220790,6340,6062,704.4444444444445,89.67875095436172,89.51578230008408,673.5555555555555,88.67202110284421,88.67901041233941,590.2123839908002,659.2776145110506,-30.888888888888914,-4.384858044164042,-1.0067298515175054,-1.1225957551860182,0.3449595175331322,0.3631,1.921206675026556,27.59564704180077,81.60341853369542,4.095991163083409,40.29794696055204,59.70205303944795,89.93340857858585,10.21129269952097,62.54620340057028,37.45379659942972,18.47,98.47,4.03,0.354774024371433,80.74770303094307,37.11244794076816,18.17010353444585,25.52204176334106,0.07939293794519547,0.1956371975642975,8.336738620232626e-7,9.266455605783457e-7,0.05522275158708759,0.2273489072638159,PP
2207934,220793,2286,1716,207.8181818181818,88.44761990770189,90.07236137501872,156,85.43007108570791,85.47302823761251,452.3474949873066,620.2640601312384,-51.81818181818181,-24.934383202099735,-3.0175488219939837,-3.4116789407593995,0.5322321698784334,0.466,2.087232749502545E-05,16.58332172171568,104.5162535076193,10.188074238033,65.96317529646332,34.036824703536666,79.921332495903755,2.751798889287009,44.06848756624541,55.93151243375458,0.25,73.58,16.17,177.2519083969466,106.0741948634325,10.53435114503817,0.004558338369892704,40,0.04434875047662901,0.05552885677842313,1.517307790530363e-7,3.598592187702424e-7,0.05707654598731218,0.133238624702243,PP
2207959,220795,3418,2695,379.77777777777783,82.28200745948791,82.94731694276338,299.4444444444445,81.1359192159528,81.14222072735339,502.5654368757578,510.9527972750604,-80.33333333333331,-21.152720889409004,-1.146088243535118,-1.392878320451044,0.4089001199990349,0.4977,6.819422322714355E-05,11.56759754072858,99.23573429526338,11.34999503999398,83.18604351709061,16.81395648290938,46.92001339270848,46.91995705688429,21.56526005888125,78.43473994111875,0.15,99.66,13.15,62.28646517739816,93.15505397448479,7.030223390275952,2.511248941385606e-5,17.85714285714286,0.06794123644623785,0.09840403936997298,1.587449434267693e-7,2.573662513080343e-7,0.06242111281458287,0.1962913187318774,PP
2208007,220800,13995,11872,1999.285714285714,65.48113073121687,68.2184733997814,1696,62.8115006344393,62.63055244445059,980.419752678167,1091.410550761702,-303.285714285714,-15.169703465523387,-2.669630096777567,-4.076945628406616,0.339271024595333,0.6218,6.411311639281648,1.076440076231792,66.49245420340218,5.068702199548129,26.00854652028682,73.99145347971316,92.10053610483946,37.2573262830384,79.37578722991958,20.62421277008042,75.36,99.06,3.14,10.9560453893309,59.55091560895263,10.91691665579757,20.64241505831184,12.88404360753221,0.1954984228436358,0.01868678824147777,6.928710742914607e-6,6.906936013878205e-6,0.1649474071473,0.01898943061966659,PP
2208106,220810,6073,4724,159.8157894736842,87.90393047386637,86.69652390267379,124.3157894736842,82.2213686947332,82.36488357753791,539.9419571584948,563.4557097763862,-35.499999999999986,-22.213074263131887,-5.682561779133167,-6.464513871564115,0.23740742210507149,0.4553,2.238589310421071E-05,28.63169793547976,78.72682091436823,17.72955450667724,59.13143076494984,40.86856923505017,92.60891492685485,5.210180949726075,41.29608345858014,58.70391654141985,2.66,99.49,21.41,0.1681883709754926,79.4447882592167,24.65160980297934,35.21000202081357,31.25,0.02981322022163655,0.01860412936104458,2.788436253533444e-7,2.598876768589621e-7,0.032898474325433,0.0426937848886963,PP
2208205,220820,9959,7624,524.1578947368421,73.8427243853708,73.39325510869537,401.2631578947368,63.13513061836046,63.15545625740307,566.0624759807819,586.7670172840844,-122.89473684210526,-23.446129129430666,-10.707593767010337,-14.500539973484036,0.3302166626174801,0.5704,4.313885533151221E-10,31.2221003295008,90.06857452476656,12.230450873819,70.02583518996819,29.97416481003181,95.17194501142932,16.36482301917741,33.01693759236103,66.98306240763897,33.17,98.72,22.7,0.09416195856873823,86.37035352961236,24.32517263025738,21.04621173961842,32.25806451612903,0.04061948545134102,0.04845276426767402,1.747403606314255e-7,1.857350442753836e-7,0.03576753046177738,0.06508550622748364,PP
2208304,220830,1055,1047,1055,96.4832992845034,96.4913378123211,1047,96.3706639421778,96.3688387279176,590.153408759433,649.6773011801946,-8,-0.7582938388625593,-0.11263534232560346,-0.11674076566709438,0.4945565181596777,0.5788,0.04653876544384136,28.85404159222428,79.15485949777612,6.938008476011887,30.61695773438671,69.38304226561328,90.15723021998087,10.06477071847951,74.62536422922159,25.37463577077841,33.67,99.88,9,2.642595499738357,72.03413348133759,41.07796964939822,13.20352246138071,15.74803149606299,0.3125194781959139,0.3589250150630168,2.011542874749839e-6,2.494094944308322e-6,0.2800165538932782,0.472940215810873,PP
2208650,220865,7197,6071,553.6153846153846,71.91396724229162,72.2413355788003,467,59.44503154971771,59.31223027558033,442.3471923926563,606.1327643406303,-86.61538461538464,-15.645407808809232,-12.468935692573908,-17.33868422327992,0.5218261962415475,0.5424,1.761572194832747E-08,53.45780653362636,88.17062185297108,12.11845791217117,86.47791299044519,13.52208700955482,97.22639010292316,1.690523622210186,24.79972533760586,75.20027466239414,0.59,96.39,3.13,51.46473779385173,76.98558022430763,57.54068716094033,22.47156193635665,10.1010101010101,0.07565533883894163,0.1835687208814563,1.966371284051095e-7,2.869610308492975e-7,0.04147141011092062,0.3275708738449378,PP
2208700,220870,587,3,587,100,100,3,100,100,671.5362785672202,645.6942265792309,-584,-99.48892674616695,0,0,0.280901250713999,0.3683,0,0.6973234787138359,91.18953701605996,14.54013689217245,36.48754743911127,63.51245256088872,83.61990657776532,40.03883241272411,64.2370653602581,35.76293463974191,12.56,99.13,20.2,1.192982456140351,105.4008842155574,0.3508771929824561,12.19546442373384,15.26717557251908,0.2672429158196437,0.01029043273989258,2.562783557263427e-6,5.873739160376803e-6,0.248086326009781,0.03014288358590434,stable
2208809,220880,1463,1055,731.5,82.008862213264507,82.65693422386539,527.5,78.61628679205796,79.7547675789901,563.3221153742588,602.2752972888943,-204,-27.8879015721121,-3.392575421206544,-4.136840006856982,0.238200000135008,0.4967,0,0,80.20619731683799,10.36999999866347,21.36591480013395,78.63408519986604,92.48999999492358,15.13999999750678,79.95794146854372,20.04205853145628,19.1,97.11,39.87,2.396878483835005,84.31567264443017,0,3.278688554600127,0,0.1840773789561463,0.3469724975903195,1.839968315004059e-6,1.325211845364329e-6,0.2011729055684247,0.2914826021881239,PP
2208874,220887,2706,2386,338.25,82.95771292512353,84.78405502623714,298.25,84.56967769556547,84.68296464481593,506.1741452064019,593.5486058115384,-40,-11.825572801182558,1.6119647704419435,1.9431162137954312,0.5036186798657204,0.5859,9.313471755628594E-08,7.897932800105858,79.7613409421484,10.80582822842409,75.61207507206792,24.38792492793207,67.44217101202604,10.28056548998702,26.49235323137642,73.50764676862357,4.3,78.63,2.75,0.2567394094993581,89.41785890478539,4.557124518613607,2.037488360138196e-5,0,0.05908402958397837,0.05985941107076898,1.377602616721162e-7,1.674774915942137e-7,0.068740110755873,0.1023707980095146,GP
2209005,220900,2589,1772,369.8571428571428,85.95578105335379,87.22583620537765,253.1428571428572,86.5869616708677,86.10293882965205,494.4506468133209,629.1503763558223,-116.71428571428558,-31.55658555426803,0.6311806175139054,0.7343085127946473,0.348099991921535,0.5215,2.901793280896989E-10,19.03226012373966,91.04096280220854,11.17000221052232,34.73617482135589,65.2638251786441,85.66000253610075,66.67997973740857,72.135955831608,27.864044168392,0.33,95.22,13.4,1.099908340971586,89.44099378881988,13.56553620531622,25.97403409192291,60.60606060606061,0.1186145392281833,0.00750904359448511,3.380586730800141e-7,3.77085280963203e-7,0.08488579990533653,0.08225919160830208,GP
2209104,220910,2337,1650,389.5,83.70747280995691,84.44944635409593,275,81.26054363596573,81.1529016812454,611.3830054526484,677.3620825155195,-114.5,-29.396662387676507,-2.4469291739911796,-2.923190835717262,0.3266203739630964,0.5285,1.715953780143545E-10,8.85265260815236,83.75716502514172,8.552092754094627,32.54102510211643,67.45897489788356,88.30274337283662,26.29403689704958,70.39643041015961,29.6035695898404,91.74000000000001,99.49,9.48,0.4499437570303713,79.49201990732796,7.874015748031496,58.80941106573486,35.08771929824561,0.04660729130834892,0.03710139376715871,4.167519729140646e-7,4.692279621652384e-7,0.09333802153600773,0.04263236372980753,PP
2209351,220935,2236,2293,2236,85.3995322953725,87.1659339114354,2293,84.6733523831685,84.7126850885784,504.4807421114103,616.7553013576867,57,2.5491949910554563,-0.7261799122039889,-0.85033242300712,0.2867500532667125,0.3935,9.346843517508708,12.57758265808871,72.09359923912724,11.33063680036439,60.72215784514482,39.27784215485518,95.91885256763833,5.119569763206781,46.51783547682601,53.48216452317399,8.35,99.41,14.82,61.91425722831505,80.32031060422227,10.86739780658026,32.23119915066532,31.25,0.1205117640332812,0.01973545263876039,9.284678037798395e-7,9.895535928831829e-7,0.08011156157096826,0.009056089568892063,PG
2209377,220937,1711,1545,570.3333333333334,82.11051578447507,83.06909606565553,515,76.00260955899887,76.36086589217197,505.9469071218839,612.6732837325344,-55.33333333333337,-9.701928696668622,-6.107906225476199,-7.438640674853785,0.181115263961259,0.3952,0.02256573365218831,8.279239475794025,81.58338122338702,8.793950831565189,29.04809534255073,70.95190465744928,87.414033752431,19.89368143162411,72.55913978494624,27.44086021505376,21.57,99.68,10.73,207.1129707112971,87.93548387096774,4.741980474198047,15.64832207214822,36.36363636363636,0.1521136897642198,0.04183849087908144,1.574665716609226e-6,1.471207473931955e-6,0.1590465796285689,0.06361273905485001,PP
2209401,220940,3731,2574,746.2,69.33527558159004,70.21230115961335,514.8,61.4160395352152,61.51003993051842,666.1533100788115,647.2084371782354,-231.4000000000001,-31.010452961672485,-7.9192360463748415,-11.421655109823439,0.1918245055469932,0.4301,25.68615681678962,9.621398492437281e-5,77.24010370278415,10.9108558411307,35.24800000551819,64.7519999944818,87.05822603927226,10.43925118921528,65.65239814337286,34.34760185662712,36.71,95.91,9.75,135.2767527675277,82.4479972494413,8.265682656826568,13.07078099137505,29.85074626865672,0.07465335427559981,0.01360727322541257,4.134905425587715e-6,4.847663278018497e-7,0.06537563803987886,0.02320189246204147,PP
2209500,220950,1763,1141,195.88888888888891,90.21472766509402,90.56416754008286,126.7777777777778,89.09363859038207,89.10620567001635,577.6414121422301,597.5176667799499,-69.11111111111111,-35.28077141236528,-1.1210890747119464,-1.2426896402922019,0.4647441815549597,0.4781,0.0001830131410680866,14.51773191814091,88.54081048168091,12.65390920407771,37.34189060217668,62.65810939782333,83.05875202318799,0.1019059494868431,65.75907590759076,34.24092409240924,29.71,91.03,17.33,3.298153034300792,93.50935093509351,7.519788918205805,0.2354635884277549,23.25581395348837,0.07192176226334512,0.03323890706425146,3.647417443043137e-7,2.086961775952317e-7,0.05466590980051186,0.08386547750652178,PP
2209559,220955,4249,3811,708.1666666666666,87.54025868334995,89.4532252219966,635.1666666666666,88.97309137345071,88.96229356015212,513.218938821783,585.5269864674965,-73,-10.30830783713815,1.432832690100767,1.6367699977716539,0.4320916785626886,0.637,0.0001820935906063226,39.80555328944682,101.4962816168583,6.668779064769516,76.30941299931754,23.69058700068246,92.35942662524786,2.111058297534201,21.54658100045893,78.45341899954107,43.58000000000001,98.76,16.21,51.24610591900311,99.47223497016981,29.28348909657321,11.63589002401671,0,0.01684113595936863,0.06384930823119069,1.142303949197653e-7,1.226915344713544e-7,0.01941885761184264,0.07496547421934933,GP
2209658,220965,3466,3129,346.6,78.85274070164765,80.11102703163553,312.9,82.2126241819313,82.14097836954934,462.8138326820965,538.1154073408135,-33.700000000000045,-9.723023658395856,3.3598834802836564,4.260959670376367,0.374248944457888,0.4465,3.106663337391619E-08,16.88445919837773,90.02568703488559,8.646494230643652,74.31326209816196,25.68673790183804,74.11648038035109,3.288593953438533,33.36923353078442,66.63076646921559,7.75,94.59,11.95,0.5725190839694656,89.96589481242147,11.19592875318066,11.91441739353963,28.16901408450704,0.04965256372191618,0.1284994822170997,1.183127590900932e-7,1.480425688327446e-7,0.03704156361941981,0.2204811574689383,GP
2209708,220970,5588,4302,399.1428571428572,86.7361267678576,87.19919541969452,307.2857142857143,89.4498741214832,89.30399276083514,509.0453657321538,580.0922267907991,-91.85714285714295,-23.013600572655708,2.7137473536256067,3.1287393785622197,0.4334693323353477,0.4365,0.003791455140366597,17.69266224612274,91.52694885952292,13.65442287614236,68.49585673446803,31.50414326553196,92.70920410006876,2.610886975358894,31.69510385756676,68.30489614243324,46.16,98.19,12.21,0.2784222737819025,93.62017804154303,13.22505800464037,13.51868600226275,12.5,0.07642229300827573,0.07447603826713346,1.740473771803521e-7,1.225857504319909e-7,0.04408672881225093,0.09723461466751888,GP
2209856,220985,2180,1585,545,92.90663164099327,94.3024549455503,396.25,92.766795099593935,92.72106932686248,520.9274753580472,643.0819632250486,-148.75,-27.293577981651374,-0.13983654139933321,-0.1505129816132878,0.2877605574214977,0.4568,0,6.401068303535447,88.8437329052556,6.590357408527213,72.22757071783715,27.77242928216283,86.83389413777554,30.00223072980824,29.41037735849056,70.58962264150944,5.49,95.97,15.78,0.1132502831257078,87.99528301886792,3.510758776896942,33.24517500453642,0,0.03320456525666953,0.03402371493882037,3.364098715811309e-7,4.081068225484164e-7,0.02369494534962271,0.04058216626346188,PP
2209872,220987,3045,2126,435,90.99804948511796,90.7415734475398,303.7142857142857,90.92411158611235,90.9350870483554,457.5182388193375,541.0023714211967,-131.28571428571428,-30.18062397372742,-0.07393789900561387,-0.08125218004557982,0.5552741332838207,0.691,2.279345456070248E-07,30.82049150666316,88.20369990390539,7.042382786475899,60.0487845411642,39.95121545883581,89.69073886594558,13.78806629166537,47.73017319963537,52.26982680036463,17.72,99.45,7.22,1.001430615164521,84.26618049225159,28.25464949928469,40.56735625146028,14.08450704225352,0.04312376408866728,0.04477529139619963,1.999149832561922e-7,1.968372999272187e-7,0.03843243959867827,0.08481888938154539,PP
2209955,220995,2688,2152,896,95.92323622197983,96.62845269453669,717.3333333333334,96.2993509095222,96.3400987226663,474.1171418402889,580.1774785389374,-178.66666666666663,-19.940476190476186,0.3761146875423691,0.3920996646443276,0.3207787138672432,0.6499,0.007137969905598279,10.53773027216377,77.12023831803387,8.724832508902486,70.09791876652102,29.90208123347898,56.34231611981668,21.6178194585066,32.57990867579908,67.42009132420091,13.67,100,6.61,75.90847913862719,86.62100456621005,6.662180349932706,10.53954883866134,0,0.09891571446091142,0.04334541976295651,5.441088863621121e-7,2.654867590831878e-7,0.03635879032921908,0.0252229807399835,GP
2210003,221000,5486,4726,391.8571428571428,83.36956160935684,85.03084519906405,337.5714285714286,81.45101530750935,81.46223369708186,698.1475046850528,776.17601635799,-54.285714285714164,-13.853445133065959,-1.9185463018474849,-2.301255116150401,0.3185000358749191,0.5056,0.06579141634083717,6.447372461723741,66.05791710586224,4.120001329830657,31.09270445472166,68.90729554527833,84.11999456742029,8.420001396910804,71.8563153961136,28.1436846038864,20.99,99.24,2.71,2.296008477569763,62.73822869955157,7.38255033557047,14.36781344345507,24.47552447552448,0.06984638943031456,0.08755808608211386,1.616406130333226e-6,1.059297973217554e-6,0.04115734610714393,0.1271407311643937,PP
2210102,221010,481,307,120.25,95.77985447136385,96.03877858623756,76.75,97.9624559815276,97.9718002408561,565.7551866584163,656.1399686694837,-43.5,-36.17463617463618,2.1826015101637495,2.27876887285969,0.3403000003844744,0.7144,0,13.73307541784317,93.02702701755511,15.37999999626354,48.94594601317133,51.05405398682868,72.63000004639697,3.389999992532514,65.37059538274606,34.62940461725395,66.95,99.33,14.93,24.57337883959044,89.48967193195627,8.0773606370876,21.27659579530769,38.46153846153847,0.1117601493837402,0.05540102748417286,2.270871962081811e-7,2.009198900615127e-7,0.06239195909259587,0.03937663297440239,GP
2210201,221020,5801,3340,1450.25,75.63304172380353,77.04348394722476,835,77.16158412834055,77.14470417877487,544.574568942785,587.047070422114,-615.25,-42.42372004826754,1.5285424045370206,2.020998190339807,0.3439260605228452,0.3259,0.000122976797264488,6.542142735362881,90.74781348613611,12.91673721806372,70.50964140798935,29.49035859201065,88.95951149712863,31.86160794452488,52.81188418978323,47.18811581021676,21.99,98.27,20.16,0.17825311942959,75.17053206002728,5.570409982174688,36.56850239023485,44.11764705882353,0.0959175130817829,0.01182475769845477,4.873491696352834e-7,5.737853539050507e-7,0.08443692214331847,0.009733664405737362,GP
2210300,221030,2194,998,1097,66.5970150818927,66.42478570318124,499,53.69544452874725,53.7071949765198,731.3377510575598,691.4970395365825,-598,-54.512306289881494,-12.901570553145454,-19.372595809708155,0.2017394687574571,0.5805,0,23.67791310917122,87.145341852576,7.456322703502757,56.60558784142323,43.39441215857678,85.17154497181293,4.885328871488126,68.23236514522821,31.76763485477179,2.05,97.36,10.69,4.204451772464963,68.86307053941908,23.99010717230008,0.899987667652519,0,0.1055111496960482,0.1089949608417118,3.906636629895625e-7,3.866368140821751e-7,0.09195815981192759,0.1655715538513993,PP
2210359,221035,3079,2517,439.8571428571428,73.32671121431352,74.83633348660413,359.5714285714286,68.51943848581315,68.65695400494491,571.8734595040836,657.898246528348,-80.28571428571416,-18.252679441377044,-4.807272728500365,-6.5559639166824875,0.2929007578396633,0.4664,0.001191541237369126,47.15855206921096,93.49154928087239,11.19800658459999,74.73972991076174,25.26027008923827,86.33413922836903,0.3333981124233473,31.12522686025408,68.87477313974591,14.93,91.5,12.06,0.2691790040376851,94.62341197822141,41.58815612382234,0.07994104026234211,52.63157894736842,0.04109294870672772,0.3585421965717787,1.834901237241802e-7,1.986216847629265e-7,0.02676662376442954,0.4467362605772898,PP
2210375,221037,2000,1703,666.6666666666666,79.62405371296764,80.43772287641846,567.6666666666666,77.3911001346714,77.3482173501269,546.2923949233502,599.9765145449942,-99,-14.850000000000001,-2.2329535782962324,-2.804370631952103,0.1581512112156377,0.3444,1.003374936921557E-05,5.757199929406458,74.63630306937141,6.668943889949088,68.12270173228255,31.87729826771744,93.407802557263,1.992767949745248,35.42659159809441,64.57340840190558,1.92,96.93,12.8,0.9828009828009828,87.48375920311823,3.562653562653563,5.36667260202959e-6,103.448275862069,0.07763349618865704,0.01979582986582906,2.181730192227474e-7,2.704407245282235e-7,0.06601833241492097,0.2442767876465257,PP
2210391,221039,2565,1985,233.1818181818182,87.37662547116032,87.95825444453799,180.4545454545454,91.52447702536804,91.50620920530383,570.7332555877624,605.8607382973748,-52.727272727272776,-22.612085769980528,4.147851554207719,4.74709515484409,0.409800007708392,0.5345,1.653541310770983E-08,8.187139407706626,93.44757703046153,17.44999786188529,63.54166159305715,36.45833840694284,69.08000520919062,0.8500052340629384,41.08910891089108,58.91089108910891,90.66,95.41,8.03,0.353356890459364,86.81046676096182,4.946996466431095,49.9999912745801,0,0.09372220890212658,0.04360853536049705,3.386884266704036e-7,5.368285161147858e-7,0.04048846803119129,0.0345736100117581,GP
2210409,221040,7136,5307,446,94.37032584877471,94.31499361531054,331.6875,91.08233831430114,91.11125879988052,471.6615885911839,678.9216942447132,-114.3125,-25.63060538116592,-3.2879875344735723,-3.4841328615760663,0.2796234914503986,0.4153,0.6179690006819096,21.16978025838676,87.09525266460732,12.60598012375246,63.07068397354544,36.92931602645456,96.02068326768233,20.21900887998572,43.55877157996695,56.44122842003305,15.77,99.24,13.07,0.2478826688700682,77.08962452281921,16.56682503614956,11.74808550019701,13.6986301369863,0.1040311616947607,0.1031801284491224,3.054125285738328e-7,3.393459160635663e-7,0.06231514598047302,0.1612881634022108,PP
2210607,221060,10171,10262,376.7037037037038,89.85990834208329,91.2609209322873,380.074074074074,87.98017123971162,88.03452743886004,796.7201190561022,856.3351523881145,3.3703703703702104,0.8947006194080784,-1.8797371023716636,-2.0918529042070513,0.2193705082882969,0.5471,0.4365576566399124,33.40415986833516,76.41994990953144,3.326105665597059,34.25312104496125,65.74687895503875,91.04505607379309,4.33822536640937,68.60180727544216,31.39819272455783,64.11,98.28,4.58,1.244019138755981,71.57789048219756,37.43221690590111,24.34704829716754,23.71541501976284,0.02371394406783792,0.1204639737139627,4.415740069411816e-7,4.765766632941157e-7,0.01847805117288583,0.201596838422916,PG
2210706,221070,10085,7488,840.4166666666666,60.5205611472079,62.99007804031132,624,55.58261219990746,55.58769224232103,590.2056888529869,672.3405558244102,-216.41666666666663,-25.751115518096178,-4.937948947300441,-8.159126177448293,0.3796548135652024,0.3167,3.312587930963139E-05,29.3994334634135,97.17998655349534,10.7264243749442,60.0265285539387,39.97347144606128,82.86786761486442,33.25548829144847,48.92221834670387,51.07778165329613,41.53,97.79,5.61,0.09006304413089163,76.7631670735961,41.63914740318223,12.41124296250121,26.45502645502645,0.09451914218919215,0.03632458313487053,4.040047923211734e-7,3.414996170022638e-7,0.06862600224511557,0.09551508228047087,PP
2210805,221080,5408,4915,360.5333333333334,81.73705480153525,82.3489163612193,327.6666666666667,81.00420050734805,80.98942483380642,747.0554272177216,723.3403064230815,-32.86666666666673,-9.116124260355045,-0.7328542941872058,-0.8965998297426306,0.4436823143640402,0.6074,0.0767917395257562,30.61335562193194,77.49944537416712,7.906634129293117,41.04531064381881,58.95468935618119,92.31309437723336,24.55951078820855,62.52354048964218,37.47645951035782,21.79,98.33,12.08,1.772388059701492,68.0573663624511,53.45149253731343,11.46261310743259,0,0.1062250364459639,0.05489274469331537,1.494990066195516e-6,1.757336426353644e-6,0.07161993722796679,0.09904149896433033,PP
2210904,221090,2319,1713,289.875,90.70433480774558,91.78076694626715,214.125,90.74342632954034,90.72882415790046,548.036043163811,566.5418377730937,-75.75,-26.13195342820181,0.03909152179475939,0.04309774376011544,0.5272999309425431,0.5589,0,2.608704024946153,81.37992521911069,7.990001564942032,63.95399309391185,36.04600690608815,91.37000293840605,2.50000255899224,38.65668035757429,61.34331964242571,2.34,97.9,11.68,0.2928257686676428,89.10364822420874,1.537335285505125,16.39344229969602,25.64102564102564,0.05720279558827585,0.0682057948963291,2.127525130306348e-7,1.979401840547133e-7,0.04740943414406888,0.1421768263907907,GP
2210938,221093,4039,1851,2019.5,69.85249918118234,71.63814568018816,925.5,60.5605426950322,60.6282378609237,553.2001086154389,696.753472943072,-1094,-54.1718247090864,-9.291956486150141,-13.30225345559764,0.3370957740204049,0.3019,0.1050502002401404,0.08172353842412783,83.9218929279041,16.64195285744205,73.88000081404267,26.11999918595733,66.6660126052991,21.96966398495642,51.7524115755627,48.2475884244373,83.41,95.53,24.95,0.0664451827242525,72.20257234726688,0.0664451827242525,28.705619740115,27.02702702702703,0.1260135864678581,0.02240147589327148,4.301951240181941e-6,4.436901139789246e-6,0.09778823348287001,0.051439941798045,PP
2210953,221095,1154,715,76.93333333333334,97.34977839556372,97.41833792723988,47.66666666666666,96.81936167593351,96.82674930616552,458.2495416030777,577.133268164982,-29.26666666666668,-38.04159445407281,-0.5304167196302103,-0.54485662769046594,0.4106999995123257,0.5857,0,14.74926252603013,93.9702142740146,14.02999998554736,45.0780966768768,54.92190332312319,78.33000005557734,54.28999971772448,53.0390492359932,46.9609507640068,0.3,89.86,11,1.347708894878706,84.48217317487267,29.3800539083558,48.78048756893398,0,0.01483547891305229,0.02248531270823629,7.90840297697624e-8,9.612267841977616e-8,0.01531823632047997,0.06267789059292957,PP
2211357,221135,3547,2637,886.75,81.8030862000043,82.88204240558035,659.25,79.45073140141822,79.49511062976845,507.2206815068411,549.7313689625263,-227.5,-25.655483507189174,-2.3523547985860773,-2.87563086902943,0.2820224592332988,0.3733,0.0003798164137480989,42.12350663065416,91.93231287824976,10.21292409829686,76.60716090444406,23.39283909555595,47.94907617987276,4.080302803280969,28.70168483647175,71.29831516352824,23.29,86.38,14.54,88.29389788293898,99.00891972249752,40.90909090909091,50.61440475380507,25.64102564102564,0.06717199101836513,0.2190231316679211,2.129913621532247e-7,2.4220128191362e-7,0.05304331555441989,0.3752493001737259,PP
2211506,221150,1665,1345,555,77.5743931730547,77.73424733051473,448.3333333333333,70.9282157067243,71.02988546565877,436.6153929508893,542.6886604636654,-106.66666666666669,-19.219219219219223,-6.6461774663304,-8.56748882521576,0.3279999994830631,0.5949,1.180438255966529,12.31028700057003,106.3295336551138,9.790000867231294,67.64902978644123,32.35097021355875,85.14999969113691,37.69999641423635,40.50235478806907,59.49764521193093,45.7,96.02,15.59,107.6853526220615,93.90894819466247,35.62386980108499,7.221195863054948e-6,0,0.08025656605721115,0.1614273941044725,3.200568187468178e-7,4.33911861665254e-7,0.06222812169381358,0.4185398322739555,PP
2211605,221160,2072,1309,1036,40.3644396735755,41.18705530600215,654.5,42.3301421536323,42.57073561472291,496.7962513690518,624.0415948303477,-381.5,-36.82432432432432,1.9657024800568053,4.869886702140073,0.4340854942253295,0.6582,0.001222459571604885,7.188468801025132,81.12020160635566,11.22969881289865,75.16371763175812,24.8362823682419,31.58603622268779,21.25308735899718,42.70620313565099,57.29379686434901,18.58,87.21,18.49,0,66.73483299250171,65.49094375595806,32.113338515967,0,0.2433109020273671,0.02274655958035656,3.735446516787343e-7,3.663486151262117e-7,0.1454686274172106,0.06589416506531039,GP
2211704,221170,2866,2076,955.3333333333334,65.43120627923943,67.39962436498776,692,64.71788621968564,64.78724153166617,421.5552321678633,533.1088803317351,-263.33333333333337,-27.564549895324497,-0.7133200595537943,-1.0901832628754737,0.3558357044055262,0.4932,1.66132753602894E-08,0.01943364745412371,85.18377683472922,11.99242938151461,72.66871482737554,27.33128517262446,79.84860834150734,0.4069441196587925,31.51022419315102,68.48977580684897,10.22,99.77,12.51,11.93798449612403,72.20990391722098,0,46.90121950496061,0,0.1618991032455411,0.1247825089423276,8.560093056498015e-7,1.373987477595997e-6,0.1285346305968272,0.1443437028092712,PP
2300101,230010,3049,2332,3049,45.4748371390347,44.0191256901897,2332,35.1923001565075,32.8826743183772,493.0437544752582,597.171680760759,-717,-23.51590685470646,-10.282536982527198,-22.611487207946197,0.4434624356328445,0.5611,0.8407023804873391,9.279447622421852,87.02689917247422,13.09924353050015,56.43771075409313,43.56228924590688,91.53954923781554,8.459437005465407,55.59325416625087,44.40674583374913,4.09,89.06,20.99,1.560975609756098,85.72996706915478,56.8780487804878,20.8632290935864,6.711409395973154,0.3434674472385933,0.02058311673637958,5.181104451997999e-6,7.481557715842778e-6,0.4867912459506768,0.0663319939537186,PP
2300150,230015,2340,2127,2340,95.6139009110653,95.794914896387,2127,95.2630804591152,95.3245888096997,554.8886899266479,605.2351405379543,-213,-9.102564102564102,-0.35082045195009925,-0.3669136481278102,0.4559934891390925,0.5924,0.5824954903995476,13.42780475900819,73.2268369675194,6.603388691258015,47.46433049515007,52.53566950484995,96.44746763905822,40.02241999834271,62.43759806019112,37.56240193980887,45.28,97.91,5.52,10.78204534937529,81.66452717158751,23.83155946321148,23.29599337200714,16.30434782608696,0.1527549718437616,0.01033354855180851,7.032858289181912e-6,3.681236547524377e-6,0.09304487177284217,0.01514856651369497,PP
2300200,230020,17229,20658,2871.5,73.53478327338645,74.09580128410542,3443,68.19164903916798,67.50101968493662,530.6547023932678,633.9673872653295,571.5,19.902489987811247,-5.343134234218468,-7.266131749316304,0.351448223320031,0.6767,1.07989105355956,0.02728166808246371,82.17761394661808,16.27021263670304,50.97824122054718,49.02175877945282,92.83981280911912,17.19245008254661,44.27049759032447,55.72950240967553,35.01,96,13.97,5.373215131623469,72.4099825029929,0.392501861000203,15.8768062202248,7.223942208462332,0.07071312269116349,0.0286997837770528,1.236079087752835e-5,2.148982776378615e-5,0.06299101389943426,0.02020379301487448,PG
2300309,230030,25269,18612,1148.590909090909,72.67619988435828,72.01171388820897,846,62.02737586651433,61.73985491935141,555.3700306070704,685.1634546613251,-302.590909090909,-26.3445328267838,-10.64882401784395,-14.65242271168314,0.3929451481189725,0.5105,0.1178203734099721,15.81387473289928,71.83782055082644,12.39811754213525,50.67358402507538,49.32641597492466,96.5992087646641,19.76271306397069,54.55679009596758,45.44320990403242,44.77,98.26,27.58,33.97615708274895,76.6983589766427,14.81416549789621,14.98116326823942,15.41425818882466,0.1711634918277883,0.03272351935268138,1.837445372577177e-6,6.098438330396258e-7,0.2778147962692504,0.03211259617998144,PP
2300408,230040,12937,7567,517.48,69.35837986965782,67.6203725984992,302.6799999999999,69.6093199350387,69.5144522673196,454.2359429208353,559.7601506456003,-214.80000000000013,-41.50885058359746,0.250940065380874,0.36180208628352434,0.5042037188851841,0.591,0.0002353411280799668,11.36345611939706,81.12834169729528,16.16127877419588,75.51309895690706,24.48690104309294,98.55674628035587,10.93842800750842,40.33715057969984,59.66284942030017,33.01,98.55,23.34,0.065359477124183,85.66043104061455,35.88235294117647,39.70842820636941,18.40490797546012,0.05241291492541771,0.05238235764367589,2.239662519732954e-7,2.16401259474106e-7,0.05129934957844279,0.1992041668783729,GP
2300507,230050,4276,4667,4276,97.2067592048899,97.2394540061234,4667,96.2872539327998,96.2954276331082,564.2730115349326,671.0971823624355,391,9.144059869036484,-0.919505272090106,-0.945927299306416,0.6306629973652113,0.7318,3.099437682657703,2.581320859415327,81.681721215742,10.49924189423605,67.43129525896133,32.56870474103867,98.07093860887504,21.93568974258461,35.61185888976863,64.38814111023137,23.04,90.73,8.92,0.9022556390977444,77.48746371074162,16.15037593984962,36.50775711436815,0,0.2254344723062104,0.04856997643386565,1.972055804362093e-6,1.249880151562946e-6,0.06716143671150883,0.03368823399616772,PG
2300705,230070,3357,1937,479.5714285714286,40.73636594513474,41.22346942480466,276.7142857142857,35.79352738933224,35.00929965699861,556.6722217650529,677.2319965360942,-202.8571428571429,-42.29967232648198,-4.942838555802503,-12.13372484541135,0.3731754980510971,0.6194,0.04549152918973689,25.82143831157711,79.15589510853913,29.86763062604538,50.16314545312461,49.8368545468754,84.44741230853505,13.53861456873453,50.02119542178889,49.9788045782111,76.16,97.44,32.9,34.17184850197852,84.29419245442983,36.46127755794234,16.36693124324814,5.617977528089887,0.2153369369126924,0.07231487235023136,4.166282638680116e-6,3.138608302032709e-6,0.2368799006314983,0.1031519567288936,PP
2300754,230075,22997,21284,1769,63.1943817239729,62.94396279935508,1637.230769230769,66.7886704495661,66.81401907575697,480.208803670673,599.8832740363314,-131.76923076923094,-7.448797669261217,3.594288725593195,5.687671320676432,0.4605794191649629,0.5853,0.6121748792627757,2.497576664350841,84.55742628644077,10.58929560884869,59.29517863825497,40.704821361745,91.44520779170466,10.11376009394904,40.04792749187368,59.95207250812632,21.5,95.15,8.66,65.46381447421031,75.5285073670724,7.626949220311875,18.81659372063665,10.63829787234043,0.08810772343835166,0.04979374546473286,1.388247514535788e-6,1.0821443879765e-6,0.08216557752008212,0.04276840599798321,GP
2300804,230080,2021,1843,673.6666666666666,72.07361372254607,71.7871538961115,614.3333333333334,73.4927907743408,73.22846316573417,491.6386892620537,599.0556552962405,-59.33333333333326,-8.807521029193458,1.4191770517947333,1.9690660402543216,0.2525220904205831,0.7182,0.396078431508896,49.14709626335742,94.02686777356016,6.853973655041766,28.58768109522574,71.41231890477427,91.29058499920126,40.34729328963975,75.79063665239609,24.20936334760392,57.55,98.87,7.64,0.1095290251916758,94.48971136583346,49.83570646221249,23.98420270923457,0,0.1338215852016333,0.05169296659429574,8.409907001022681e-7,7.441601939881364e-7,0.1489403051778273,0.08121976973292513,GP
2300903,230090,8822,5672,1470.333333333333,92.35056140098442,92.41666179116415,945.3333333333334,92.97164769574853,92.9077933629112,461.2773336501025,529.6258752405822,-524.9999999999997,-35.706189072772595,0.6210862947641118,0.672531152320089,0.5471878578971828,0.637,0.4822213821585368,11.90201755061448,73.41484885094098,8.954865330142395,57.52658655074163,42.47341344925838,94.58990815264907,4.058623056404266,51.76151761517615,48.23848238482385,24.08,96.88,10.05,38.64541832669322,90.70847851335657,38.44621513944223,32.80225083542902,14.38848920863309,0.1195557260693169,0.08450806902341916,1.889029438369222e-6,1.18894377952412e-6,0.08723050455933942,0.1201043551859666,GP
2301000,230100,NA,14394,2166,67.61508911749677,66.00602822825756,2878.8,58.63286291386394,58.4532777641069,721.409345293842,998.0440853134976,712.8000000000002,32.90858725761774,-8.982226203632827,-13.284351645272762,0.5442289548206737,0.6108,NA,NA,72.85480176907862,8.08216973149094,7.705842575607022,92.29415742439296,92.43804311543714,36.66413603459429,80.11162674024834,19.88837325975166,55.6,96.11,3.32,9.886887306242146,72.90731217860278,0.8483452031839129,17.78298671404283,16.83816651075772,0.2130661653337428,0.02978058591305908,7.286800582866001e-6,5.961298230272566e-6,0.178084904874139,0.01828057117151342,PG
2301109,230110,22572,16139,2052,63.95376732909446,63.18242295338104,1467.181818181818,56.81468720972087,56.94848982614362,698.2052519820796,816.0861972592256,-584.818181818182,-28.499911394648247,-7.139080119373588,-11.162876586514724,0.5863879189640789,0.61240000000000006,13.39552828500456,6.196574183867261,67.12125328551724,9.958786622877025,36.39494409176752,63.60505590823249,95.90959402145306,4.564243869291377,63.26606776317544,36.73393223682456,51.73,95.53,8.39,42.29267904086672,58.92490603257537,20.02708515892615,9.567793370544925,12.70207852193995,0.06226269192216952,0.04210800914617294,5.359436780436815e-6,1.061240921573515e-5,0.05760096935632712,0.05276890979237691,PP
2301208,230120,19194,13702,2399.25,79.3141822849917,79.50712790780618,1712.75,80.06222899940335,79.54667415935299,536.8815905243097,611.0928566952633,-686.5,-28.613108262998853,0.7480467144116432,0.943143701240923,0.4784041995976733,0.654,5.572290068878431,22.00638784822326,84.63817134260168,10.36162152077558,46.05517894873833,53.94482105126165,92.81174643317638,18.27360301368804,65.98817865111364,34.01182134888636,20.46,98.69,17.14,32.38289205702647,89.57607546874388,61.642905634759,14.64085866824329,13.2890365448505,0.1649545092414974,0.01332288350585536,2.179786713036652e-6,2.406048339447946e-6,0.1394466297793282,0.02474053108988081,GP
2301257,230125,4816,4702,1605.333333333333,88.81129707031303,88.90645775065063,1567.333333333333,84.76595396110163,84.65062907928593,408.2022631981777,516.3782985643386,-38,-2.3671096345514955,-4.045343109211402,-4.554987082340045,0.2945387964760507,0.5575,0.4155162402670071,40.52455636721326,81.56044664638557,9.039914221079423,53.13506807624453,46.86493192375547,97.91598760929377,15.85727148331033,47.39362182672328,52.60637817327671,0.81,95.83,13.04,6.742424242424243,78.5527147890505,49.12878787878788,7.214697825790096,19.6078431372549,0.1479389583971215,0.04871370621860976,8.834173049442666e-7,7.280292244106106e-7,0.1564914104743473,0.0486830551493833,PP
2301307,230130,7355,5517,735.5,83.28309893896139,82.87437130260204,551.7,77.08615806172027,76.63617859254144,454.8210877713107,542.5669673923519,-183.79999999999995,-24.989802855200537,-6.1969408772411185,-7.440814470391992,0.4851192337603092,0.5537,96.66861732725562,25.62449577342712,100.1069677245138,16.24406339818524,38.47963010468494,61.52036989531506,87.06680684639149,15.05476960711148,61.24348661911267,38.75651338088733,33.05,95.5,18.15,115.7232704402516,93.48408964435676,40.38259958071279,17.70912151701847,10.06711409395973,0.09405839508248501,0.01426764702582986,3.517546497854977e-7,4.006714366043689e-7,0.1345808506290721,0.02036420766097802,PP
2301406,230140,10467,7765,5233.5,96.4686329576456,96.76420338266504,3882.5,97.03112798733065,97.01486673221295,496.5247981839963,868.2887282598381,-1351,-25.814464507499764,0.5624950296850528,0.5830859341937761,0.5493383246218764,0.6166,0.2063861950732612,14.29194704573861,95.46738966522304,40.1563698533249,66.91863205823657,33.08136794176344,97.46834050381895,19.88582328654585,33.51163412677187,66.48836587322813,52.14,91.89,35.14,77.93060331353549,100.0980654363912,61.61300406376993,18.81248270043719,27.77777777777778,0.2609361238739354,0.06222655883495479,1.113386545487225e-5,1.701298702173519e-6,0.1090017580261239,0.02503003332451735,GP
2301505,230150,3719,2696,371.9,49.16003554740071,48.64950075119862,269.6,52.85775497342781,52.79640309452942,548.679425379447,627.4438480951593,-102.29999999999995,-27.507394460876572,3.697719426027099,7.521799740078936,0.2687666252661123,0.6719,0.03085805220957413,33.81261070055762,73.4891717313471,15.01816845975895,49.32960586785808,50.6703941321419,92.70523550217322,24.83481853359465,57.69438444924406,42.30561555075594,67.83,97.16,21.48,3.117359413202934,69.24946004319654,57.51833740831296,20.63930975054971,0,0.08831153288908192,0.2300372850600057,3.013802885855162e-7,2.365133911750373e-7,0.08908634848593364,0.2829480654821231,GP
2301604,230160,11726,9495,977.1666666666666,74.25561783824917,74.16785023537274,791.25,70.60225907072733,70.37342462653386,565.4601402461245,574.5056774011392,-185.91666666666663,-19.026095855364144,-3.653358767521837,-4.919976257526992,0.4196726985933058,0.6593,71.55591009599443,20.99040058698085,83.7797392069852,11.94455170675199,47.62523587084577,52.37476412915424,97.23426874519289,21.00452965519642,59.10119624959587,40.89880375040414,24.26,98.16,19.8,146.8653010552452,83.35411759272088,44.87895716945997,4.849155335694201,11.58301158301158,0.1228422739692865,0.01750238230478818,5.619919320074536e-7,5.296727729550159e-7,0.1882390534889803,0.03109305794237622,PP
2301703,230170,10574,8189,1321.75,76.96473163107902,77.04805917286933,1023.625,67.37300682031298,67.0356343488157,513.3380082959708,605.1899915398793,-298.125,-22.55532438055608,-9.591724810766038,-12.462493674041237,0.3903831469379361,0.4616,5.798928023166076,13.79748446771629,85.135069639332,13.58190776683896,51.82817343550591,48.17182656449408,93.1815352146697,12.55926202427739,53.3693404785012,46.6306595214988,32.21,97.83,15.58,65.82690659811482,81.33676526435714,41.31962296486718,10.51719435823344,16.61129568106312,0.2588788028317339,0.03684579512993885,2.787264937091738e-6,8.063549453242773e-7,0.2947293782657746,0.05457951449366196,PP
2301802,230180,3191,3817,1595.5,39.21821284821365,39.2301994712153,1908.5,31.4693371581487,31.01380067797865,529.8202711808275,607.5116607260412,313,19.61767471012222,-7.748875690064953,-19.75836002536741,0.5160640514543429,0.6715,0.03142177973345354,12.93942425805758,93.25721176870634,14.41377918568079,45.17478442445,54.82521557554998,97.35485889164488,1.885065058941539,51.84145913714487,48.15854086285513,27.25,100,21.75,118.5582822085889,85.19817607856892,36.88650306748466,12.43662020991793,0,0.5534057859761773,0.06838450618350408,4.30966553409111e-6,1.193365039186618e-6,0.6105943613071598,0.0790454222083508,PG
2301851,230185,7636,6227,694.1818181818181,58.45693851298624,58.54074423112746,566.0909090909091,63.72183807310859,62.77477338902249,556.360476041141,614.1508652804725,-128.090909090909,-18.452069146149803,5.264899560122352,9.0064579056817209,0.3842287676420205,0.6861,34.75624617567998,19.5710445196075,80.75010683090744,18.16116720756515,49.39598172044852,50.60401827955146,97.7016022412131,18.63324822022787,55.38273331003146,44.61726668996855,33.51,99.05,21.28,140.6486146095718,77.7234067342421,48.0793450881612,6.820436506858742,4.926108374384237,0.2488252929695668,0.07971552738825768,1.329419743214735e-6,6.30558681083121e-7,0.25239286988663717,0.1148459532287313,GP
2301901,230190,14306,10911,2861.2,87.79930921202254,87.59119542541698,2182.2,83.4311107803698,83.39651322816222,758.3472947803905,927.7189219229837,-679,-23.73130155179645,-4.368198431652729,-4.975208200219624,0.6326348815867405,0.6849,2.026381471261814,1.221761018170036,74.84198969640642,6.212954256898017,31.81631930145978,68.1836806985402,96.61178010195262,19.24535157203897,71.76836263706944,28.23163736293055,60.78,97.4,11.77,2.384028185554903,63.39612070115525,17.76864357017029,22.37347136419542,15.3015301530153,0.1833723214077108,0.02244619273754132,1.177369842368979e-5,1.320070680264256e-5,0.1173671068987529,0.02215465405023276,PP
2301950,230195,18285,16183,4571.25,69.26048965150447,69.62444082004608,4045.75,71.116137839403,71.20980786500317,514.9799782752875,585.7493622497876,-525.5,-11.495761553185671,1.8556481878985238,2.6792305356712354,0.4848223217619108,0.5929,0.0562058111280358,17.47876047644545,76.81462803294949,13.23106678493376,57.72329235228704,42.27670764771295,95.95663006230846,15.22461548199635,47.26379271833817,52.73620728166183,19.45,97.09,15.46,79.88614800759012,78.84744248380612,54.85768500948767,11.79862437767679,11.32075471698113,0.1788022609420887,0.009926965108531747,5.213428522675081e-6,4.61891414995137e-6,0.1463738586876605,0.01622251489893676,GP
2302008,230200,6078,5101,1013,80.67753817402283,80.45897958010556,850.1666666666666,65.75353411588142,65.20680003929245,553.6245190546108,619.9913335582678,-162.83333333333337,-16.074366567949987,-14.924004058141406,-18.498338442045757,0.3294502342131837,0.5535,0.08191652019630501,9.901063916450564,78.89573347882958,12.97402018663852,38.86149239377698,61.13850760622302,94.3767400232151,11.26283066045167,62.81158074005264,37.18841925994736,46.89,98.5,19.3,2.175141242937853,75.90958352686175,29.06779661016949,21.49607238070041,24.15458937198068,0.2290765030173882,0.04050067988760952,1.566040559921072e-6,8.779468736756501e-7,0.3110396230755439,0.06914104644311811,PP
2302057,230205,3589,2724,1794.5,91.51540889647231,91.3605199214349,1362,85.2241279950056,85.10349118381275,442.0688756182921,548.0508616301438,-432.5,-24.1014210086375,-6.291280901466706,-6.87455913417136,0.4666413375556223,0.5928,3.276574324784478,9.618335929572595,98.0179594959822,17.49751895344245,32.48952691234418,67.51047308765584,91.08000702844336,21.43257696595689,65.40733617255118,34.59266382744882,41.43,99.33,10.37,53.27797202797203,90.88473691441132,7.255244755244755,19.58026070005665,4.784688995215311,0.07536063063090587,0.09388714277452408,1.104672551191085e-6,7.176144251560721e-7,0.03942084685302506,0.03409440083567768,PP
2302107,230210,10163,8843,3387.666666666667,97.60857529719884,97.84915782536606,2947.666666666667,97.45197191488083,97.32429094459667,635.0622296037635,685.9679041125236,-440,-12.988290858998324,-0.15660338231801063,-0.1604401886219364,0.452537689869157,0.5749,0.9689789607197681,12.99241764386401,82.18442044113964,22.93001020777264,27.69244816475748,72.30755183524256,98.02853727866406,44.74219916108975,74.51615653508398,25.48384346491602,59.02,98.55,8.78,134.7350510452115,76.26964503936112,41.05493437044239,19.87695105448741,13.51351351351351,0.2197996065942336,0.01949076215607247,7.762189315341164e-6,2.076451898942663e-6,0.03839271910140042,0.02101139995693629,PP
2302206,230220,16814,14142,1293.384615384615,70.1294943708351,69.80266661812574,1087.846153846154,68.35032253868854,68.3122823061795,555.9344740228864,646.5461032739734,-205.53846153846098,-15.891518972284963,-1.7791718321465595,-2.5369808353936563,0.4548654109283132,0.5674,0.03332162476558038,11.54593756678566,83.0409955797459,26.7733700121119,56.08170240391465,43.91829759608533,94.16461686693795,11.54517574525146,41.77652050919377,58.22347949080622,41.37,96.76,36.49,23.59605911330049,76.3960396039604,8.374384236453201,9.192563163343557,15.81722319859403,0.07078893598620209,0.04211733132604904,2.718953242252179e-6,2.289752613976486e-6,0.06765586304254163,0.03059085219171373,PP
2302305,230230,19557,19672,2173,76.79587126675436,75.48921158960017,2185.777777777778,63.97150182270552,63.70201682021402,514.3103215392638,537.2533604187555,12.777777777777828,0.5880247481720123,-12.824369444048841,-16.699295460172255,0.4993464670366217,0.7055,0.1076050309731738,13.01064094825927,77.95666486803226,9.9022609814919,57.83033911232551,42.16966088767448,96.3820365594343,20.65274960528634,37.75931074516514,62.24068925483487,43.98999999999999,98.83,21.36,2.852776362710137,66.9670954141334,8.647478349465104,16.61376801905652,11.23595505617977,0.07282533170122603,0.0784757854984111,3.434487874868713e-6,2.728543791503009e-6,0.07076520726471286,0.03639848262734741,PG
2302404,230240,27848,20600,960.2758620689655,61.53049858657781,60.71890762985361,710.3448275862069,61.82415264535658,61.74950628397739,509.9319895485137,612.7168522403642,-249.9310344827586,-26.027003734559035,0.2936540587787704,0.4772496006441068,0.3719791678173804,0.584,97.74890667770821,3.95111815078565,74.44311282425927,17.34853059278204,49.3061350601161,50.69386493988389,96.44020553069657,40.36745898709599,56.80468672425777,43.19531327574223,52.54,97.96,12.3,117.1911814203972,75.0173766259557,43.67216425445978,13.61527014084402,12.38938053097345,0.1552790266222111,0.05911211313897839,9.94803698273426e-7,3.404840627350682e-7,0.1185045160448272,0.03988139333074487,GP
2302503,230250,13083,11136,2180.5,58.80277964946107,58.40871318485393,1856,55.1089736059608,54.41067154650595,745.365364858091,862.1209501505374,-324.5,-14.8819078193075,-3.693806043500274,-6.281686113343671,0.3917369462782238,0.5364,6.986737567091527,0.06090963001054581,69.76308468672075,13.71417115140213,37.98175548250075,62.01824451749929,92.57946276872725,61.95291371501804,63.67091087169442,36.32908912830558,73.86,97.25,11.12,3.572895277207392,54.17825661116552,24.59958932238193,16.71604881766503,12.76595744680851,0.4545268220093276,0.0192715637033763,7.294055780696e-6,1.075840467199544e-5,0.6496082372339426,0.02141533157487306,PP
2302602,230260,17535,15850,1948.333333333333,83.94231971546242,83.52018837722899,1761.111111111111,78.79401675575218,78.7037170024989,616.5735252027921,703.9345990473886,-187.22222222222194,-9.609352723125166,-5.148302959710236,-6.133143540899673,0.3217518348065554,0.5592,0.6837436049449764,0.003544985834111681,85.88582841237462,9.087944555474486,25.81220645930202,74.187793540698,97.4463054979462,31.41879965479057,74.33719268382765,25.66280731617234,70.97,99.57,12.19,35.91618619040923,75.03412393814334,5.484460694698354,11.13657002690394,12.30425055928412,0.076827010687543,0.05279065366221306,1.926459641706852e-6,1.953668903184115e-6,0.04990293753270249,0.04015873236184322,PP
2302701,230270,6716,5600,671.6,74.06365728905995,73.32989262023193,560,72.36749818545428,72.09949666372154,582.2056800166164,649.8655707854236,-111.60000000000002,-16.61703394877904,-1.696159103605666,-2.29013684402027,0.45132338237652603,0.6228,1.252502111713324,40.13296444277334,82.36213202294083,8.688794633463814,28.06186103134895,71.93813896865106,95.74553593991632,23.61231247900978,72.4713949687039,27.5286050312961,39,98.93,14.11,19.52240275726243,84.71873380377147,55.2683407188577,29.48810709245637,10.92896174863388,0.07094272036881691,0.06205319169943846,6.046045780739813e-7,6.771850264581557e-7,0.1365177205466151,0.1257400057666192,PP
2302800,230280,27906,22913,845.6363636363636,89.09098562851094,89.57442187958722,694.3333333333334,89.40623748902924,89.36746812190994,601.5736937788761,676.0867669672633,-151.30303030303025,-17.89220956066795,0.3152518605183019,0.3538538251589562,0.4679018205128213,0.5597,22.03894573601182,14.02338747713763,82.68316789082334,9.948693884236514,37.13136604012659,62.86863395987343,95.17813271028665,25.15996424025953,68.60851477659517,31.39148522340483,40.14,97.42,7.17,79.32876346479124,75.89551029229024,16.37140567969376,13.19191235334264,10.80550098231827,0.105987228420475,0.04797392154610376,5.310352437209544e-7,4.687269133927509e-7,0.07608977479640665,0.07206487487014836,GP
2302909,230290,7857,5662,3928.5,83.4079869221851,83.41772634358244,2831,88.08651860119491,88.0450324644323,504.8061584821402,548.9004587908113,-1097.5,-27.936871579483263,4.678531679009808,5.6092130402027465,0.4620462495352381,0.6084,0.03674106223411951,13.03617866380356,92.18092385522623,17.98119445693647,62.49545621540403,37.50454378459597,98.20643554769562,16.82908727339877,46.8695652173913,53.1304347826087,21.87,78.43,15.86,103.7568796362766,83.77391304347826,16.9179229480737,16.96290960149581,17.0940170940171,0.2128721074435553,0.02163042366521246,2.398388171670718e-6,1.344937393725564e-6,0.1207280972847155,0.02900887143236979,GP
2303006,230300,12583,9232,1258.3,84.98455635568403,86.51073090159407,923.2,90.51061042117267,90.21215547899942,512.3586803132343,536.1900097501413,-335.0999999999999,-26.63116903759039,5.526054065488637,6.502421501573252,0.3516419498989861,0.5722,3.47333930774075,16.01443504084501,75.72054383614518,9.5910330324376325,41.60476113011315,58.39523886988687,90.92027836969847,12.69739852986338,63.95625878184374,36.04374121815627,23.57,99.32,12,73.07551988325429,84.86162868837437,64.21014228383801,15.91896241739512,15.38461538461539,0.0911638592345389,0.04162561263360622,6.153792958614349e-7,4.051916824261092e-7,0.05943012945800894,0.06408763037845737,GP
2303105,230310,8063,5233,1151.857142857143,77.99551870151383,76.88567667851306,747.5714285714286,72.88717682094283,72.56130832697337,506.2806692495359,555.5094414062271,-404.28571428571433,-35.098598536524875,-5.108341880571004,-6.549532544453552,0.4528983162946911,0.6564,1.683825557259095,0.2522838071946806,79.26323095466982,17.16371400584319,54.29278497943034,45.70721502056966,96.34894956545307,7.177330533303834,49.22247446083995,50.77752553916004,47.66,99.38,29.41,1.193755739210285,82.00908059023837,25.52800734618916,22.30699636980177,4.807692307692308,0.2343828404399275,0.08590800522353334,2.976461099238137e-6,3.363042397107027e-6,0.1928161456503289,0.05215423695210259,PP
2303204,230320,11575,9141,1929.166666666667,90.51751892266452,90.86830239934963,1523.5,83.45352221798098,83.12525622951921,514.5841457075775,566.7061572461911,-405.66666666666697,-21.02807775377971,-7.063996704683547,-7.804010526093645,0.3604273099889804,0.5822,0.5630179606105092,24.21323707405968,89.0705794895573,11.1253174025922,46.05486694870049,53.94513305129951,96.6002048511306,16.54632392358826,56.24073299623618,43.75926700376383,7.06,95.59,19.04,1.684636118598383,90.3433068471277,43.95215633423181,25.79506970805086,15.66579634464752,0.1904646367629496,0.07207534679020793,2.80089419838926e-6,1.184871840379993e-6,0.2387062474212305,0.0559587051809396,PP
2303303,230330,12858,9696,989.0769230769231,83.09365540026269,82.63632799848757,745.8461538461538,75.68348187043466,75.29527522529473,564.0860456443208,585.2982337029616,-243.23076923076928,-24.5916938870742,-7.410173529828029,-8.91785719876346,0.4707579726883346,0.674,4.18164490685357,13.87623438660664,75.4744980702418,14.31085357556261,55.16664926494738,44.83335073505263,96.17233143287878,12.09461890560616,50.99617984131648,49.00382015868352,30.37,98.91,29.65,0.2465814839722036,82.06876285630325,27.99820668011657,14.21603623467592,5.102040816326531,0.1204930103680632,0.006958385143821232,2.999114239228185e-6,2.350438849963565e-6,0.2149331948738487,0.02056955927973147,PP
2303402,230340,9924,7694,1984.8,82.07935088140732,81.83362465260082,1538.8,80.94205608294472,80.92370216819862,528.1094919179161,573.6671460393954,-446,-22.470777912132206,-1.1372947984626052,-1.3856040359113344,0.4910038069879813,0.657,7.318969209592114,11.83932208153555,70.85188824974013,16.68688642441394,52.44996321139232,47.55003678860765,96.25494710647298,2.723401702869437,57.52310106352066,42.47689893647934,16.97,97.68,11.18,11.82828906732551,75.14383681060033,20.41383570105003,14.71340120185559,12.60504201680672,0.1099939054793211,0.1094052869686461,7.143197353959632e-6,7.911003452321177e-6,0.06441791795938606,0.2053321134955431,PP
2303501,230350,15628,21272,1736.444444444444,70.60338077418666,69.61814311654027,2363.555555555556,67.28423752316729,66.89839860544453,626.8989430371232,768.4316222734662,627.1111111111122,36.11466598413112,-3.3191432510193692,-4.701110930700478,0.5243288692969844,0.7006,3.407799899959877,14.40661884500567,83.76179930450922,9.545390322423817,16.33237809431245,83.66762190568755,95.69937657160571,14.37559733813537,70.66681341055731,29.33318658944269,28.96,97.76,12.96,4.968103614923642,74.36338373068827,4.803788903924222,9.893686768773312,23.64864864864865,0.1158018866914837,0.016912181886201,7.670959267443934e-6,9.64400358035539e-6,0.07825545222093422,0.02740781050007146,PG
2303600,230360,9496,3999,1582.666666666667,54.96455446477039,53.35415840957076,666.5,48.42725082825365,47.99203259793651,518.258687802364,641.3914103080162,-916.166666666667,-57.887531592249374,-6.537303636516739,-11.893671658353629,0.512020369399669,0.5536,0.0002743537903072569,17.37672789183206,44.01773158221894,12.05894350270307,53.40062911759353,46.59937088240646,91.66303937138899,18.70499385435359,56.61225686638647,43.38774313361353,45.41,95.58,16.64,24.47582370560547,83.37405923174666,23.27770646127514,22.3763889413099,15.74803149606299,0.1749975433969596,0.03678513292019014,8.315309982241758e-7,6.657054811295081e-7,0.2358028025044425,0.2435787066774405,PP
2303659,230365,4092,3256,584.5714285714286,81.61545478301042,81.55922638843981,465.1428571428571,82.58627528610867,82.53070776928,561.7461024126945,596.8448735762161,-119.42857142857144,-20.430107526881724,0.9708205030982526,1.1895057200616672,0.2696521633540223,0.5593,0.4882514473830403,53.07666857876847,86.22201441907353,22.25368857647864,45.80636147128805,54.19363852871196,95.62651844998754,1.779850199406099,60.77961881045877,39.22038118954123,32.38,99.21,15.15,79.68291250733999,75.8164926731156,76.15971814445098,8.676801632888766,20,0.1014776280575976,0.08530189591216593,5.150781491587401e-7,2.460940787067113e-7,0.07663174567692597,0.04957576948208053,GP
2303709,230370,30950,24552,2813.636363636364,88.41619525305367,88.37995944005272,2232,85.65495040792723,85.50618594196317,792.8165269883806,876.817158673774,-581.636363636364,-20.67205169628434,-2.7612448451264413,-3.123007993302081,0.4234642398697688,0.5379,Inf,NA,54.94977596900345,1.780753886394117,10.90364137072259,89.0963586292774,93.39114494031064,57.04921465981599,89.57441173818968,10.42558826181031,72.92,98.11,0.77,13.67046401778272,59.38401550667147,4.445679355376494,13.3740773311715,15.03445395698476,0.1670351361128311,0.04392625036572217,8.174821410590206e-6,7.950603944356504e-6,0.1421782428470695,0.02697396616170577,PP
2303808,230380,10135,6824,1266.875,71.16997320335908,71.10757711700656,853,61.06964933793529,60.92972378660507,584.5672052611885,671.4647331662583,-413.875,-32.668968919585595,-10.100323865423789,-14.191833171783566,0.3115228778345525,0.4895,0.212586874566333,12.19310080485394,84.02862990412204,9.513245114427232,38.28719491584207,61.71280508415791,94.6153932169765,9.14369322275853,62.59849570200573,37.40150429799427,18.48,94.12,17.57,0.5707491082045184,83.04083094555874,35.90963139120095,8.903038707715304,30.3030303030303,0.3534763259060372,0.02834678360412581,1.859516243618845e-6,1.391884260473623e-6,0.4218479809818426,0.07024393789323466,PP
2303907,230390,1220,869,1220,94.5584088625336,93.5590769248321,869,89.073473404604,89.1738931512493,483.7770318827434,581.0981578020096,-351,-28.770491803278688,-5.484935457929595,-5.800579265143349,0.3715054152477887,0.5416,33.04676837165168,23.95304041252972,92.10484894838385,6.598231563284772,27.44884405697364,72.55115594302636,91.42256937169549,7.275979212701089,70.01611603545528,29.98388396454472,0.43,100,5.42,77.53578095830741,84.09347300564062,16.17921593030492,34.23175384478932,13.24503311258278,0.115150355488138,0.1632461378961987,1.034551426795705e-6,1.025353712069364e-6,0.06469052812272834,0.0933550532985336,PP
2303931,230393,10319,7750,1031.9,90.28155246667154,90.29928185250517,775,90.83449455203501,90.7797253777376,445.2173089754716,525.0351432844285,-256.9000000000001,-24.895823238685928,0.552942085363469,0.6124640862457409,0.4342200849954723,0.5193,0.1977364044826921,40.17688925538507,87.14734429344645,13.61997143451661,70.25511069380572,29.74488930619428,84.58923602995814,11.44768231588223,35.97027250206441,64.0297274979356,13.66,97.63,8.08,110.3571428571429,84.81420313790255,65,23.74608588944399,20.40816326530612,0.1769872048034793,0.06036443434721276,9.198594779848441e-7,3.48892344357712e-7,0.1130931750143499,0.09984674519528879,GP
2303956,230395,3435,2487,1717.5,39.97378264891345,39.95793502242975,1243.5,40.7456082684612,40.3942029974372,553.3500317460744,598.23397323083,-474,-27.59825327510917,0.771825619547748,1.930829579793914,0.4870186343484273,0.5248,0.2093605572920226,23.27125198916454,83.58071186217926,8.449340657458121,38.05452911712116,61.94547088287885,96.48713231326462,5.448219679586674,60.98772792765936,39.01227207234064,27.44,98.8,8.71,3.925184404636459,83.63889302926417,43.41412012644889,22.40801763659648,31.57894736842105,0.1954054952989894,0.02768333687761925,4.022461615336149e-6,5.148366836274153e-6,0.07623667716462805,0.03253806110312764,GP
2304004,230400,9509,7261,1188.625,92.9992014084519,92.81418601766644,907.625,88.88897258877387,88.75791819629562,514.8530947697275,582.9301240147968,-281,-23.640761383952043,-4.110228819678028,-4.4196388328389284,0.5023376967218122,0.6406,0.2100492918005583,9.410682139342764,74.0322585468701,8.627343678636722,35.43272998371855,64.56727001628143,93.34938982010394,17.77583334846927,66.1096256684492,33.8903743315508,30.52,99.34,12.24,1.726538568643832,77.79793735676088,34.69785575048733,15.78314079930635,11.2781954887218,0.1095335217586691,0.08309273847681381,3.228762160637359e-6,7.557195463958229e-7,0.1354927417762994,0.07427442156951737,PP
2304103,230410,21859,18959,683.09375,78.19973274412916,79.04169076140482,592.46875,75.71926512690563,75.27048501053287,721.3796024402704,818.358202242398,-90.625,-13.266846607804567,-2.480467617223539,-3.171964315197432,0.4450632272968754,0.5829,24.16749593763962,19.29576900196509,73.55581204986093,4.504036073246814,27.77665455683645,72.22334544316352,97.98964133389357,49.26899176094651,73.19498373386504,26.80501626613496,67.61,99.46,10.39,53.5243553008596,56.61270857382726,23.75358166189112,14.36114007832703,10.79913606911447,0.1319321619018139,0.03377227729831549,1.169637111947702e-6,7.100549871571517e-7,0.1471893184894812,0.04286883593031562,PP
2304202,230420,29010,27028,1813.125,92.113703008427,92.14356001005575,1689.25,87.42095693716333,87.16378867779164,942.6403684410981,934.6252353389351,-123.875,-6.832126852809377,-4.69274607126367,-5.094514624859188,0.4310656778552612,0.5959,13.46280032041179,13.91517435620669,65.63699942031084,4.089103104611519,17.01721297451626,82.98278702548373,95.49699318571103,43.99968688505072,83.73756908188928,16.26243091811073,70.66,99.39,3.97,24.79190314037079,67.70063368062192,19.12599318955732,24.78046127153553,16.98513800424628,0.1674836901628494,0.01281975753605298,8.666152070360344e-6,8.349762981037973e-6,0.2214082688739589,0.05134968697346046,PP
2304236,230423,8398,6753,1199.714285714286,82.23173923988101,81.71660448774549,964.7142857142857,81.24265526659111,81.22420686526473,464.9461299355842,528.9749069895352,-235.00000000000034,-19.587997142176732,-0.989083973289894,-1.2028007463208379,0.4816958537914364,0.602,0.1542461080934004,9.712949382400494,92.24375294852722,24.01182156238522,47.05077458831231,52.94922541168767,93.36248190883022,23.8124332676947,57.71343556878004,42.28656443121996,34.33,94.46,34.69,2.836499866202836,83.33714808880751,15.03880117741504,8.944488617065538,14.28571428571428,0.07842035368065536,0.04892892659419634,2.113513126967354e-6,2.601576272930539e-6,0.065790570150334,0.08678756062384485,PP
2304251,230425,12473,12803,4157.666666666667,72.93538623988157,72.3854072588185,4267.666666666667,59.67305323035027,59.3696272751667,578.2312177296218,760.0020940804693,110,2.6457147438467086,-13.262333009531297,-18.18367419884775,0.4191744022621517,0.637,0.04838952587588693,0.3212141417350409,79.80340888444455,9.345909795635432,57.35556495455032,42.64443504544968,92.34902615997342,7.378866579667304,39.82026858739188,60.17973141260813,21.52,98.34,7.85,17.20997123681687,66.3289690686951,1.198465963566635,16.83613557937377,22.8310502283105,0.1056413587726165,0.04679120274185145,6.892344357099871e-6,1.638008726239964e-6,0.0458417886959482,0.03136238607562344,PG
2304269,230426,5495,4231,1099,65.9273446701646,64.68497807886466,846.2,61.50408419871698,60.92394546341888,503.4511699398716,521.2992993366533,-252.79999999999995,-23.002729754322107,-4.42326047144762,-6.709295655053683,0.7233989237623563,0.6454,75.46672281402186,19.4883788646429,86.9337537815045,14.60691420805922,54.50892490217259,45.4910750978274,91.8614955914272,2.186852386798688,46.24270973530732,53.75729026469269,6.17,99.87,24.26,140.1631912964642,84.72409152086138,53.80779691749773,35.27127897113606,11.36363636363636,0.2257572914697271,0.08144793744450077,1.523405499251779e-6,6.117297227822081e-7,0.271057849628573,0.06680381086668873,PP
2304277,230427,2299,1662,766.3333333333334,62.88959090565594,61.80998905933197,554,55.49360043096303,55.01959540241403,504.4954340788419,594.370759546874,-212.33333333333337,-27.707698999565032,-7.3959904746929155,-11.760277604266879,0.4876192862395775,0.5774,139.6325373900771,22.88867430796854,78.01952124857388,15.90223046847362,48.91248651042975,51.08751348957024,94.34991679783539,20.11028239619553,55.13672176734127,44.86327823265874,2.22,98.97,26.57,123.4364261168385,84.7057006025027,35.87628865979381,47.96131502513379,0,0.2502935908425227,0.04561228769845829,1.190187083338999e-6,6.260770411943126e-7,0.3417708965976057,0.1128964954562276,PP
2304301,230430,5456,4519,1818.666666666667,88.41025612966634,88.5730950476476,1506.333333333333,81.51005522132729,81.4588375690619,530.476677006962,602.3849916400034,-312.33333333333394,-17.17375366568918,-6.900200908339045,-7.804751632230213,0.4310413746507857,0.5474,3.62195622518524,15.90345704379405,78.27882483957127,11.54866233515185,53.26129755556795,46.73870244443204,98.35248474863909,12.73926685934982,46.75859795626855,53.24140204373145,25.57,99.08,23.99,47.08758503401361,82.6887155257664,38.26530612244898,16.40792018840498,56.41025641025641,0.1992015220046881,0.02689210703802332,1.841079212670445e-6,7.871343155523293e-7,0.3142817097736232,0.05298935804322717,PP
2304350,230435,5851,4854,1170.2,89.05358200076356,89.51090211248408,970.8,85.64042085760619,85.16285399374154,630.8752613788822,772.3958979044914,-199.4000000000001,-17.0398222526064,-3.4131611431573674,-3.832705059666328,0.4211283621488611,0.6772,1.914288828692745,19.97652605980462,69.58824445884393,5.647791505461277,27.20030497060002,72.79969502939997,98.03828040589869,72.61619373292538,75.32075159341115,24.67924840658886,76.35,95.84,9.61,46.15092908608267,72.38225312474133,55.82100872203262,27.13544860305508,8.333333333333334,0.1703727355142149,0.0459511259144643,1.834838697935802e-6,1.401599310938769e-6,0.1396659454055389,0.02178542701150748,PP
2304459,230445,4745,4143,1581.666666666667,67.92063130906129,67.16707297791073,1381,61.03803864461376,60.9477006833345,591.8760486381099,708.6026771055841,-200.66666666666697,-12.687038988408869,-6.882592664447529,-10.133287238055047,0.5425548558867044,0.5215,0.5974340834816643,5.940002542476975,88.05327486489563,23.13093905766668,35.43069713559562,64.56930286440438,97.052243217064,2.210942889938414,71.51799687010954,28.48200312989045,42.77999999999999,95.28,9.12,25.93571114046675,71.58175389787283,8.014090708938793,10.54600957292041,28.03738317757009,0.05993123464961878,0.0525687586675018,7.286057554788156e-6,1.566164037352748e-6,0.04178893846526639,0.03921939208714322,PP
2304509,230450,2206,2223,2206,97.5762984895194,97.3975762422782,2223,92.0864490567546,91.8301891319339,532.9833469547151,702.7314771677522,17,0.7706255666364461,-5.4898494327647995,-5.626212018438535,0.4457728384740386,0.68,0.02315917514685808,9.749222768596585,87.65531041255412,13.17519201741487,40.33008733344829,59.6699126665517,94.79342804857798,13.25986549939252,69.77828892722509,30.22171107277491,65.3,98.45,4.6,0.7582139848357203,72.04651459970609,28.77000842459983,15.28726540894442,17.24137931034483,0.2138757955532214,0.126793908045264,2.133549694443178e-6,2.059957979294425e-6,0.1853060294502407,0.1853060294502407,PG
2304608,230460,2873,2495,1436.5,83.58679047883035,84.74801270031925,1247.5,88.9258421840612,88.9396696484904,508.4959432907702,525.1779233704464,-189,-13.156978767838496,5.339051705230844,6.38743475451787,0.4974444811539929,0.5327,1.73721553812471,51.75235916981588,100.84585682063491,14.64337702807662,41.57566372815304,58.42433627184697,93.33932231742867,5.829216585037359,56.72287718251008,43.27712281748992,25.35,98.8,10.8,36.78977272727273,94.38889717952544,68.96306818181817,9.325228108969954,31.25,0.1420487911420759,0.109004438919356,2.239203572917476e-6,6.164683500595096e-7,0.1517594992625731,0.1358644893647475,GP
2304657,230465,12207,10350,4069,97.48311650160697,97.4917732220064,3450,94.61826104742987,94.58975013335744,465.9308022711727,519.827926993414,-619,-15.212582944212338,-2.8648554541771034,-2.938822184793279,0.3772440097654246,0.5769,0.1108947073046268,15.9614376548865,85.81762846235172,9.718878414618393,61.28709452922368,38.71290547077633,95.57877193514724,6.612735745855581,45.34454025070647,54.65545974929353,47.02,99.64,10.93,80.103995621237,89.60220273893196,19.64969896004379,27.1505065416627,6.849315068493151,0.103776583918803,0.1357640515885051,1.759823107504964e-6,1.361170772199566e-6,0.09065213430274394,0.1880749674330787,PP
2304707,230470,25744,25488,953.4814814814815,91.38792161065727,90.45217556982408,944,87.24239222514933,87.21405436770323,495.653248253678,542.3300876976625,-9.481481481481524,-0.9944064636420181,-4.145529385507942,-4.5361895887831505,0.3105600143596672,0.6808,49.31440356817482,9.189367076445755,76.45367462167438,12.32364159725017,50.81505152013523,49.18494847986481,90.08632849168777,12.77037750471299,49.65487489214841,50.34512510785159,24.07,98.36,14.56,64.06703725213639,74.7721048880219,5.749605907243009,18.79394429522086,12.46537396121884,0.08005044945499126,0.1031742446744423,5.773284144924812e-7,5.202437257476166e-7,0.06145713405538383,0.1079105282362579,PP
2304806,230480,5870,4064,2935,91.37909119730034,91.4641465075829,2032,86.1175831405586,85.94185803485911,507.6919578735303,582.79943351126,-903,-30.766609880749574,-5.2615080567417465,-5.757890550018066,0.5275176258124826,0.6499,4.296332627612875,25.78729909584547,100.4231299404099,15.78188284283855,67.30906343109469,32.69093656890532,98.55399184626333,25.04984780160515,53.90495867768595,46.09504132231405,36.17,98.49,20.58,45.8546571136131,93.82231404958678,41.65813715455476,32.42903353562736,0,0.261717633363758,0.06451081413296278,1.7394773194561e-6,9.291086296838727e-7,0.307483517236097,0.1057354387333614,PP
2304905,230490,3845,3500,1922.5,88.6594905471687,88.85895127122706,1750,84.25924037462295,83.8416673802211,583.7854671821867,653.2266975985582,-172.5,-8.972691807542263,-4.4002501725457535,-4.96308984564346,0.5453177227085918,0.6912,0.7501953426931731,18.633080586693062,84.46639409783576,8.67596553299857,30.82530725992016,69.17469274007985,96.74455353557778,30.10602803889288,70.28712962113568,29.71287037886433,49.76,98.75,9.72,2.767527675276753,75.2958444179433,46.1869618696187,8.495880091156412,0,0.2566753633726587,0.05989815924030592,7.109091573245297e-6,4.026106069341632e-6,0.2692753156666571,0.2010039354709586,PP
2304954,230495,7177,5171,2392.333333333333,95.3984142239389,95.4990302780318,1723.666666666667,93.65833175604004,93.3367504591319,516.66295582729,592.3307443326707,-668.6666666666661,-27.95039710185312,-1.7400824678988585,-1.8240161349162227,0.4624678101850369,0.6143,0.0760968076477401,0.008369679922546986,79.70113835060188,11.17978936492235,21.56938069438869,78.43061930561132,97.96416578913829,19.2287378968145,79.19786096256685,20.80213903743315,30.58,98.86,10.63,5.494018608772707,74.91155902920609,7.266282676118742,17.98565208499755,15.50387596899225,0.1360415989747196,0.01111645577213558,1.239434846026998e-5,2.652680462365476e-6,0.1764493860377324,0.08015628092226905,PP
2305001,230500,25436,21565,3633.714285714286,86.66855794040625,86.40346685890967,3080.714285714286,80.63496378164244,80.51818795647516,560.2144554797574,649.7305444376326,-553,-15.218587828274885,-6.033594158763805,-6.961687493303553,0.4395217344031218,0.6188,44.39326522850034,2.916333928270838,96.33151539581587,23.79325034669413,53.91934972820173,46.08065027179826,95.34965062708982,8.1905026870283,49.01362813304107,50.98637186695893,31.78,98.02,40,92.8513778392713,76.60583245973505,27.8565663553557,22.00847769575691,11.78451178451179,0.1682773833827217,0.03059356776633916,1.443319989669865e-5,1.156863708193363e-5,0.1375751651929003,0.01560339857013726,PP
2305209,230520,8029,4788,802.9,86.24351801944562,86.4112466086502,478.8,86.46786402339055,86.17514451090494,515.6776867206303,583.420854838681,-324.09999999999997,-40.36617262423714,0.22434600394493032,0.26013085863954,0.4026280824828233,0.5457,44.4422043977246,29.5078574387726,80.18209831338272,17.35594866119848,42.81532203594977,57.18467796405021,94.54770172594165,6.514280718964955,65.31115218730746,34.68884781269254,9.93,98.51,18.53,81.62246489859595,78.04850725368286,53.7597503900156,14.43508584726469,25.97402597402598,0.0993690962234701,0.06247665004286047,9.09281553450626e-7,4.56138720909386e-7,0.1805413603657886,0.1028665890456237,GP
2305233,230523,6725,5989,3362.5,62.78297722635405,61.94137614620085,2994.5,56.136012019055,55.8340258767385,644.875639401966,716.5224940528954,-368,-10.944237918215613,-6.646965207299047,-10.587209305692005,0.4982044846306829,0.6292,0.2882532833316981,0.01756237262182512,79.36392986119913,4.729471032467312,7.537358905799046,92.46264109420096,93.06975236811323,14.11079510131293,95.19753582429355,4.802464175706442,55.04,98.07,5.88,18.51119894598155,71.10486139011651,33.39920948616601,14.80411981613032,14.29933269780744,0.2407132073726715,0.04137195379163109,3.619634522928087e-5,2.721862560737477e-5,0.2434718872786192,0.04709646178791943,PP
2305266,230526,9992,7994,999.2,86.03444406401837,86.08700832964423,799.4,87.63362767319946,87.32831522254413,468.5338248399574,545.4331545337669,-199.80000000000007,-19.995996797437957,1.5991836091810825,1.8587713637007144,0.4536597675869607,0.5113,47.17280927443402,20.33343663269731,99.48249356705043,13.39806532941469,65.44578588041827,34.55421411958174,87.28093054431561,3.123902789263499,38.06294994140298,61.93705005859702,8.46,95.64,17.36,123.4655920644761,95.99866063954462,74.79851208927464,18.07401791337679,18.18181818181818,0.1559369106348518,0.05542094467256867,7.138799274985398e-7,3.697375075381034e-7,0.1664257541883785,0.09236722713154248,GP
2305308,230530,11363,10271,2840.75,90.0833090190988,89.32434187522776,2567.75,84.05582852186183,83.99334334624393,572.4701981213738,599.185633868035,-273,-9.610138167737393,-6.027480497236979,-6.6910069832793075,0.4030047441804763,0.6979,0.03081141707360486,7.944852274682364,71.64113541883651,30.05990974822248,54.83964961164376,45.16035038835624,95.55976637825795,18.48512045182709,45.46175353670242,54.53824646329758,64.3,95.59,28.75,51.57976352006203,78.2414555773484,35.66582671060283,10.61594914795863,5.208333333333333,0.1601822065731611,0.07037300461934948,2.021429783144983e-5,1.226073466445499e-5,0.09416932539200674,0.02354233134800169,PP
2305332,230533,6394,4643,1278.8,61.56812321046066,61.26645570549652,928.6,53.83542570621198,53.75370541868022,460.3687455429993,552.7816286505122,-350.19999999999993,-27.38504848295276,-7.732697504248684,-12.55957969973473,0.5598294043242285,0.62,147.4892651230855,28.99336820932129,99.87781715964111,11.19372240943317,49.29024071843283,50.70975928156715,83.46836903653256,15.72986967818078,53.90793678210554,46.09206321789446,24.74,99.33,15.96,221.9794344473008,99.49909318594007,19.28020565552699,0.1146674161886516,8.771929824561402,0.2330219176079511,0.07041596554488358,8.17289141586461e-7,8.457717180904056e-7,0.2012350525524783,0.06477132305824197,PP
2305357,230535,3866,1557,3866,69.9010173628116,68.0197820211852,1557,68.9427144739386,69.9341008461526,590.5061590462187,735.9639570002498,-2309,-59.72581479565442,-0.958302888873007,-1.370942691576387,0.5077143013465829,0.5711,11.46313978685343,2.909068590847824,86.9037547013874,34.44554137807192,68.52938213578761,31.4706178642124,91.46080900764879,14.97811249090487,56.02265811525677,43.97734188474323,15.05,93.32,13.82,38.64606627363285,72.36552595852254,8.192722097987396,22.02417317904927,19.90049751243781,0.1543822583930458,0.01891487595666583,1.254815670758764e-5,5.071797245815082e-6,0.08387029587217458,0.03216318787928042,PP
2305407,230540,29040,21855,1936,67.14523315078101,66.49920800179298,1457,54.57076225576915,54.41348993413693,624.0267495980939,660.599377788916,-479,-24.74173553719008,-12.574470895011864,-18.72727266695864,0.456269039488711,0.5568,0.0006902017677871247,3.319771209806567,83.28993586952394,12.33733196138315,53.39982898126038,46.60017101873963,97.38351046589163,35.80594828050626,51.27295959111963,48.72704040888037,44.39,98.19,15.99,0.3234241673548032,72.77431720172497,30.11285439031104,15.28997692201268,15.24390243902439,0.2720678249695742,0.04079685463804376,8.197244351980964e-6,5.517823155118389e-6,0.2395503943831371,0.05157189019661174,PP
2305506,230550,22650,20057,2059.090909090909,52.72391565556126,52.23206143032222,1823.363636363636,45.05349176228765,44.45381888929373,812.4696034268617,862.6168162643816,-235.72727272727298,-11.448123620309063,-7.6704238932736075,-14.548281928420353,0.5038322375901516,0.61,0.04868603497060758,0.09513950316163769,64.09828655749342,7.003358999396373,22.97695342100983,77.02304657899015,94.71480000861531,27.77863293620111,76.24992344282711,23.7500765571729,55.69,99.01,13.28,28.84721456150028,64.68774881081191,24.25997425997426,9.228489312918027,11.12061591103507,0.4299198511792362,0.01869782722737724,2.189879872803585e-5,1.701381350651852e-5,0.7147152248683695,0.04391281538902613,PP
2305605,230560,13055,10145,421.1290322580645,55.08783724898204,54.73961790542945,327.258064516129,48.78486293645103,48.8111934558392,551.5998311645683,602.42948016824,-93.87096774193549,-22.290310225967065,-6.302974312531013,-11.44168046395302,0.4150733315035903,0.5043,0.39411220776091,14.7082306399542,76.58173320745126,17.49724258551625,55.09424116050278,44.90575883949722,96.66999117559958,32.37359421312883,48.86363636363637,51.13636363636363,48.48,99.1,38.51,95.8963282937365,81.2978687978688,57.2354211663067,14.53242962044149,27.11864406779661,0.1113916483948346,0.1380854806922073,4.224422691280327e-7,2.675477851403538e-7,0.1387922318991009,0.1729772728399823,PP
2305654,230565,5168,3778,861.3333333333333,93.85611376530974,93.87678782035928,629.6666666666666,91.29623967249454,91.08403434454428,459.0478271852302,554.0833687563553,-231.66666666666663,-26.896284829721363,-2.559874092815207,-2.727445224523418,0.3376110334948029,0.4276,32.92725370646497,16.29505468391694,93.78234397994673,8.500185587391496,63.26688832961042,36.73311167038958,93.29457409896764,2.277036806613603,52.17015389936019,47.82984610063981,10.75,97.35,24.15,68.09929603556873,79.13712605913885,69.24786958132641,28.72073523360099,22.55639097744361,0.1012270508143035,0.01337611259397745,3.935730922520263e-7,3.747220422334264e-7,0.0860332389772855,0.01658738540693165,PP
2305704,230570,3620,3374,1810,58.00047351238945,57.72648976654975,1687,43.21667443815124,42.71898900549805,638.5603887514916,672.5689971507848,-123,-6.795580110497237,-14.78379907423821,-25.48910065549767,0.2757009768451564,0.4953,0.1749100560565803,7.188436860297455,88.61623238223186,13.9121416663588,40.75596628467753,59.24403371532249,99.2959329006001,16.61792313177139,55.01368499626773,44.98631500373227,49.38,99.64,18.2,63.55176424970919,76.97603052168864,34.08297789841023,12.50606083222288,25,0.3882029365426536,0.03911743604527875,3.602580802569465e-6,1.119455983419051e-6,0.4538192774795877,0.04856110821375111,PP
2305803,230580,14398,14342,2056.857142857143,90.54122486175943,90.31664296260655,2048.857142857143,86.4359448670272,86.04750072424716,599.6366824340258,648.3475094400708,-8,-0.38894290873732457,-4.1052799947322285,-4.534155574988378,0.5170780347237472,0.5493,0.1757404708165123,5.585677987463219,78.66690113149254,16.503185746,36.632762928731736,63.36723707126825,95.71679256512375,7.556842530914718,61.05645122010618,38.94354877989382,51.2,96.18,23.21,57.35616438356165,78.36929521211826,31.47945205479452,13.36641667136488,18.38235294117647,0.2166758195936171,0.07109740046796477,1.255833504099618e-5,6.669318980913475e-6,0.1866224408765079,0.03110374014608465,PP
2305902,230590,19162,15204,1277.466666666667,88.81006734593586,88.7130738683562,1013.6,86.11798839944804,86.090066685123,502.8895831451777,556.4660249026145,-263.8666666666669,-20.655463939046044,-2.6920789464878254,-3.031276776315856,0.2596051251873543,0.574,26.86259283228327,20.4425617935619,81.79262597907965,14.7142771148231,51.45689132236595,48.54310867763406,97.2721571806,21.05570154178438,50.60070671378092,49.39929328621908,20.99,99.37,11.12,3.412212127614621,77.86083174775754,41.92900908514684,24.44068077775021,8.849557522123893,0.1210161660528521,0.04173304346483695,3.102797062439596e-6,1.9856687438046e-6,0.09525830084433799,0.05584107290874986,PP
2306009,230600,3428,2406,489.7142857142857,68.71402350354018,68.35069782305763,343.7142857142857,65.52181158205626,65.20203708048429,651.1433628493731,741.0084235025171,-146,-29.81330221703617,-3.192211921483917,-4.645648382559716,0.5365912707237911,0.5693,10.60282439934215,35.52553790252946,75.08300879012921,13.52868031021111,29.25757059926528,70.74242940073474,96.52825711239869,22.36747190669842,79.75569683548825,20.24430316451175,49.22,97.57,24.27,221.4381720430108,72.14801057218374,41.93548387096774,18.17134138191005,14.81481481481481,0.2420763056489217,0.03149871338105292,2.107151009445412e-6,6.680275176690399e-7,0.3097796217513686,0.1241577055432073,PP
2306108,230610,8337,8303,595.5,64.5434447509075,64.76026105980486,593.0714285714287,68.49285280833881,68.56454904833114,512.4855087563009,549.7704541361929,-2.428571428571331,-0.4078205589540439,3.949408057431313,6.118991746835427,0.5375628441728934,0.5237,40.27978959796925,32.11559983494409,89.62282500616297,11.45987051065124,35.8167364643044,64.18326353569562,94.34596778927035,36.72755181625119,64.4401689740265,35.55983102597348,60.55,98.11,10.2,69.4901086653664,81.38776193065372,48.03566453050989,27.33748277233267,9.09090909090909,0.1411951042484999,0.07199867638107392,6.365687278887095e-7,5.625586316812948e-7,0.0960343024835684,0.06858364309642921,GP
2306207,230620,3274,2770,1637,54.925799019072,54.7761488832781,1385,53.90395517395599,54.20004003812095,581.6048581062121,605.9133526490472,-252,-15.394013439218082,-1.0218438451160097,-1.8604077926316422,0.4948679488931154,0.5938,0.7838830610889419,9.489938634973925,77.73474851940719,12.52949746174227,41.52731921334541,58.47268078665459,98.83490883288708,3.455867643404717,63.41625648529998,36.58374351470001,2.77,98.11,12.73,120.6480304955527,79.7924704004257,18.93265565438373,9.040532569033745,14.70588235294118,0.1516584280008382,0.1676385944424292,1.127464619940859e-5,2.554758709098389e-5,0.1093266562750346,0.2951549554706967,PP
2306256,230625,3603,2858,1801.5,76.57280111130754,77.0297149705456,1429,73.37537454557756,72.9279888159839,640.816536680612,893.295030866573,-372.5,-20.67721343325007,-3.197426565729984,-4.1756688005733915,0.4870095924552154,0.5916,NA,NA,68.38120497842402,1.412183016243165,1.03581100189006,98.96418899810993,93.09650790119736,8.211659248850042,90.85936941445628,9.140630585543718,48.78,97.89,0.72,12.40441801189465,52.43261600057196,3.738317757009345,28.93677856775132,10.20408163265306,0.2110413060451669,0.01127361356173042,1.080775498736636e-5,6.342455229575841e-6,0.1100545646295941,0.06811705797096954,PP
2306306,230630,15637,11403,3127.4,85.6520022500688,85.73414118234437,2280.6,86.55523320966424,86.49902786955013,553.1839592021698,617.3289534151952,-846.8000000000002,-27.076805013749443,0.9032309595954331,1.0545357211362885,0.400977428989552,0.5346,0.133193788144591,11.24086180896832,75.11254254638246,9.6194767174614,29.86684666333059,70.13315333666942,97.01809645489514,26.52381965646911,75.36843919675947,24.63156080324054,48.94,99.05,11.31,38.6000367444424,76.07084374730672,55.17178026823443,19.76373218489307,19.71326164874552,0.2271024692315461,0.05213461841880637,7.090974432427436e-6,2.957210740187345e-6,0.1908869476698088,0.05633317816571424,GP
2306405,230640,45386,44436,3025.733333333333,76.49029026015339,76.10876162097439,2962.4,75.46934616363072,75.21428712572545,611.2932365038101,686.3842659116752,-63.33333333333303,-2.0931564799717877,-1.020944096522669,-1.3347368575152558,0.4186952976239252,0.5858,12.20648060637148,9.554520913754013,75.84610269333302,9.131583721695375,42.41068521914509,57.58931478085494,91.2722854845469,34.59374256282211,58.4610923298815,41.53890767011851,53.32,97.81,6.2,94.61904761904762,67.78718111125525,52.38095238095239,13.70992413369221,12.71393643031785,0.1121660951944807,0.05815708783220348,4.273133656387036e-6,5.438888857697373e-6,0.08568274942734173,0.05500516224463675,PP
2306504,230650,8129,6373,1625.8,85.92342311557933,86.13519628286272,1274.6,91.14305962034598,91.06817590149112,506.2150948200439,527.0112707567056,-351.20000000000005,-21.601673022511996,5.219636504766655,6.074753909356585,0.357589450621949,0.5391,3.398951157773264,7.930445085625772,84.69677727731064,12.12551228502715,52.66046906807668,47.33953093192331,96.55839804209123,15.27978598727149,51.70441803094864,48.29558196905136,9.86,79.52,12.18,85.22537562604342,83.6678627494954,25.87646076794658,22.48393089373419,27.47252747252747,0.1263570872775386,0.04592798703954192,1.189575844866088e-6,6.516707879702509e-7,0.1309428941537419,0.05132778952019499,GP
2306553,230655,18718,16498,3119.666666666667,74.6492576346329,76.2999230107212,2749.666666666667,72.13674904802033,71.74464221594718,504.3822049529766,606.908983713024,-370,-11.860241478790467,-2.5125085866125687,-3.3657516045369364,0.5700573092345707,0.6307,0.02274385106434555,1.091733396415977,84.20708438135183,13.76006061970202,57.47004650283179,42.5299534971682,87.94349212772549,12.50313011314056,35.72877089112142,64.27122910887859,11.76,98.61,10.73,40.21631276046835,78.04246987249715,11.6888271482437,9.701536291973149,15.82278481012658,0.08973565923925533,0.01871689568645182,8.647168104715736e-6,1.113855391866422e-5,0.0883014046340583,0.01505261305876518,PP
2306603,230660,7075,5808,1179.166666666667,83.32968470640076,83.28951162972896,968,79.97501430225024,79.873307147934,458.8523164939037,547.0815651954763,-211.16666666666697,-17.908127208480586,-3.354670404150511,-4.025780747845348,0.5062249538129829,0.528,0.8119058796129066,22.95588795567228,103.5887379132781,29.41703570178621,49.24499227170166,50.75500772829832,85.53358803496118,6.626803172728921,49.35853491332876,50.64146508667123,30.31,98.98,11.72,100.667361835245,92.84105376554696,52.11678832116788,14.83670257504656,20.24291497975709,0.1187882224606564,0.08166617269499866,5.70678091821134e-7,4.004415223859297e-7,0.08150408902452999,0.1111334424887227,PP
2306702,230670,7485,5625,499,38.81202896780161,38.87453499000108,375,44.63099804215821,44.02325300737211,519.2164371953237,605.2164702238597,-124,-24.849699398797593,5.818969074356602,14.992694865769602,0.5651003220734258,0.6977,89.20995541455642,34.17570754990385,91.72120415732738,24.80260587688933,51.64839843612777,48.35160156387222,94.40523276365992,7.780763281804885,51.78841017303449,48.21158982696551,20.83,99.29,32.87,164.1387419165197,88.82243641853444,49.3533215755438,9.018936664217325,0,0.2748232085305118,0.1059844727065671,9.988548764051664e-7,4.535344277218288e-7,0.2783671678530801,0.1186959718575812,GP
2306801,230680,3094,2904,618.8,25.84704278629142,26.0015474915744,580.8,35.56364873974506,34.76641751450844,581.9675084077909,1095.136559875373,-38,-6.140917905623788,9.71660595345364,37.59271818363325,0.4532893190374981,0.6403,10.69575061131612,13.80974952808703,84.52714706762936,38.89197188175917,31.39611151796892,68.60388848203107,79.88650829290941,55.16776324404094,57.24378205748572,42.75621794251428,80.3,99.71,21.39,71.139896373057,77.71218426400853,27.09844559585492,12.23209585987023,16.39344262295082,0.2130045011335284,0.05232001203608155,1.96903740089735e-6,2.364672653560922e-6,0.2580315040945498,0.07524563580595012,GP
2306900,230690,6282,4847,698,53.44445181362612,52.95150576451164,538.5555555555555,46.22611642442727,46.12263892869734,621.5371153214253,768.4665630878204,-159.44444444444446,-22.843043616682586,-7.218335389198849,-13.50623899066446,0.4251566550997814,0.6385,0.3578228743619604,14.68769288856799,66.52078406421835,11.97713519238385,32.51326287200245,67.48673712799756,93.7854774425742,53.88544520806889,69.0192239231043,30.98077607689569,75.03,98.65,17.48,14.86694947936753,65.89830307345437,45.96991901272657,14.42066445563105,19.07356948228883,0.2549255727648078,0.07620328597022313,3.670449993322547e-6,1.870234770749172e-6,0.292895020043418,0.1000943739560628,PP
2307007,230700,6644,3737,949.1428571428571,64.91745160400247,64.01521681840727,533.8571428571429,57.47723720205953,57.48062597845662,562.2713018833392,634.9841304141295,-415.2857142857142,-43.753762793497884,-7.440214401942939,-11.461038931916752,0.5327170719829045,0.6061,23.11897254826223,6.508971521615425,82.4490171904924,21.35739791941806,40.63505626293036,59.36494373706962,94.63642414879375,13.70672568962354,60.88095989895801,39.119040101042,18.27,96.46,17.34,51.78750417641162,88.35175244711083,19.64584029401938,12.27368872995303,9.868421052631579,0.1786357920661126,0.2677351192871545,1.582913480349507e-5,1.526014718387414e-5,0.1751519579290124,0.1514998048025326,PP
2307106,230710,18885,17172,3147.5,73.81990712612253,73.77336533573292,2862,75.76785647191727,75.45030067776275,529.7661090193691,594.5623623969495,-285.5,-9.070691024622716,1.9479493457947399,2.6387859611725553,0.3052764027866477,0.5229,55.56946424297053,14.0603890655058,89.46419830252192,17.39757994142997,65.95197813279457,34.04802186720546,91.57142878381815,38.08051356839669,37.14014667785602,62.85985332214398,47.64,96.41,23.85,80.01368925393567,82.83285292078666,21.08145106091718,22.45418197518128,22.72727272727273,0.2924981230569897,0.03781630042961702,2.474383538310743e-6,1.399832376189849e-6,0.2672139944957453,0.02414520069944933,GP
2307205,230720,3307,3155,826.75,61.3174161195959,60.3091594981212,788.75,60.6707703558353,60.51301006272565,597.0126502294308,648.9048988711751,-38,-4.596310855760509,-0.6466457637605956,-1.0545874315697719,0.4267310363246077,0.5429,7.040918786487805,19.56603312260542,80.7617924091056,16.07457776536532,42.33144763531983,57.66855236468018,94.75879018546425,19.43810904672612,62.32475146571501,37.67524853428499,58.81,98.96,14.28,5.278174037089872,77.27504460871782,45.36376604850214,62.26342456970548,0,0.1692464777020479,0.02671052604827406,1.232523037307961e-6,1.166624096019331e-6,0.203387826017736,0.08218485611096227,PP
2307254,230725,6722,5979,6722,69.8227448324389,69.4065259362673,5979,58.4508918518412,58.2433163845676,695.7686640241114,855.0381879531959,-743,-11.053257958940792,-11.371852980597701,-16.286745827434817,0.5123522082751621,0.6963,0.006519629742945048,0.01290331646862753,73.90786550117818,4.158092817719028,66.84554751781855,33.15445248218148,86.55339825111129,14.44355855504132,52.13567839195979,47.8643216080402,36.06,94.68,1.8,0.5951339051286539,57.69864949748744,0.3500787677227376,0.2704140721230342,7.633587786259541,0.05910487482165556,0.07469079844529306,8.270504227539217e-6,4.263491282899072e-6,0.03256067638543681,0.0584024830405454,PP
2307304,230730,7067,5874,3533.5,56.67683909364315,56.77804547323975,2937,49.6867918132176,49.5934925802446,892.0114525833701,915.3405741626412,-596.5,-16.881279184944106,-6.99004728042555,-12.33316358535166,0.4462896043128157,0.6118,2.164170873308024,1.141777908444311,70.149001274357,0.9040146304762391,5.731200241682416,94.26879975831758,95.97889019939507,45.93584030347223,96.68369589294441,3.316304107055585,74.31,98.89,0.71,21.26856279889252,61.38291850231881,18.80191291215706,16.61972495945048,14.30930104567969,0.3674467536396996,0.01997669174752993,4.127072612127508e-5,3.666148805859162e-5,0.4460356680353291,0.0356229828833585,PP
2307403,230740,9731,7900,973.1,81.86957622185055,80.91119785065158,790,70.22639716012314,69.51426319405395,559.843829778207,696.8321509499452,-183.10000000000002,-18.816154557599425,-11.643179061727409,-14.221618822328663,0.3694876786708965,0.6342,11.16515208720714,11.82417284160149,69.00662206670815,10.23695659971286,40.56485785487526,59.43514214512475,97.64685602852249,27.48915052672142,61.93707846340748,38.06292153659252,63.92,99.1,18.34,1.648599819331527,75.75719492270956,41.91508581752485,5.38698192172513,6.734006734006734,0.2170242301380003,0.02176870887463022,4.276766015760794e-6,2.962535670169662e-6,0.3678505969344513,0.02835568721989463,PP
2307502,230750,16064,13521,1460.363636363636,63.79770886218057,64.38022360489424,1229.181818181818,52.51272961096104,52.22101890358389,556.2902151174516,606.3314669681855,-231.18181818181802,-15.830428286852582,-11.284979251219532,-17.688690475700287,0.3894824199289129,0.5003,24.40702452675263,6.403572151566011,84.01547456519339,13.0399362921472,41.68988918934447,58.31011081065552,94.18535878087256,28.36754542398054,61.18889069351957,38.81110930648043,43.07,98.5,27.27,26.06968766925438,77.90482377781387,24.80592164650659,14.52567081825335,6.968641114982578,0.2933300193532369,0.02574572182046727,5.513794350124961e-6,2.484237404958776e-6,0.2660009320963874,0.07502249365626186,PP
2307601,230760,7876,4853,1969,51.79663783290725,51.34660125896932,1213.25,46.81316774730255,45.96856917640703,790.7022570207624,881.7439189109209,-755.75,-38.382427628237686,-4.983470085604701,-9.62122310270614,0.4563390458102858,0.5016,0.4411214007161144,4.363845713732357,53.9522051258732,29.28858749874041,42.23333351104488,57.7666664889551,96.32767161494692,21.77726573642116,73.04434060577537,26.95565939422463,59.06,98.74,26.26,108.177063400944,55.24758799206643,21.58438576349024,9.069561368747584,31.51862464183381,0.2894876462912438,0.0758471633576529,4.461799725486367e-5,5.94299748424404e-5,0.4494771939245473,0.1376750196695816,PP
2307635,230763,8943,6641,894.3,70.34476116149067,70.09243562271881,664.1,67.779799005693,67.61022526354398,539.6152509187743,584.8481536684939,-230.19999999999993,-25.740802862574075,-2.564962155797673,-3.646273174358048,0.4191662588378591,0.6353,0.6395915164425815,18.75980029730991,73.85072272202339,20.33749770448788,50.7159404449579,49.28405955504211,79.58288913602456,11.80123534500071,59.70724191063174,40.29275808936826,31.04,99.14,12.78,120.8798646362098,82.47599857769349,62.53807106598985,12.89525978154965,22.47191011235955,0.1483413212324345,0.05243084248686104,6.178838019810156e-7,4.605245958459111e-7,0.1418403757730123,0.03507890703814587,PP
2307650,230765,7870,7577,2623.333333333333,65.58063543004293,64.79731131053167,2525.666666666667,57.28081814386883,57.1543596861688,772.1097545203038,855.886146277915,-97.66666666666606,-3.7229987293519464,-8.299817286174104,-12.65589641172019,0.4829357516211704,0.5541,Inf,NA,66.0150786338916,0.3779977870185161,2.099695160831794,97.9003048391682,97.59915834845619,68.01715053995967,98.49697217990244,1.503027820097556,80.71000000000001,98.8,0.21,27.26671078755791,55.94447076094517,0,11.02060630640337,10.93493712411153,0.1424392825587945,0.02692132757706866,9.538803418758269e-5,1.039338767297498e-4,0.1228172622227949,0.09590218531084357,PP
2307700,230770,23719,14687,4743.8,94.0439995541735,94.28137117023212,2937.4,91.9925913228747,91.82995334019714,637.1446174712335,714.3788023974548,-1806.4,-38.079177031072135,-2.051408231298794,-2.1813281453614617,0.5841490705748742,0.6237,0.06312721794291738,0.02558582027875862,57.17289837639765,5.328584074817383,23.8005918889232,76.19940811107682,95.16767187863984,32.86397500812256,84.03932065191508,15.96067934808493,59.03,98.36,4.55,43.67050272562084,68.08626158520903,6.384009691096305,9.395138096141732,10.09251471825063,0.2937787279989268,0.01749054424977718,1.560044793177342e-5,5.780460295394129e-6,0.2511567415212868,0.09891645445848583,PP
2307809,230780,7812,6841,1302,90.6637228681501,90.36920177602438,1140.166666666667,85.11704056124455,84.88212978676954,607.8816094046119,630.120937284309,-161.83333333333303,-12.4295954941116,-5.546682306905552,-6.117862946100226,0.6017516693258784,0.5829,21.81693665935645,24.13755630194091,96.51533982780846,5.129405311607135,37.65178628412558,62.34821371587444,86.09530738302045,8.497895790206007,64.9747376603187,35.0252623396813,29.22,98.69,7.34,108.7407407407407,94.61329187718617,19.52592592592593,12.22495236060561,11.32075471698113,0.1473980110505048,0.08478552160521505,2.189865908755819e-6,2.410078340017884e-6,0.1167143293549457,0.04869874892074824,PP
2307908,230790,1251,1033,625.5,95.78063224453635,95.00971291339539,516.5,91.4972259182306,91.42429158991955,482.4556416281257,543.5395617679164,-109,-17.42605915267786,-4.283406326305752,-4.472100701287751,0.3734206201571438,0.5505,0.9770050452505334,0.2434077050400356,84.62876849460272,6.237359694662183,22.18726795709248,77.81273204290751,96.57569527798852,4.314291588001129,73.95794909627443,26.04205090372556,5.11,99.59,8.06,14.58015267175572,85.97381040206565,1.526717557251908,6.008336270568694,5.263157894736842,0.08347029087859197,0.1638616248728584,6.42211928793314e-7,6.623651597614335e-7,0.07596729581719006,0.07875832399966283,PP
2308005,230800,9748,9536,1949.6,89.21194971987543,89.24525292920517,1907.2,87.2233880748911,86.9879743870936,551.2424411371527,591.9204977875629,-42.399999999999864,-2.1748050882232186,-1.9885616449843297,-2.2290305852841374,0.52475860011211,0.5526,13.20607280185932,16.58514526176745,82.27024855521636,9.215604018899755,31.86629047381909,68.13370952618091,95.76114440807872,38.49337800321179,68.29268292682927,31.70731707317073,38.88,98.85,7.56,88.39863065804488,77.27646699753178,38.58881704069989,28.25511176477413,13.61867704280156,0.1364339312897971,0.06658606722542039,2.162694433669079e-6,2.281336601995238e-6,0.1351710043234671,0.1179406406197915,PP
2308104,230810,24293,19039,1868.692307692308,62.38611948992357,61.95066059866952,1464.538461538461,55.84324289497425,55.1926255784306,504.8471487236493,584.2802558615915,-404.1538461538471,-21.627629358251394,-6.54287659494932,-10.487712087952685,0.361067168695206,0.5465,1.87705159659545,3.929560689506661,91.59686112136863,22.83850920634831,47.4620774255919,52.53792257440809,92.7035401699227,19.26817130544932,54.22168515873887,45.77831484126113,26.44,98,26.14,0.7735661399049618,76.75711303965726,36.4349651895237,21.31158039596798,19.54887218045113,0.3057641857071375,0.03910667915085628,7.5732382399698e-6,8.19831435446588e-6,0.4109185663444564,0.05935490402753259,PP
2308203,230820,7991,8334,3995.5,99.00298986266175,98.93818409593226,4167,97.7796230519213,97.7161896615336,613.4784100930249,703.7414476278153,171.5,4.292328869978726,-1.223366810740444,-1.2356867327315213,0.3870313749973273,0.676,0.5695045509458538,0.2892643475964694,82.96720665383388,12.12130365260654,45.2906525722213,54.7093474277787,93.63010745516067,9.779380104767831,52.37749306564522,47.62250693435477,37.07,99.84,7.01,9.836497890295359,80.88099326376965,16.95675105485232,23.43936736809374,5.747126436781609,0.1081006462802114,0.03343113863857602,4.07897918111504e-6,1.769667161346943e-6,0.03835720457570734,0.01346992133929522,PG
2308302,230830,16528,13693,2361.142857142857,68.19329995898995,67.77047236594471,1956.142857142857,61.45224294337193,61.03784095456132,579.1181000120525,641.967970481724,-404.9999999999998,-17.152710551790893,-6.741057015618026,-9.885218957979681,0.4323625457848569,0.5292,70.40889404651308,14.67209539728495,83.97182364614989,12.51364536966107,52.07986473593841,47.92013526406157,95.08009491612277,12.87512239279393,52.8445543789132,47.15544562108681,65.7,99.39,12.98,40.99057475512844,85.26706346138981,54.94363333949362,27.28715063078727,8.4985835694051,0.2570234500356685,0.01606221746789901,3.808096215623399e-6,5.464995966570313e-6,0.3464654209663131,0.01445971347261818,PP
2308351,230835,6513,5780,1302.6,46.2800379012054,45.42544591893594,1156,49.68571944366638,49.23708685514768,560.7076086151012,663.3162037545542,-146.5999999999999,-11.254414248426219,3.4056815424609823,7.358856424731404,0.457516380276125,0.6149,0.2389165963707726,24.65330075071074,87.19019020338823,23.86856160240021,54.3125466520716,45.6874533479284,96.85756335899228,22.22800358479471,49.27628778203491,50.72371221796509,44.7,100,42.88,8.281998631074607,75.02483326238115,70.4312114989733,31.56239433022614,0,0.3728296182413082,0.06861272607856511,1.227085506555854e-6,1.028328856835508e-6,0.6870107514696135,0.0425912747067955,GP
2308377,230837,4089,4236,681.5,65.74108450538607,66.65597186199025,706,70.93472449034513,70.75666965296624,466.5479168492946,493.6442136105471,24.5,3.59501100513573,5.193639984959063,7.900143455244575,0.3498917436555233,0.6857,0.2994341825604251,16.71347148960391,85.69841333227495,20.36152533882423,46.46587157548915,53.53412842451083,96.89847138035583,20.66981174760864,57.91402396053559,42.08597603946441,26.53,97.34,12.94,75.56373676944317,74.96828752642706,55.91348366313852,4.817637308011729,0,0.1310534859056183,0.07670090156052069,5.584205651970664e-7,4.136500521506562e-7,0.1096323434574444,0.06862806659153706,GG
2308401,230840,21808,21867,3115.428571428572,79.81506881006986,79.65347940309663,3123.857142857143,73.51618066785774,73.29002857991397,661.6850970322314,598.8571358515078,8.428571428571104,0.27054292002933655,-6.298888142212121,-7.891853300535427,0.3770243699625904,0.5622,24.82991169303711,11.00394752487719,89.62226303752564,22.28064291559283,54.71152268431796,45.28847731568204,94.1756489002947,10.73099171350425,44.65489130434783,55.34510869565218,28.13,97.53,40.04,71.10001161575096,81.64945652173913,30.41003600882797,22.03318931760331,5.309734513274337,0.2710694975697883,0.02913912342801315,1.226355774733695e-5,2.378233851031816e-5,0.2524825455540313,0.02960357846621017,PG
2308500,230850,22165,14972,1108.25,82.13234205547346,81.36553727607688,748.6,75.76042427925331,75.49702506279516,542.5547350672273,600.6834346789182,-359.65,-32.45206406496729,-6.371917776220144,-7.758110406636708,0.3449141453278041,0.5328,0.01734961618519877,8.092136297770185,81.94672734296608,15.94319614837821,55.87094062911019,44.12905937088978,87.72092444542993,28.85859123029459,54.60959049437726,45.39040950562275,59.17,98.29,17.72,71.60045638419251,80.08964566093783,55.06690177367493,19.68924811863762,16.27906976744186,0.1550447268652385,0.06580899551933606,1.814082461018256e-6,4.160825564760452e-7,0.1535696364916538,0.02345292122696711,PP
2308609,230860,8000,6332,800,63.08942530889597,62.60621088904576,633.2,55.75366818890191,55.8085066227934,521.8117837035445,582.4669840674512,-166.79999999999995,-20.849999999999994,-7.3357571199940566,-11.627554196407734,0.2744360672415918,0.5716,6.079429217819657,19.06144835553413,90.77852193988991,9.864827888362973,44.00667900650528,55.99332099349472,93.68111328273427,6.401358289896352,53.80802425938885,46.19197574061115,61.67,99.45,13.24,9.072696050372066,86.79146256123164,49.7424155695478,30.32486930103553,15.87301587301587,0.1341520338452503,0.05919883456009597,4.392433488703661e-7,3.853584311853011e-7,0.1186745384834128,0.07692190652294564,PP
2308708,230870,13258,8481,828.625,64.86157288274306,64.3820929065633,530.0625,60.46933645907797,60.40206166890578,573.7603054607956,663.5212558812572,-298.5625,-36.03107557701011,-4.392236423665089,-6.771708160092552,0.5139218176100566,0.6347,0.2996139752499443,13.08692466674589,86.96532379616892,17.99793418312579,43.01426010342438,56.98573989657564,96.29110985219386,9.646169402427434,63.34815828486715,36.65184171513285,28.1,98.1,17.81,7.459264717923523,72.30340648062167,25.65299271268321,16.23681017045107,11.66180758017493,0.2106771474311807,0.05778752088774448,5.18944757742807e-6,2.946675339035622e-6,0.3419538340484118,0.1109151686009884,PP
2308807,230880,6022,5389,1204.4,90.12224404720875,89.07782863349055,1077.8,86.1751368892334,86.20281557917818,465.8393928617566,634.6964090020168,-126.60000000000014,-10.511457987379618,-3.9471071579753527,-4.379725782136249,0.3855064420435354,0.5816,0.5908153542703298,0.1608654660854228,85.14991273975286,12.40735944953062,55.2040918367333,44.7959081632667,93.20248792459856,7.454914960600224,55.19748000969227,44.80251999030773,47.12,97.35,18.74,34.8,78.82238914465714,2,26.72127476193491,17.5438596491228,0.1229580371115529,0.1156994873327456,5.41843033005607e-7,4.581627432429168e-7,0.0817280219614474,0.07282462434046764,PP
2308906,230890,10055,9302,2513.75,82.2387960404147,81.78518806873545,2325.5,82.8089563999358,82.80210583778745,456.8959198013442,565.6310056994,-188.25,-7.488811536548981,0.5701603595210969,0.693298524507706,0.4732688310548401,0.6325,0.182984293344148,21.03777278052152,72.90023484754171,6.584640418299968,53.53471579138304,46.46528420861695,90.63610314053444,23.29498069740454,51.2405419672708,48.75945803272919,31.99,98.84,7.78,1.677365914267964,67.32799577687841,21.51584178919031,27.55499587917381,15.15151515151515,0.1478879268613634,0.0913673562350611,1.12526817400326e-6,1.192954522278651e-6,0.1221916646006009,0.06048227817136734,GP
2309003,230900,4373,2828,2186.5,98.65330427455126,98.36065822909049,1414,93.05169253553655,92.7689507983791,580.5284318425381,616.6842850444951,-772.5,-35.33043677109536,-5.601611739014714,-5.678078175086239,0.2575529277991075,0.6492,0.09924188359869021,13.8050761514059,72.86709986487399,8.27702424605066,35.93263820370367,64.06736179629632,92.25427745407242,18.14036921704916,65.67371733879821,34.32628266120179,39.93,95.71,8.73,83.41346153846155,72.18766010393031,35.77724358974359,21.85883106874698,5.376344086021506,0.1829847640008078,0.06963374152757591,1.980940325383575e-6,1.433383461216144e-6,0.1755393429614377,0.1454381969686276,PP
2309102,230910,3486,2505,3486,97.8391163088661,97.8461843563743,2505,98.4794302626372,98.4747595767467,532.696708147319,608.5964788025236,-981,-28.141135972461274,0.6403139537710985,0.6544559864479007,0.4059345310074262,0.5551,0.03885861556956993,0.05338263882950605,78.57593237872838,43.91579709765215,63.3475393574178,36.65246064258219,88.19672701656773,30.01871829797938,63.48410295230885,36.51589704769114,60.35,84.22,26.04,8.635863586358635,87.22558667676003,12.65126512651265,6.969761859441074,8.620689655172413,0.06664771237261698,0.007960056426091301,8.473905557728303e-6,1.403953836716886e-6,0.06711844621075123,0.04737772673700087,GP
2309201,230920,4897,3702,1632.333333333333,84.3320186073402,84.18531363746884,1234,77.12777720750954,77.05200241646193,561.0531412459688,580.8176933448705,-398.33333333333303,-24.402695527874194,-7.204241399830664,-8.542711912748656,0.4700168906395515,0.6256,0.3087299972968601,32.22779782141167,95.15933762909646,9.8619447087900909,32.01187803968625,67.98812196031373,92.15862760121497,44.01803324537771,68.84990253411306,31.15009746588694,66.9,99.52,11,7.733812949640289,91.35802469135803,43.83992805755395,7.669319302998757,8.849557522123893,0.1809656422437899,0.01724347518490637,1.264189761766623e-6,1.348826927505169e-6,0.3809846025058604,0.05423024071705039,PP
2309300,230930,7600,6617,950,84.58812021344852,84.8030944967665,827.125,84.4113773421821,84.14087524873287,611.5158616010034,680.5913805977176,-122.875,-12.93421052631579,-0.17674287126641275,-0.20894526420544893,0.2708964404483505,0.6436,0.4514530695535156,22.92638596509075,76.30830216583729,4.959819642523421,25.03265126619268,74.9673487338073,96.6603832735744,20.87363973580876,76.6273638828102,23.3726361171898,52.14,99.8,5.19,2.981778023191607,67.8609922592024,51.02153506350083,6.837418539139469,8.875739644970414,0.1400764144343511,0.06692494724549419,1.493343118344736e-6,6.602960019852625e-7,0.1227023768663101,0.07595609898138352,PP
2309409,230940,12308,9872,1367.555555555556,71.35271193028439,71.91695132809987,1096.888888888889,68.79581282782495,68.77248317957118,484.9532771283623,579.2256266361899,-270.6666666666672,-19.792005199870033,-2.5568991024594396,-3.5834645009115755,0.2776716582990343,0.4995,0.1321120377138379,16.8591316677275,78.5257082489946,8.983146762068726,48.15113821810063,51.84886178189936,95.59856639870594,26.45429073187524,54.47148565201599,45.52851434798401,49.12,99.56,16.39,1.26078301260783,80.01089720305121,60.35169210351692,11.92827899539408,9.615384615384617,0.1633564053851246,0.04485774396971558,9.258780891328018e-7,6.856917118243799e-7,0.1503984162266156,0.05161334765228402,PP
2309458,230945,12116,8205,1730.857142857143,63.98332238843213,63.27881823335615,1172.142857142857,65.48903011291456,64.67437972507676,486.0031176466315,570.5272377555422,-558.7142857142858,-32.27963024100364,1.5057077244824342,2.353281555686547,0.4867795082286668,0.4796,0.0400484828642434,22.78056063832153,82.5213088905806,10.386278365286021,68.09909964048167,31.90090035951833,97.17510466456939,11.57485884649694,42.22503677071417,57.77496322928584,7.390000000000001,96.47,18.32,63.38162930563149,81.09985291714332,58.25587752870421,3.027490266632871,40.81632653061224,0.1092103110240925,0.02028055362456655,7.838047760450792e-7,6.402748976745457e-7,0.1332518968119837,0.01365389454999454,GP
2309508,230950,5012,3822,835.3333333333334,60.5780290268406,60.25215957915008,637,53.21886510676956,52.11608820339406,530.5066625425222,605.3349284228824,-198.33333333333337,-23.743016759776538,-7.35916392007104,-12.148239284593396,0.3949233624206513,0.6047,0.06876398016677282,13.4686474538577,89.34027012232431,18.66845308490262,25.30281000621057,74.69718999378944,97.9743322516408,37.67345379213432,75.41325466659885,24.58674533340115,49.7,98.65,16.18,69.68379446640316,84.6396419307258,52.21343873517787,6.553000268211158,13.51351351351351,0.3259806467040955,0.05717587219272759,3.823673408841308e-6,2.014563204212699e-6,0.3062325580186956,0.06244177780625019,PP
2309607,230960,10030,4478,5015,57.27698765569145,57.04653124472175,2239,61.37756200877355,61.2314232930566,693.0528730670242,713.9904201487682,-2776,-55.353938185443674,4.100574353082102,7.159200441426567,0.4731702938377449,0.6231,0.03421597065339809,0.04608847623015968,60.49836107931171,4.369789136733935,18.07367260768679,81.92632739231321,94.04388421463103,7.080160213388763,89.6850560135278,10.3149439864722,23.79,97.7,3.89,12.38726790450928,57.40858169520185,37.71883289124668,20.53351426183943,11.24859392575928,0.258343746751879,0.008807143024992942,5.234954248264313e-6,5.444854050630509e-6,0.2020989762552725,0.01599372142371054,GP
2309706,230970,2974,2656,2974,82.3395940817622,82.26964745615,2656,79.7918114616821,79.4684853302286,663.2770596641643,794.0035695142514,-318,-10.692669804976463,-2.547782620080099,-3.0942375275134126,0.4845680319088495,0.5909,Inf,NA,59.46127189156018,2.081550425678832,13.87128314416335,86.12871685583666,96.24479903743338,76.3881298187269,97.35173950724278,2.648260492757212,76.22,97.86,2.6,77.03213610586012,55.31880648755726,0,16.06871934891132,17.15919923736892,0.1663290542170076,0.02794832635286655,1.986826213054279e-5,1.284649456302963e-5,0.1694203109792718,0.05128241991163934,PP
2309805,230980,4928,4751,4928,99.5890895109663,99.5949278683293,4751,99.4221124903838,99.4081004327125,566.0638109250198,620.4451160666963,-177,-3.591720779220779,-0.1669770205825074,-0.16766597767129968,0.4937151929962803,0.632,0.06058293244835792,0.2075482839343177,79.99968459429334,43.47543467593726,58.59965143787833,41.40034856212168,84.23926986134839,45.12950672318927,41.35365307037203,58.64634692962797,44.71,97.78,31.8,3.640040444893832,81.85567010309278,5.561172901921132,11.298963217177,8.130081300813009,0.3030048863824338,0.03551026238515145,9.141118468897921e-6,1.585798361385637e-6,0.08002300927399042,0.02148845576637767,PP
2309904,230990,3380,3452,3380,77.8432070052162,77.838093626554,3452,70.4767970273082,69.7519282682744,542.567990581586,606.2861744593523,72,2.130177514792899,-7.366409977908006,-9.463137839907327,0.3818726976048204,0.6114,61.90650580282352,14.3158242577699,83.73250222707637,8.952416482448532,39.60041502165902,60.39958497834096,97.60790101693927,39.38227836975964,64.97001134705786,35.02998865294213,37.11,97.14,7.45,148.1218274111675,82.6065812935646,34.92385786802031,23.10394791087375,0,0.2309230875872672,0.2229797005317778,3.223912963625024e-6,1.70493208092259e-6,0.1961523188984991,0.103586056047522,PG
2310001,231000,4066,3402,1016.5,56.40636917938935,54.52783884971257,850.5,50.70134878785088,50.7730514884834,539.264103126006,635.4939353157667,-166,-16.33054599114609,-5.7050203915384685,-10.114142205102361,0.5623302936950931,0.5344,0.09597169050317933,23.63635173234949,87.49935874070378,22.94644684462341,49.04222454646362,50.95777545353638,89.25065610846818,16.08584533633206,63.22380391737129,36.7761960826287,46.22,97.24,19.08,130.2654867256637,81.93299796639195,47.1976401179941,0.07349930704858905,20.40816326530612,0.07106198202349998,0.1309602471873673,6.66417393770499e-7,6.63746881231268e-7,0.07947946920412509,0.0924543603796322,PP
2310100,231010,4191,2721,4191,97.2453322654572,97.4267940243603,2721,95.4472568119766,95.5109330452723,597.5979558224668,574.8369220451334,-1470,-35.07516105941303,-1.7980754534805925,-1.8490095221971825,0.4964211567453987,0.5939,0.001862652950817553,0.05126047442643543,70.98728320347212,32.54752413685659,54.74054685876109,45.25945314123891,93.58215135223155,16.25679953475271,46.79499706859488,53.20500293140512,31.26,99.19,25.19,0.2572898799313894,87.60015634160641,38.63636363636363,49.23547461720723,24.39024390243902,0.2443157503745561,0.01035996075548932,3.88022516635831e-6,1.45498213375279e-6,0.2473526909491214,0.03035692116193763,PP
2310209,231020,10720,6481,5360,84.25882381626721,84.3554949550516,3240.5,83.431738058268,83.0321267084905,666.4244788221777,795.4403273901457,-2119.5,-39.542910447761194,-0.8270857579992139,-0.9816013570314457,0.5021461935424635,0.5829,0,0.0931835469204478,84.56260528238991,12.11801316115448,34.97865937683603,65.02134062316397,93.07160220649527,31.79131973127878,70.6051503247837,29.39484967521631,36.91,97.2,9.52,2.896503002472624,71.21363834758274,9.201695513952666,15.12175321931361,16.66666666666667,0.1480929764895124,0.00871510177851242,4.802164483561553e-6,2.658338561006805e-6,0.1234089643760974,0.01225202166902613,PP
2310258,231025,13881,8542,6940.5,68.5354736809026,68.0548290640189,4271,62.8895587314888,63.02453276394731,590.6532737105788,703.6452947279932,-2669.5,-38.46264678337295,-5.6459149494138,-8.237945469963293,0.4429622172579174,0.5652,5.774259700856659E-05,3.421732276031227,81.34793658205886,16.01437997435333,55.0959030736775,44.90409692632249,96.67683645818713,29.11608920363572,59.7623565274192,40.2376434725808,45.43,98.56,25.54,15.20223152022315,73.33354070111045,13.54602510460251,9.022699866016053,11.1358574610245,0.2351702730102209,0.01654141448961823,3.594915132878624e-5,4.146979925337212e-5,0.1132122592737573,0.01362027476335183,PP
2310308,231030,16675,13228,667,67.505122295913,67.68489583725619,529.12,66.50155289859599,66.49532974463327,437.4863405046803,554.1064496801288,-137.88,-20.671664167916042,-1.0035693973170083,-1.4866566612794183,0.4678032655889795,0.4741,0.202690124779783,12.77254872229718,83.38498456175894,14.35043807958901,54.88895902691807,45.11104097308193,96.71556699356701,30.64093832792681,53.01012932407466,46.98987067592534,62.84,95.77,17.59,0.0254841997961264,74.47919984710454,46.10091743119266,10.36868594621483,17.9372197309417,0.1076524069251822,0.1069828130236268,2.331749003220241e-6,3.307476104971506e-7,0.09888327483252626,0.1088978362836502,PP
2310407,231040,6446,3328,1074.333333333333,89.20649853452849,89.73947434435978,554.6666666666666,92.5409156791435,92.47706415370483,474.8520030033777,520.8867029075548,-519.6666666666664,-48.371082842072596,3.334417144615003,3.7378634958128916,0.4133057331307952,0.6245,0.08257685196038381,32.19436223124455,86.56123756330891,15.62062775175573,49.89380029579632,50.10619970420369,98.23982541197194,10.48037717460881,58.60106126386879,41.39893873613121,17.19,97.7,17.54,113.9189189189189,85.40279787747225,61.44144144144145,13.96088040569609,16.52892561983471,0.1271464454429896,0.08926783810998641,5.703312073874879e-7,3.30375977293176e-7,0.06158154975795097,0.05333835018405202,GP
2310506,231050,13831,10226,1152.583333333333,54.55848886449275,53.63657005285771,852.1666666666666,59.12390484104642,59.03887690331081,499.6715833773787,564.2326452790313,-300.4166666666664,-26.064637408719527,4.565415976553666,8.367929668823521,0.541145941291522,0.5948,0.3167754675690381,22.10280920403143,83.29489820287391,12.63993847249296,41.54769984737336,58.45230015262666,96.01901852105487,36.566310070176,63.63161039737078,36.36838960262922,46.36,98.06,11.03,91.6446324695928,81.16472462902101,69.63246959280804,23.4542359240367,19.8019801980198,0.2291902533469489,0.1461810474052646,1.15053863296179e-6,6.047576368873757e-7,0.2307285642458281,0.08350559917983844,GP
2310605,231060,3340,3369,1670,31.8124605186427,30.2903225040749,1684.5,37.5526481268392,37.50943878383645,561.7725323892201,662.2349970052345,14.5,0.8682634730538923,5.7401876081965035,18.04383412855678,0.3965280849343842,0.5294,1.682890136358732,21.08927307738712,90.9830566755871,8.384198011074457,23.47343042245049,76.52656957754954,85.0040203267681,54.80449517123192,70.76493579006143,29.23506420993858,84.89,97.66,12.46,127.2804774083546,95.35455053042993,52.08866155157715,13.87314283923797,7.633587786259541,0.2328940923335464,0.02802738352484925,4.654191040230577e-6,8.566449349327755e-6,0.4466712619276295,0.03084923823385067,GG
2310704,231070,13830,11606,987.8571428571429,85.87962459160376,86.20899325722718,829,89.24303881487111,88.77585446336127,574.0064298987342,652.5357468311588,-158.8571428571429,-16.080983369486628,3.3634142232673554,3.916428651454758,0.5135400704723293,0.5126,8.827149882284802,11.41780966563003,82.10613193031803,14.10926379197599,39.94146021723548,60.05853978276454,97.37793729423399,27.50362295578694,64.88096814342082,35.11903185657919,37.48,98.01,13.07,46.22526636225267,66.5333792336414,49.43683409436834,4.66247048973549,13.76146788990826,0.1270357334975904,0.1131057276998037,3.001698236697174e-6,1.778108293978955e-6,0.1200371376553401,0.1388339115618857,GP
2310803,231080,7610,5228,1902.5,81.58511754222488,80.80239821674189,1307,75.27104330508583,75.31875455086607,490.9468915232199,698.4540877152664,-595.5,-31.300919842312748,-6.314074237139053,-7.739247582589025,0.4535455520275837,0.4873,0.4798333661795234,14.27782348026007,85.18404610155781,9.919955337996731,64.91505470634992,35.08494529365007,92.13888464444675,13.71339620933317,43.49505663589341,56.50494336410659,49.29000000000001,98.18,7.23,82.48536695182351,76.66470241602829,51.93606483565961,13.65095055854134,22.47191011235955,0.1727309342900178,0.05538443265125292,1.001859544487564e-6,7.867452186538347e-7,0.1757759315166169,0.0703236537499423,PP
2310902,231090,8577,7323,1225.285714285714,77.94860303745412,76.67601707018711,1046.142857142857,73.30460584338468,73.04083169789517,515.8837689771425,636.9367548327218,-179.14285714285688,-14.620496677159828,-4.643997194069442,-5.9577683410670135,0.3776168283472103,0.6539,16.34089811330944,27.2784352472448,76.4133285287079,12.81923200399582,51.89020475000884,48.10979524999116,96.34570232675185,5.361659936940943,59.17273767234632,40.82726232765368,7.95,98.93,18.53,100.8771929824561,73.4300680354025,51.36116152450091,18.59644215239815,34.48275862068965,0.2276170674343583,0.0156738207456619,1.672463138019973e-6,5.906720013523479e-7,0.3239417447518766,0.0272128813122867,PP
2310951,231095,4108,3865,2054,67.33408894171785,67.78484815053619,1932.5,64.01123626735755,62.93253382210155,426.2500834362738,603.5712373193224,-121.5,-5.915287244401169,-3.3228526743603055,-4.934874335697118,0.6559655058468533,0.6476,0.06591631772435703,3.324980060529452,70.94783752676732,23.80093233901799,66.75554685334001,33.24445314666,90.93993052711863,5.722802924361865,39.15588707393069,60.84411292606931,15.21,99.12,21.8,27.41297468354431,68.26550845057125,39.04272151898734,29.2194057007052,9.09090909090909,0.2409248415138048,0.06623640268674057,1.797112377996371e-6,1.105363313527133e-6,0.1990655778458151,0.05812714873097802,PP
2311009,231100,6232,4924,445.1428571428572,90.3739120144069,90.41492856525919,351.7142857142857,87.60148268064229,87.60303672804959,494.4063435870593,567.7720982687185,-93.4285714285715,-20.98844672657254,-2.772429333764606,-3.0677319062193975,0.4590327036603248,0.6156,0.1695814921840321,30.65607537430992,83.00738180378404,7.425820664918683,35.04950376381615,64.95049623618385,99.1032618666214,11.80210363790507,65.35433070866141,34.64566929133859,27.41,98.08,10.02,52.35269181856719,75.89722337339411,32.25943196269606,20.50913962881789,23.80952380952381,0.04118422796149105,0.1242003984073383,2.826263105955761e-7,3.375604106061566e-7,0.03267617908852124,0.1114204139411872,PP
2311108,231110,4355,4721,4355,34.3775578367858,34.4900786002453,4721,36.9047323233625,36.7961247431913,515.825670652352,632.7886800866924,366,8.404133180252584,2.5271744865767047,7.3512333208047,0.4044679467496464,0.5322,0.7102819659303401,11.02669499878047,83.25597548682364,22.24804533927894,58.29547224501476,41.70452775498523,98.30293861527399,30.73285412234092,43.98498445656637,56.01501554343363,29.21,97.58,28.45,26.42857142857143,68.46149334271804,25.29556650246305,23.64109692169939,11.53846153846154,0.5004507062187156,0.03550882454942889,1.494180378458185e-5,1.905190949486282e-5,0.7084662017491566,0.01772994442815116,GG
2311207,231120,4548,3547,1137,67.99708730464324,67.53737558636152,886.75,61.727987258971,61.1872802399737,519.4517662739303,610.529678951349,-250.25,-22.00967458223395,-6.269100045672246,-9.219659685693852,0.2488864740549885,0.679,5.240957516526604,23.03005254407825,78.97963114427013,15.31759826283165,44.35790236625686,55.64209763374315,95.14563679327703,8.162357953478798,57.57472826086957,42.42527173913043,27.32,99.46,19.28,93.28621908127208,82.57472826086956,47.55174154467441,30.01991014583442,9.70873786407767,0.1382761523887897,0.03811241102056855,5.942598027865683e-7,6.059506730920329e-7,0.3537385571408609,0.05659816914253774,PP
2311231,231123,876,993,438,44.3468729153667,44.23368071405875,496.5,32.65194954842805,32.4066434018064,480.1961615688654,584.7757067349476,58.5,13.356164383561644,-11.694923366938653,-26.371472435627425,0.6783365045808534,0.4933,0.005767715620258703,50.03222282337726,102.8489667359471,17.50176663930517,55.83763376240503,44.16236623759497,88.82429492750914,0.8727565413829932,43.97317686504611,56.02682313495389,85.27,99.25,31.88,5.735805330243337,91.1986588432523,65.12166859791425,12.36124062494103,38.46153846153847,0.2356573487969686,0.05729168826350384,1.848373104317509e-6,5.305910846738753e-7,0.3004453314156974,0.1688239048785698,PG
2311264,231126,12908,10897,1075.666666666667,83.84544813427577,83.40200780331779,908.0833333333333,78.95847386089189,78.94898819679105,484.1854360447023,557.50276619329,-167.5833333333337,-15.579485590331608,-4.886974273383885,-5.8285504844073985,0.4196472262640105,0.528,0.03993645221464375,24.46682889452224,93.6710523226229,11.17364672675708,68.2088643509707,31.79113564902932,81.69659487324965,15.44672667474404,35.58315601959523,64.41684398040476,28.94,96.72,15.87,34.61855330367441,80.41961502300956,23.11748228703246,16.97993044946634,13.10043668122271,0.1352154780616414,0.04188968310347693,1.133080768903024e-6,4.905704254868628e-7,0.1495966323250029,0.04123257178457892,PP
2311306,231130,19726,17078,1095.888888888889,70.07968277143908,70.16392695947953,948.7777777777778,72.10608630069777,71.97223049410509,676.8467933274571,769.179422688772,-147.1111111111111,-13.423907533204904,2.026403529258687,2.8915706366247225,0.4276171154603073,0.5202,46.8232929592152,11.67448911161681,79.01740987945904,9.176509222172493,28.8160387274209,71.18396127257911,90.78661241591512,53.93528871113639,74.73163068574013,25.26836931425987,55.76,98.48,10.25,78.64291433146518,74.1484778520934,54.95396317053643,15.84864946795854,13.2013201320132,0.2776788333375124,0.04765216560393537,1.761578835544843e-6,1.104956454765372e-6,0.2224525878384512,0.07373304838415008,GP
2311355,231135,5682,4637,1420.5,45.8880613045742,44.98621646208665,1159.25,38.0796755565037,37.27598486468258,492.5895766456487,578.7783586171993,-261.25,-18.391411474832804,-7.808385748070499,-17.016159598122194,0.34345145262851,0.5075,0.1058524386366331,10.19140438376464,88.9619733237484,23.39940812925549,63.79504770145077,36.20495229854924,97.42647608423279,23.61740257454862,33.41926559356137,66.58073440643864,30.57,98.48,35.67,77.07725238373224,79.52087525150905,16.540182914964,8.727580352890108,16.94915254237288,0.376982444481374,0.03038849742904035,6.769076996652403e-6,1.004961597250287e-6,0.6358106882152684,0.01879621340726887,PP
2311405,231140,31625,25518,878.4722222222222,62.52636194369637,62.31594688780812,708.8333333333333,66.44129649237715,65.96648453308427,595.9471360010432,696.368098930121,-169.63888888888891,-19.310671936758897,3.914934548680776,6.261254336540626,0.4073602824746158,0.547,35.45059061527577,14.80487285688742,70.27560726459615,7.153315946088663,39.64490754865967,60.35509245134035,93.3186250320984,43.7735417350477,66.9133334146074,33.08666658539261,68.13,97.89,11.67,55.48324113244386,62.70008655686542,40.32704197852262,12.78759778494748,21.95791399817017,0.2548324131744584,0.02929827696933667,1.226583679272572e-6,1.067305628562881e-6,0.2510496504107883,0.0435384932676127,GP
2311504,231150,4839,2905,806.5,70.61438328030879,70.63930227178416,484.1666666666667,58.8159638069537,58.69867601249152,555.7448613447284,683.2742671260722,-322.3333333333333,-39.9669353172143,-11.79841947335509,-16.708238357786726,0.5559181208025429,0.6004,101.4279557091547,9.89736646947198,88.94780643703002,32.33622975330342,38.56027213528076,61.43972786471925,95.63338119079353,2.97346912534731,70.29242569511027,29.70757430488974,26.63,98.37,18.59,216.6666666666667,83.33652924256951,19.21424186617557,7.035885323308549,7.518796992481203,0.09641245249651806,0.1478060098973506,2.986073266431338e-5,3.294767077877138e-5,0.09256627068786669,0.0737392325818599,PP
2311603,231160,12636,8465,4212,95.59976383440213,95.6341487110742,2821.666666666667,94.08735182673223,93.89201533382332,567.5941901207395,604.1145434185773,-1390.333333333333,-33.00886356441911,-1.5124120076698944,-1.582024836682331,0.2866632683845201,0.5673,0.0378728170092737,10.03923802128359,75.89666516090132,25.12905815240233,41.96699481239342,58.03300518760658,96.45878838972506,18.35950772100355,62.4397778676768,37.5602221323232,25.22,97.82,24.82,64.281269446173,79.75800816446619,10.80688653806264,11.80872135987528,19.49860724233983,0.1006465422312973,0.004622878101911695,5.990254450815041e-6,2.68726223808725e-6,0.08688728495214779,0.02656079262096136,PP
2311702,231170,7589,5613,1897.25,93.6352215305514,93.5670771035019,1403.25,92.13095164432765,92.0434438541423,583.8000727089611,621.9555260500111,-494,-26.0376861246541,-1.504269886223753,-1.606521415376732,0.4533263939782325,0.6041,0.04436678072415772,5.423762484529743,78.116771496042,18.3466040590867,45.52414825213099,54.47585174786901,97.65490236398894,5.913570276541606,58.98290506397161,41.01709493602839,4.69,98.88,12.36,13.21438528017842,76.7175572519084,47.64427097853359,17.10247290762864,17.69911504424779,0.1556373937401472,0.121549014613907,3.307325614250569e-6,1.889028610120025e-6,0.1252797437544527,0.1461597010468615,PP
2311801,231180,13619,10379,907.9333333333333,71.849867989721,70.43070435426732,691.9333333333333,67.72531710784087,67.56309194462206,688.9009970644009,781.13926767892,-216,-23.790292973052356,-4.12455088188014,-5.740512818298019,0.3558331116475104,0.5159,0.4028529475224247,9.533022270382348,63.08590826885816,8.636053634476976,35.7456413418824,64.2543586581176,95.1674184198868,28.61726954182415,68.82927900719345,31.17072099280654,65.52,96.87,11.63,3.375928164393024,64.17549832518807,9.696080124330859,13.31504763877524,12.11453744493392,0.1285428639990364,0.1348333357792569,1.670599755700512e-5,1.481589994672975e-5,0.1422830854308936,0.1244976997520319,PP
2311900,231190,6447,4637,537.25,71.28829857792266,70.59579523937114,386.4166666666667,67.41755072954348,67.27628977754499,495.6622438590904,559.2741796661643,-150.83333333333331,-28.075073677679534,-3.8707478483791817,-5.429709960251341,0.4360172637989251,0.6284,0.02120918826694143,25.73000393029123,88.84598495669006,14.2261195290626,46.33252759699457,53.66747240300544,99.4603548256146,9.16863504420116,54.71438900939985,45.28561099060015,16.85,94.81,32.39,0.3684807256235827,88.43094721619667,15.50453514739229,4.405388693567846,13.79310344827586,0.09999764859426268,0.04648228022826497,6.232101939285738e-7,3.441749099293298e-7,0.1188201954358401,0.05882327058602838,PP
2311959,231195,9749,7739,1083.222222222222,63.99091640376939,63.14266744205688,859.8888888888889,56.7087813548384,56.11303407022066,409.3511257422984,580.5577268708753,-223.33333333333303,-20.617499230690303,-7.282135048930989,-11.37995118398091,0.2819190156137988,0.6215,74.27974548094249,39.95854396538246,106.171133186983,16.35408279722682,59.34693354465928,40.65306645534072,85.15748768169028,11.76310510960406,46.10753206093082,53.89246793906918,9.89,95.04,16.38,132.5371679259079,97.27858390029502,61.73531562271508,25.07787612537657,15.92356687898089,0.101465088083204,0.03998758570955184,3.502174027302491e-7,3.588726645470099e-7,0.1508082092181884,0.07238794042473042,PP
2312007,231200,15090,14931,1509,85.17780018724184,84.98718584171998,1493.1,85.19954713250574,84.9257727094338,548.2315203325985,536.0324527966687,-15.900000000000091,-1.0536779324055727,0.02174694526389942,0.025531236092144034,0.3954688461505466,0.6287,1.23884613739995,24.23576075158047,89.2284925756308,14.19729719686735,48.57528149914403,51.42471850085599,87.55058812228808,36.24119941056541,48.15516846955783,51.84483153044217,41.79,97.76,18.45,20.46166529266282,82.30007516585509,46.11706512778236,26.41760122454989,16.30434782608696,0.267789252418459,0.1447245169336996,6.916187722133509e-6,4.26951901948394e-6,0.2126539286568926,0.07228655178095904,GP
2312106,231210,9311,9661,1034.555555555556,87.1739639269912,87.17559776015027,1073.444444444444,85.45445269355584,85.24796332563652,501.8945976868957,523.0602120234231,38.88888888888778,3.7589947374072583,-1.7195112334353695,-1.972505500467401,0.4650618955546542,0.5965,0.2847846399081208,33.31617504962305,91.13396849606926,22.1647055475505,48.57117735420631,51.42882264579369,87.3535913209804,22.00713755168353,43.58838115479986,56.41161884520014,22.5,98.36,18.46,1.07928601079286,88.39886645412682,52.61519302615193,31.54947361832222,8.695652173913043,0.1815469891120381,0.01787151689326304,9.090025301797411e-7,5.477544107344538e-7,0.136156073288537,0.02269267888142284,PG
2312205,231220,20179,13851,458.6136363636363,80.91002252262194,81.00622798905714,314.7954545454546,81.6936818092683,81.62325349557203,535.9582870637557,619.4323355411956,-143.8181818181817,-31.35933396104859,0.7836592866463548,0.9685565053788588,0.3597676668839109,0.6201,22.24292915655014,23.83619257460817,95.81194759687851,19.05348582836309,47.88716476824937,52.11283523175064,91.88558001940149,23.67245020633136,64.71115537848605,35.28884462151395,34.03,97.61,16.45,87.8783490224475,87.4203187250996,57.5524981897176,19.07053927239218,13.24503311258278,0.09749745713871577,0.1077290089881807,1.047942309731996e-6,4.797266268886275e-7,0.0933535286790933,0.07369943470306434,GP
2312304,231230,11396,11391,11396,86.043858906501,85.5946556038283,11391,65.643015051144,65.4651437951551,607.0972022068233,669.8211817313955,-5,-0.04387504387504388,-20.400843855356996,-23.709819753116186,0.4001107551843971,0.5938,1.623589252750777,4.620129650943595,77.06734792310307,19.01427295265419,45.17402531143195,54.82597468856805,93.97555194602131,27.08876225552803,52.45567599361398,47.54432400638602,51.77,96.93,26.21,58.00199357625429,70.59700865473489,8.926791449772955,18.01391921399751,13.10615989515072,0.3006733602017644,0.04179328410499987,1.45170393163755e-5,1.248549415767956e-5,0.2028139377458203,0.02778273119805758,PP
2312403,231240,11142,10078,1392.75,91.22848131673463,91.14641179276938,1259.75,91.41358731535315,90.99178228319937,627.8886850793633,770.6291756714539,-133,-9.549452521988872,0.18510599861852484,0.2029037378972236,0.4743232476717913,0.6452,0.001085621246810121,2.469607468566894,84.6502237179525,7.855172998170299,35.31546225005995,64.68453774994003,91.79899683103619,26.15764781368885,74.24578527063,25.75421472937001,57.29,92.02,0.67,19.58963606410064,70.83703046435966,6.380110828216265,12.96967913919398,8.443908323281061,0.09442416385709981,0.06159000499049865,6.687258839114499e-6,1.543883729899018e-5,0.06953296601806926,0.03129270559855305,GP
2312601,231260,1418,1024,1418,97.4176971619999,97.4086494361171,1024,97.5653752734324,97.366266279988,556.4035773730295,584.7133808631601,-394,-27.785613540197463,0.14767811143249787,0.15159269386846402,0.5151974531611923,0.4286,0.005804052521564774,20.76442554521597,93.38649717086363,7.982863613999595,35.45614682027891,64.54385317972108,97.83387107571754,4.371448768478053,70.83796811271783,29.16203188728216,52.91,98.84,12.18,3.870162297128589,88.87652947719688,48.75156054931336,17.99741716624379,27.02702702702703,0.27808329654138503,0.07837622268953949,3.133505467293322e-5,1.35297057693379e-5,0.185048734356325,0.0473453764785659,GP
2312700,231270,10256,7939,1025.6,69.58862967345779,68.9560482324742,793.9,71.7640423258008,71.18411204185375,591.2429994723724,665.626412516512,-231.69999999999993,-22.59165366614664,2.175412652343013,3.1261035927148746,0.4821531972200485,0.5879,0.3950166530680976,25.42483577316992,83.11739716619637,11.28132182812443,40.69708025517932,59.30291974482068,96.1841971140588,36.808109622173,61.44961016459717,38.55038983540283,51.76,99.59,13.86,65.31256162492605,72.82290334557156,48.66890159731808,38.10039776331129,11.2781954887218,0.2305044112973978,0.04771074427024528,1.881305593325024e-6,1.432205387370548e-6,0.3146449537260267,0.04176299742968854,GP
2312809,231280,3436,3247,572.6666666666666,89.0420396691209,88.48120635215027,541.1666666666666,85.57836002374752,85.52601727036782,478.5755669110376,583.6027822255539,-31.5,-5.50058207217695,-3.463679645373375,-3.889937447799225,0.4422048659448808,0.6778,0.1880541417110325,41.57753646404807,84.64078769859954,10.16386293450513,26.17322584037477,73.82677415962524,93.92795922544109,7.920273725377386,74.70012408658486,25.29987591341514,42.71,98.94,12.64,85.88957055214725,81.35943747414863,25.64417177914111,8.922893848793416,10.75268817204301,0.07690235336117746,0.06802251951928395,3.527997712040669e-7,3.078176114234409e-7,0.07037201624986979,0.08888132260725742,PP
2312908,231290,20215,19180,918.8636363636364,73.87773616922605,75.42976661549721,871.8181818181818,76.74227807247078,76.52225497623853,924.6490471963814,960.7767743940055,-47.04545454545462,-5.1199604254266715,2.864541903244728,3.877408880915276,0.6140269748651663,0.7067,18.25943795731231,8.662642352245523,61.36225854282852,1.257183270753643,12.01656169048104,87.98343830951895,94.76389007297676,75.19588262315203,88.21926375982845,11.78073624017155,82.67,98.73,1.07,35.63444513994456,59.14244301485188,33.38102476973978,14.05030553678083,14.76945244956772,0.1863559815097437,0.0433266375497292,6.408140931566304e-6,5.690748323826832e-6,0.1680201137255266,0.07359131571496667,GP
2313005,231300,8924,7680,594.9333333333333,64.89804865027722,64.2731993229087,512,61.68933198796724,61.36234159973365,532.7390174746847,880.9264730559196,-82.93333333333328,-13.939937247870901,-3.2087166623099748,-4.94424212906788,0.502008498006052,0.6247,32.5480924222467,17.83141661688079,75.38665866397794,16.26259737045359,48.46137269958351,51.53862730041649,92.06850315898787,13.0286080269314,49.41118203830068,50.58881796169932,49.53,98.33,22.32,55.77525922353509,67.6040061633282,45.69568362671811,9.272667772467763,11.83431952662722,0.1884378005365135,0.06178736018845873,9.448962104373901e-7,6.344050017402292e-7,0.2300202692595953,0.03677528857352866,PP
2313104,231310,10042,8150,1004.2,57.08355950612586,58.16275695018836,815,52.32110581244789,52.09033807049023,707.8055616672272,725.2150026852929,-189.20000000000005,-18.84086835291775,-4.762453693677969,-8.342951516831903,0.4274407802068552,0.4237,0.01064707006068772,11.09190603672863,75.69444789642445,16.2820937401229,39.11489822870875,60.88510177129125,91.24705857917733,21.94474967661845,65.34656697900682,34.65343302099318,46.84999999999999,97.93,13.12,100.9143244158483,71.00133860067257,9.718929901794784,14.65130745108669,25.5591054313099,0.2278784368358542,0.118172395606036,7.547722595785092e-6,9.910278785901535e-6,0.2093242142797649,0.1637378478600145,PP
2313203,231320,11195,8248,589.2105263157894,70.02881109271051,70.37733781313277,434.1052631578947,65.87754138615317,65.68608445474145,482.4065418887836,564.1336497849245,-155.10526315789468,-26.32425189816882,-4.151269706557343,-5.927945429576856,0.312200396153122,0.4649,105.1170653906049,21.89466858498226,87.88953948849999,11.39092874400589,44.0831348778346,55.9168651221654,93.97209507141004,11.88175315202058,56.90378256310993,43.09621743689007,30.94,99.88,25.82,137.3222748815166,85.59561254939915,57.760663507109,13.14743462818796,20.34883720930233,0.1471165351874118,0.1239225299593006,6.199166308223703e-7,3.134138718430247e-7,0.1063324722555791,0.1198520934443161,PP
2313252,231325,7024,4546,1404.8,84.7772415894031,84.56732654269948,909.2,73.40653116729544,73.13553732560554,493.3049734802502,607.3482703027381,-495.5999999999999,-35.27904328018223,-11.370710422107663,-13.41245623109418,0.3440990465431088,0.483,0.08188147045896639,12.48935462834264,90.62000874523615,16.66150183905103,70.41132938617338,29.58867061382663,94.95597076120703,2.502573693838471,41.49587436784669,58.50412563215331,76.44,98.05,23.07,2.991993257479983,89.96539792387543,27.9393173198483,40.11971685394903,12.82051282051282,0.1005768172829608,0.02162001552873898,5.959341347663436e-7,4.496462322055292e-7,0.1739487847676368,0.01140069738004106,PP
2313302,231330,20240,16058,613.3333333333333,52.13874743686564,52.12165728600831,486.6060606060606,48.19583007690637,48.21398280778858,610.423431167644,716.2459681013581,-126.72727272727263,-20.662055335968365,-3.9429173599592744,-7.562355357181756,0.3815299588054732,0.5888,18.78382507550118,10.29887593956427,78.55131370515754,9.733962105441101,42.16572241297585,57.83427758702415,92.6473790693956,33.47446399829116,64.2560564945892,35.7439435054108,45.07,98.22,15.14,32.44497936726273,54.91875633439043,15.90440165061898,14.8751071338986,15.58073654390935,0.1262658629590398,0.1655158669548224,6.428426285254186e-7,4.37759503272387e-7,0.1190503847096333,0.2041095745505288,PP
2313351,231335,8691,7442,1241.571428571429,86.780790495975765,87.02291880130697,1063.142857142857,91.32414307253894,91.29352846176165,464.4114452705317,499.3339883484273,-178.4285714285718,-14.371188585893476,4.54335257656318,5.235435803933897,0.4854423899490554,0.6219,0.03009802047895847,17.06339773388779,84.37501873122675,8.057070765941486,61.76080712201394,38.23919287798607,91.1877806165946,3.10483839280119,37.62862488306829,62.37137511693172,48.29,84.57,9.15,24.54160789844852,92.41697848456502,55.77271811404393,7.709154665562219,4.464285714285714,0.1008229160347214,0.05666799305185185,5.915754525793309e-7,4.135518373994324e-7,0.09200679253612733,0.05499711772674647,GP
2313401,231340,23052,23976,2561.333333333333,95.52149479697995,95.14381363475695,2664,88.64998286119467,88.37447632130234,703.9668812089247,813.5400962468527,102.66666666666697,4.008328995314953,-6.8715119357852785,-7.193681328364778,0.4726305467552387,0.5641,42.96173252406849,10.84833593615072,83.44730195056766,19.63016667669566,33.71426653613491,66.28573346386509,92.00382404602979,40.07744686654886,67.18446840386079,32.8155315961392,62.43,94.22,22.57,71.15993297337553,74.97605422796376,24.01787376652393,18.94995350846315,14.73839351510685,0.1182900064029381,0.04544496524771594,2.403586536567488e-5,1.394807575818764e-5,0.08037455187122193,0.03965144558980282,PG
2313500,231350,28499,25458,3562.375,73.61258745570302,73.10197355172257,3182.25,70.67381994827305,70.4158795997319,498.9124355575458,614.492945451829,-380.125,-10.67054984385417,-2.938767507429972,-3.992207866892873,0.4854568929918008,0.6,0.06799250860584728,3.786449461275503,81.08547738958434,16.02824394778725,63.36891580515189,36.63108419484811,89.91665489726984,6.476205564538421,44.65934593048156,55.34065406951845,17.09,96.62,6.93,3.633812697299193,79.81258458533911,8.600491055769906,25.70354988099797,13.39829476248477,0.08458757800768166,0.02678073714541812,6.6170092528931e-6,3.413756038358975e-6,0.1149231182083738,0.02940596981649705,PP
2313559,231355,7801,4943,3900.5,88.31357078752106,87.71406312573424,2471.5,89.08806700019525,89.0627227199241,498.7210401577818,557.9497749555646,-1429,-36.636328675810795,0.7744962126741939,0.8769843703156347,0.4689041038724192,0.4651,0.0468384655224485,13.59663474228608,97.14723801422184,6.332021372933192,63.10131252299385,36.89868747700615,87.22275129203472,1.83158187779067,62.72143274284602,37.27856725715398,15.5,96.56,12.97,0.9745910198398886,89.22198429693077,30.73442394709363,12.14736192986642,24.09638554216868,0.1777974866608854,0.03971733033099383,7.38008793693172e-6,2.825632519027418e-6,0.1153896870267437,0.03272101216771715,GP
2313609,231360,23203,19242,3867.166666666667,95.01002128165979,94.15504357147505,3207,85.32821039634491,85.0549973175096,658.9379322993063,773.5655684021789,-660.166666666667,-17.07106839632807,-9.681810885314874,-10.190304932795334,0.5446334880378608,0.6727,0.4086621144350637,8.802418164606658,72.36373584583225,25.93212472600089,51.52695096904566,48.47304903095434,91.83736762223941,8.642799534898764,47.19499160177126,52.80500839822874,36.81,96.98,28.21,31.94181818181818,78.10047335471064,20.88727272727273,17.9347421346196,13.10043668122271,0.1967983449810367,0.05009359841332431,2.083383910275617e-5,1.790672861158196e-5,0.1150506188427338,0.08973948269733237,PP
2313708,231370,2494,1846,1247,46.63585423487225,45.7430080130211,923,37.2105578961557,36.0208878021819,582.5354929050701,591.7865249414044,-324,-25.982357658380113,-9.42529633871655,-20.210407836099474,0.2394294178518014,0.5804,0.1053078851730125,11.78970917896267,89.63778766814058,17.41750029609276,48.08963334616579,51.9103666538342,92.85043994200905,14.59960798188016,56.47041678810842,43.52958321189158,31.3,97.13,22.54,1.012829169480081,89.49285922471583,23.16002700877785,28.78154900096543,0,0.4121398615117516,0.1062783612066485,1.343318261322352e-6,7.448473992497256e-7,0.3653304134178282,0.1007466329949707,PP
2313757,231375,12295,8741,3073.75,87.21645597289626,86.564012357678,2185.25,87.25219189593167,86.93501302438543,489.2698233122923,553.9743384962446,-888.5,-28.90605937372916,0.03573592303541773,0.04097383072584739,0.3937793340863309,0.5014,0.06813523584186547,22.23646682637336,76.12425591887342,9.020156907693229,41.09604052176424,58.90395947823578,97.30752661563318,7.238191060935481,59.4577553593947,40.5422446406053,54.81999999999999,99,20.73,16.81600955794504,76.92880889602202,41.42771804062127,18.82999654830026,16.26016260162602,0.221191056208421,0.04376389244803606,2.172803540160749e-5,3.159223748907815e-6,0.2694947166623934,0.05559248936614945,GP
2313807,231380,5383,4766,5383,99.8371973436625,99.8396676783181,4766,99.7400124379526,99.71198832261,553.1383587214976,631.5477723049157,-617,-11.462010031580903,-0.09718490570989502,-0.09734338332371482,0.3809578128517221,0.5542,0.4785875579296936,2.480542444843615,87.13972609099831,17.94608382479698,26.68825915287308,73.31174084712693,95.57025460139957,19.59685257343819,75.18204785257839,24.81795214742161,34.05,99.32,19.89,3.391384051329056,83.07821865557041,28.27681026581118,24.62699330383771,12.86173633440514,0.234501912670655,0.03299937284214247,3.900000380308315e-5,8.421904326179214e-6,0.1612328336542774,0.03392323223197614,PP
2313906,231390,6688,7235,836,94.84409974401119,94.30629766131025,904.375,91.47985989853944,91.2131455418491,428.5604985778082,652.8244042777142,68.375,8.178827751196172,-3.3642398454717437,-3.547126130726096,0.5024607797699047,0.6818,0.3709917682833772,20.52707801614377,82.91150380865793,11.47364505688256,40.51051120512016,59.48948879487983,79.96098056516729,24.78983955017698,58.18353831598865,41.81646168401135,22.41,97.64,8.86,54.71993732863298,77.45433374572448,14.76694085389738,16.76963145211239,5.780346820809248,0.104810663816471,0.1083484048153763,3.842747029367449e-7,4.777049143972042e-7,0.05724243357802267,0.1191736671760881,PG
2313955,231395,3518,3892,1759,76.1415107011147,76.9341791477311,1946,76.14623501055355,75.6065620126945,608.9930973026097,645.3504889078249,187,10.631040363843093,0.004724309438856267,0.006204643689565125,0.4677343799088359,0.6262,5.764557586406124,6.854649811029162,78.26987856861429,24.1911262440206,18.38982742785618,81.61017257214381,99.32612001958644,25.14321665264067,75.04560782796175,24.95439217203826,27.59,99.35,42.83,12.73445212240869,73.75200398031953,25.3208292201382,18.59243154166737,3.861003861003861,0.2115058717890686,0.1084779543252353,2.132729535545541e-5,2.581517709056718e-5,0.221194324371265,0.09770546843393302,GG
2314003,231400,10806,10658,1801,77.43857453900053,78.02548223728726,1776.333333333333,68.68155982562465,68.48741076236658,551.2136853155864,729.645328335496,-24.66666666666697,-1.3696094762169333,-8.7570147133758809,-11.308336659742581,0.4225671362216368,0.5283,105.3748882357571,10.54564046094484,80.50863441092677,10.15111033053738,37.87740662407793,62.12259337592207,93.60085134852659,18.41445292652662,61.38702805369473,38.61297194630528,42,97.83,14.84,142.8709588284056,76.61507661507662,11.70212765957447,13.2691192737111,14.85148514851485,0.2638937364724231,0.03969731625464282,2.723030753742192e-6,1.991877927518764e-6,0.3562258344734033,0.02893489026248003,PP
2314102,231410,34671,34066,2889.25,98.41862729140595,98.09431449218867,2838.833333333333,95.8655110667692,95.81606514755333,479.0911573303561,538.6737374714974,-50.41666666666697,-1.7449741859190782,-2.553116224636753,-2.5941392345142926,0.4464776027829098,0.6636,7.888754496358804,6.577590501397196,89.44849429480253,19.43750296101577,67.25604963393621,32.74395036606379,88.43097045638662,9.685555617786529,31.43718592964824,68.56281407035176,23.01,95.15,23.09,41.8475014931316,83.05192629815745,4.870927068816776,18.02289014603412,10.36866359447005,0.1029122692539419,0.07105805368141052,4.358281871150612e-6,2.552856104781495e-6,0.06993800142153957,0.09523472533996877,PP
2400109,240010,2196,1439,366,69.80242299538983,70.98024305195511,239.8333333333333,63.63459879729175,65.11880834881214,829.6924250143533,867.9940991718497,-126.16666666666671,-34.471766848816046,-6.1678241980980815,-8.836117620881787,0.280331391216347,0.7012,3.847205074362932E-08,21.462529465044,67.81488712578127,12.68538027747421,19.32903349585172,80.67096650414827,98.12533753009,82.23394003197014,87.05949223190602,12.94050776809398,87.92,99.03,13.13,38.1903642773208,68.79499810534293,32.07990599294947,6.762070313711759e-8,0,0.2396606119888347,0.08365816588433277,1.908036976592383e-6,1.015562046463113e-6,0.1964800521592701,0.06303080073269385,PP
2400208,240020,12746,10020,980.4615384615385,58.30529922750691,58.57242090709709,770.7692307692308,57.87380768588689,57.9755803963922,864.4676227586885,853.3600916278716,-209.69230769230762,-21.38710183587007,-0.43149154162001935,-0.7400554449370753,0.4579000194658351,0.6305,2.871447127201313,14.91044438911779,68.78276324636713,3.110003757287346,26.05444823030265,73.94555176969736,96.84999733871348,13.6300150076069,75.81965760465033,24.18034239534966,27.82,99.66,2.56,144,71.52908233792932,14.01612903225807,14.90684248463374,11.7056856187291,0.137381255638984,0.07188777331678795,5.146526343765094e-6,5.319608459037719e-6,0.08738832928105977,0.1857130617555777,PP
2400307,240030,3375,2847,675,54.20844467636438,55.49188492705086,569.4,48.6140368934033,48.72763184825338,569.5599337156235,711.0163073522308,-105.60000000000002,-15.644444444444447,-5.594407782961078,-10.320177633504981,0.4211006455384186,0.5429,2.045335522742255E-06,43.64717220053721,75.82075370493884,6.089988436945666,46.89226037536619,53.10773962463381,95.18002209742687,51.81997204574382,53.26187396045093,46.73812603954907,52.82000000000001,98.45,6.73,57.66423357664233,80.83533542783219,50.65693430656935,7.299365056826645,17.0940170940171,0.07219502108902856,0.142631381797,4.664918331781211e-6,7.914489027538247e-6,0.1314141514419692,0.2021819994091407,PP
2400406,240040,1788,1388,1788,79.9575960112443,79.1002040939884,1388,79.7461477177705,79.5971549996442,594.7512862489875,671.7848925742762,-400,-22.371364653243848,-0.21144829347380778,-0.26445053881318814,0.5073999985200922,0.7022,0,41.60583929672837,78.05369133823231,6.340000029589833,35.97315449753179,64.0268455024682,60.62000028059421,7.070000074710038,65.34283774609641,34.6571622539036,13.02,97.42,3.43,135.6828193832599,83.29938900203666,59.25110132158591,1.638035746147942e-7,0,0.2786493722170797,0.1019495311425645,2.012201358499424e-6,1.482746262579475e-6,0.2586779248127015,0.02853065347198913,PP
2400505,240050,4435,2494,1108.75,38.7955436031664,37.82056870383877,623.5,40.05422502816013,40.1230660962262,623.6034706317638,683.5545112849206,-485.25,-43.765501691093576,1.258681424993732,3.2443969283394742,0.2879999975495975,0.5301,0.08347396632350615,23.2888105555164,71.91827947010538,6.160000472603564,31.96862156398445,68.03137843601554,92.30000430563321,57.24997667035167,72.90426860627434,27.09573139372566,80.62,97.31,4.8,171.3993871297242,72.65447064873999,15.21961184882533,15.70681005054447,7.299270072992701,0.299366550432246,0.1061860972969313,1.934117062042834e-6,9.186074019549854e-7,0.3030280315206761,0.09532756824921271,GP
2400604,240060,3289,2523,1644.5,80.14310007862966,80.40481721513851,1261.5,75.86958771548315,75.52477896683175,624.943804567355,737.9355303194878,-383,-23.289753724536332,-4.273512363146509,-5.332352203687776,0.2988999963419943,0.5641,5.016813696097901E-10,37.40647372293575,87.538481017427,9.419996995494584,28.57729285959931,71.4227071404007,92.75000204401081,12.61001291618989,71.68764668231277,28.31235331768722,44.94,97.89,5.59,132.03125,88.56411350544057,50.44642857142857,4.841387720521384e-6,22.22222222222222,0.3885820838601001,0.04769029293307583,3.250131443266852e-6,1.590832962381502e-6,0.2253085759078754,0.08787034460407142,PP
2400703,240070,3688,3702,1844,56.9319527324831,56.51589809728165,1851,53.4307470298425,53.40561568283805,930.664911868606,795.9460988952092,7,0.3796095444685466,-3.501205702640597,-6.1498078576232444,0.5414999822270854,0.5518,1.262234425784168E-10,6.160165522935575,63.82771297916658,5.13000044902163,27.89110030152926,72.10889969847075,97.45999995071902,8.200007550228854,72.85943775100402,27.14056224899599,10.43,98.94,3.68,4.808362369337979,63.02008032128514,43.41463414634146,24.99999648689282,25.47770700636943,0.143793540544484,0.04294807320238101,6.835331906917558e-5,6.251101849195879e-5,0.1109951151461384,0.04449804165768612,PG
2400802,240080,883,419,176.6,40.52391456311148,46.79164935607096,83.8,36.86994283454648,37.6892198361683,752.229829239989,779.584405434605,-92.8,-52.54813137032842,-3.653971728565004,-9.016828132125168,0.3827007506856642,0.7006,1.865424555265374E-06,43.59601415758675,68.89780124789037,4.749996769273186,12.67657931785137,87.32342068214862,98.66000122623144,38.29005881128661,88.32788577326681,11.67211422673318,35.18,99.5,3.87,42.06730769230769,73.27541716841563,54.92788461538461,7.092280748295797,7.692307692307693,0.1430073724734702,0.127257111899543,8.547667597828243e-7,4.070987704525994e-7,0.1237375514175234,0.07089130549962276,PP
2400901,240090,2412,1517,1206,69.09535608994574,68.6785966988308,758.5,62.0049612065244,61.9155936211494,529.8890717660494,634.3916271316972,-447.5,-37.106135986733,-7.0903948834213395,-10.261753154859395,0.2308695153828542,0.4196,4.639192012994925E-09,33.2961108012302,87.69262773289873,6.119430494404955,45.21704660578875,54.78295339421124,98.36229493008759,24.79302111086285,55.32917743652121,44.67082256347879,41.28,99.47,5.6,59.18750000000001,89.4024631290862,37.3125,29.09368902794424,0,0.2054022926678815,0.0375707872948488,1.156954957780351e-6,1.524666428827934e-6,0.1768271555280497,0.05697763900348268,PP
2401008,240100,7333,5959,611.0833333333334,67.43699621789912,68.13002342753785,496.5833333333333,59.22685562039887,59.16756194002521,650.7067365476499,746.5327581322788,-114.50000000000006,-18.737215327969462,-8.21014059750025,-12.174534836889894,0.4534000153114244,0.5254,3.001970521464888E-09,19.42899723754953,86.59495047178578,7.259993514040013,49.56991980796209,50.43008019203791,97.92999490791051,10.2899923564188,59.55876231441653,40.44123768558346,33.8,99.76,10.07,77.61859710771726,77.9214652421257,38.0727125287201,21.84462791814209,21.22015915119363,0.1287968779129804,0.1730587262112448,5.238147710679312e-6,8.369589631610812e-6,0.1144875071677292,0.1780336557671184,PP
2401107,240110,805,868,805,76.86775015663,77.1576394360646,868,76.047391651827,76.0424093035684,931.7377589596239,920.5634475138638,63,7.82608695652174,-0.8203585048029964,-1.0672336618821137,0.3934438471796378,0.4549,0.4220782534923563,16.54357019207262,59.54367253004924,1.095992767957926,19.95369743447888,80.04630256552112,96.80377954050788,28.94241124993077,82.00556871545527,17.99443128454474,75.15,99.01,2.12,3.327787021630615,60.83198271204754,19.50083194675541,20.1435098551618,10.06711409395973,0.05709638810867595,0.07747022688356572,1.722365545741293e-6,1.730240145601956e-6,0.01480672827544436,0.02423433920416897,PG
2401305,240130,3588,2889,448.5,49.78069430720989,49.41151935907646,361.125,39.7753938686983,39.489664427531054,656.9334664161573,669.2232253764403,-87.375,-19.48160535117057,-10.00530043851159,-20.098756310561324,0.5392999697549146,0.6624,9.549097056119092E-06,73.5849061652666,81.95715431818537,10.11000016555775,46.15135967299603,53.84864032700396,94.839999773724,17.49000253648491,54.03905447070915,45.96094552929085,19.06,99.01,10.87,100.1556824078879,86.60842754367934,74.72755578619616,10.41666534625666,11.9047619047619,0.1389405464364162,0.03848999535286748,3.16143803327016e-7,3.118784460416032e-7,0.2067918665182021,0.09154848257316239,PP
2401453,240145,8303,6797,922.5555555555555,67.06269078993057,67.02945822314194,755.2222222222222,58.28999647316051,58.11731320291216,603.832976540435,701.2742788069809,-167.33333333333337,-18.138022401541615,-8.772694316770064,-13.081333619985436,0.3317004597949461,0.5327,1.412385696319791E-06,25.05104505158793,78.16962454230581,42.26989831950625,37.1019042167774,62.89809578322259,94.74000547127717,9.680140768853795,69.26656738644826,30.73343261355175,13.34,98.28,11.41,9.708485163977096,77.76619508562919,38.62571577303488,9.237901329007823,15.38461538461539,0.09284668387290193,0.1501904809131926,8.205455024354267e-6,9.580368289523381e-6,0.06048572368289731,0.03141813273255535,PP
2401503,240150,2326,2035,1163,67.48470403342046,67.2156190715653,1017.5,55.95393723784041,55.9401878199222,608.8524747081061,626.9045226045432,-145.5,-12.510748065348237,-11.53076679558005,-17.08648939153629,0.5680999955970839,0.6157,1.90747712376496E-06,24.37395706227568,78.75949365003163,5.180000005450718,55.54430369391301,44.45569630608699,91.82000009739669,25.32999950384513,50.13808686919408,49.86191313080592,5.48,99.44,3.59,53.16326530612245,75.42053728345468,24.18367346938776,25.64102507852074,0,0.2005774270384163,0.05287553095993233,9.432582762716836e-7,5.981575127677546e-7,0.0989465348126636,0.03932890658168963,PP
2401602,240160,3137,2645,1045.666666666667,71.6141560663182,71.08161405141394,881.6666666666667,63.42667997109153,63.2651818435208,582.2347506809605,627.13610919778,-164.00000000000023,-15.683774306662436,-8.187476095226671,-11.432762103130377,0.2951000005336369,0.5747,139.2405057593539,88.88888866923548,95.46254637455473,10.28999997943396,59.57363576200252,40.4263642379975,97.44999997040011,13.7800000298097,41.58957106812448,58.41042893187552,17.77,97.77,6.32,69.35201401050787,95.60555088309503,60.59544658493871,14.92537315949068,20.83333333333333,0.2079471251627021,0.04823108226901353,1.115137779013265e-6,4.850127636860294e-7,0.1508608292598874,0.01704695743628496,PP
2401651,240165,738,333,369,86.12305101680934,87.2699979451413,166.5,79.26206804795291,79.1148236116702,627.0527191179528,643.3945382272262,-202.5,-54.87804878048781,-6.860982968856433,-7.966488515969225,0.4831999596601134,0.4748,2.701097978317408E-08,45.84836355893616,119.1340038645844,12.45999905828734,42.55670574812002,57.44329425187998,94.01999997212239,40.56999063049031,59.32350390286209,40.6764960971379,10.33,99.15,1.44,121.1091234347048,121.5958369470945,60.46511627906976,43.47825168101443,27.77777777777778,0.08455984095113755,0.1128594099272256,3.082330684083453e-7,3.390417559605149e-7,0.1073954251614878,0.07536521063964059,PP
2401859,240185,239,405,119.5,77.9887792596414,77.3633130496666,202.5,77.36859016637325,76.72255652791316,565.543855383392,679.6857805100419,83,69.4560669456067,-0.6201890932681522,-0.7952286202652429,0.4818883837853966,0.6303,9.612509162711284,146.6109059816262,84.36335854782057,23.57670470004943,8.047632136215613,91.95236786378439,95.5698700217036,38.4504141915355,89.87442378000317,10.12557621999682,30.97,97.81,15.39,20.3448275862069,70.72007629947544,56.89655172413794,13.95802194540982,10.20408163265306,0.07289595802880955,0.03552575283199004,1.577182594045715e-6,3.105923805393308e-6,0.03291291519810344,0.01330881680026006,PG
2401909,240190,774,633,387,83.2336558009268,82.33900499683776,316.5,69.0244317969587,68.6430782369583,587.8314449883126,684.9735075002634,-70.5,-18.217054263565892,-14.209224003968103,-17.071488530977014,0.5658999988865926,0.6566,2.228311230647918E-07,27.91878183680775,80.65296250975892,5.809999994064172,23.63966155426352,76.3603384457365,97.6999999928446,58.51999982834123,80.75275397796817,19.24724602203182,45.81,99.65,3.49,280.0687285223368,101.2851897184823,41.23711340206185,38.46153832877181,0,0.09197010179994239,0.03467126881885759,3.486958153342632e-7,3.086992668545805e-7,0.0740870264538561,0.09032777855827284,PP
2402006,240200,3183,2336,318.3,44.78182026015781,45.81895665516731,233.6,45.33733827201165,45.74387764751244,1075.093812881594,1143.504053520445,-84.70000000000002,-26.61011624253849,0.5555180118538416,1.240498953875896,0.4029000071347176,0.7131,0.1355963784595929,11.32203660203066,57.07314963316323,3.240000595369853,8.368816510314394,91.63118348968563,96.2800000575602,76.83999663720793,93.55264460355693,6.447355396443067,88.56,98.76,4.48,57.72884283246977,55.97386742336754,16.79620034542314,20.18842683167325,15.51724137931035,0.2633597038227564,0.03684618607684943,4.717732955860252e-6,2.425558297649267e-6,0.3640627521302484,0.1052970938760466,GP
2402105,240210,4384,3610,2192,76.3749337426413,75.97002041727575,1805,71.81404597054174,71.7739006104062,601.431798055704,646.7089414438344,-387,-17.655109489051096,-4.560887772099562,-5.971707664543803,0.4963000032671622,0.6009,56.1102654885998,13.33830821512297,75.26787507025219,5.290000137025366,49.37657680059918,50.62342319940081,98.82999942190615,45.58000484194325,57.15685314000196,42.84314685999804,71.57000000000001,99.55,2.35,169.7622252131,84.39306358381504,18.25930910722297,32.25805689162247,45.04504504504504,0.2500276042682621,0.08652742022869699,1.199759117872747e-6,7.608865419791424e-7,0.2009150348451265,0.01785911420845569,PP
2402303,240230,4432,3786,492.4444444444445,44.55069111297615,45.89099584373469,420.6666666666666,39.31573801074644,39.25086408651941,669.9658132074718,719.9330230495492,-71.77777777777794,-14.575812274368264,-5.23495310222971,-11.75055419219959,0.359163885797343,0.5986,1.564359625415396E-10,23.00240453846961,79.25339128777254,5.999439790974605,30.01157747726122,69.98842252273874,96.47989083212778,12.78174905291889,70.12378381131883,29.87621618868117,47.16,98.93,6.31,114.406779661017,80.98925169374968,42.86723163841808,19.99620057473549,18.01801801801802,0.1520760426325506,0.08933162815688277,1.196170139671801e-6,1.280069434428707e-6,0.1569326528365499,0.1008226540570014,PP
2402402,240240,2060,1466,686.6666666666666,73.465705146568,74.13666271935094,488.6666666666667,70.07447622937393,70.73371646246514,775.9606319212168,835.6506793740731,-197.99999999999994,-28.834951456310677,-3.39122891719407,-4.61607073726222,0.4621560819756153,0.72,3.749844578660052E-05,29.52439451293593,73.04060489177837,4.109992326233955,18.8586464209296,81.14135357907041,95.51363562822608,16.91970712595578,82.45922208281054,17.54077791718946,77.35,98.97,3.65,68.90756302521008,70.31367628607276,23.16926770708283,11.0874540342293,0,0.1519808736190173,0.02354398514985252,2.132737427026875e-6,1.788728802750866e-6,0.1759695359279718,0.06597887319751919,PP
2402501,240250,4161,3385,1040.25,59.6626619908411,58.83807535078125,846.25,53.99869847977597,53.6301036840046,630.8533071960646,658.5065579779723,-194,-18.649363133862053,-5.663963511065134,-9.493313442726738,0.2980939551389923,0.5373,0.07063594326195602,49.64790502338813,83.32869697293118,7.091310717705068,51.28327468731759,48.71672531268244,94.32798708511544,45.08521569003436,51.87674490745528,48.12325509254472,53.71,99.1,5.95,53.74592833876222,86.40264708923586,40.4839460214053,14.30373816886908,12.98701298701299,0.1070244758561633,0.03088038057732229,6.726360118089733e-6,6.05211116989319e-6,0.08994677930087674,0.0328356587951402,PP
2402600,240260,13303,11685,4434.333333333333,29.70740249030164,28.01601246340217,3895,28.5236889495708,28.36877786753577,747.8597958417854,743.9818273447842,-539.333333333333,-12.162670074419298,-1.1837135407308388,-3.9845743535379006,0.4323999995800183,0.4923,0.2586206895259181,1.490147782598381,72.32062935817248,5.910000017171252,47.91094931499055,52.08905068500944,95.66999997992046,55.10999985548223,67.1505093193233,32.84949068067669,60.79000000000001,99.21,8.23,5.475216007276035,64.32452568433763,1.10050022737608,14.76976538167277,11.60541586073501,0.213468933227861,0.01014780499406487,8.982825537758064e-6,9.612152415728271e-6,0.2825325935793978,0.02562504918510817,PP
2402709,240270,7322,6333,1464.4,73.80411491019215,72.35160013881142,1266.6,65.96508709720558,65.85690396953704,604.9430685529705,698.3572557283585,-197.80000000000018,-13.507238459437323,-7.839027812986572,-10.621396682997174,0.3790000071782695,0.7047,0.06068832975354062,9.526704639669902,71.5646772678983,10.42999944169242,56.55917754820588,43.44082245179413,94.73999948227808,4.750003255373283,47.6372575798962,52.36274242010379,37.13,99,17.77,20.50754458161866,69.33442593098424,13.64883401920439,17.4418591255939,0,0.1782110502687601,0.04752457036321237,6.279707946682808e-7,4.611705080427888e-7,0.1162035932766723,0.0764178118625298,PP
2402808,240280,7200,4177,1800,82.95486759136267,81.95738572255004,1044.25,77.83468690267478,77.72548605121182,603.2160899703036,561.0488739480354,-755.75,-41.986111111111114,-5.1201806886878956,-6.172248642370219,0.5242000089153248,0.6299,2.985182390090702E-06,8.381848380393672,86.47548326873567,8.089999554046507,57.94634132142581,42.05365867857423,97.34000009245239,20.22000800192643,57.00605823724839,42.99394176275161,48.11,99.05,7.58,99.27963326784544,88.76294703928083,11.39489194499018,3.387198354384293e-6,31.74603174603174,0.1446598724625539,0.06041193140966941,6.353734844043737e-7,4.140976834087161e-7,0.1464069942529697,0.04623378765883256,PP
2402907,240290,1817,1679,1817,76.9347239545481,76.8446598205906,1679,74.4758948467752,74.0784496007303,529.6334406461486,667.6536535840828,-138,-7.59493670886076,-2.4588291077728996,-3.195993930160248,0.33499999994799,0.5575,0,58.85416657127215,94.90779545560851,5.840000008953742,62.76194463023426,37.23805536976575,98.01999998799909,0.3200000158868538,42.17863894139887,57.82136105860114,7.71,98.68,5.31,62.01881950384944,84.7117202268431,44.99572284003422,15.38461539359895,85.1063829787234,0.237550638445025,0.0469337484044137,4.03737547466495e-6,1.812553387400226e-6,0.1832063502121468,0.02330220094833148,PP
2403004,240300,1641,1048,410.25,52.32453432726263,53.81103215209068,262,42.261534687289,43.4481789585877,698.835854354019,798.0304654963281,-148.25,-36.13650213284583,-10.062999639973633,-19.23189526548832,0.309100005605789,0.564,1.199164086253828E-06,28.53773554013657,67.41559132868596,14.67999952993202,18.14986880186198,81.85013119813802,95.25999989163765,66.19000108206095,84.65116279069768,15.34883720930233,81.39999999999999,99.44,17.78,64.1399416909621,78.36580766813324,35.27696793002916,2.661109744980365e-6,15.87301587301587,0.4305200679025091,0.03025451280184985,4.261171928111897e-6,2.227202859388623e-6,0.4249869104906492,0.03980005328943951,PP
2403103,240310,5812,5390,968.6666666666667,63.55624913609002,66.06138090546722,898.3333333333333,51.06026689027852,53.51113329568687,963.2264154106165,1007.873129220272,-70.33333333333348,-7.260839642119768,-12.495982245811497,-19.66129596328826,0.4848000188561705,0.6474,45.44035521247941,11.2237002864078,68.7165984260331,2.820002082376512,11.42972263973903,88.57027736026096,94.52000235772539,83.42999035354252,87.15318199456733,12.84681800543267,83.28999999999999,99.5,2.67,46.44808743169399,60.41181606519208,32.97974927675988,19.26444045388931,8.94854586129754,0.1780121352675585,0.05493451832793374,1.244932204280752e-6,1.041661889841164e-6,0.1493733336282395,0.05984218057298271,PP
2403202,240320,4170,3582,4170,78.3827579472455,78.4789317991032,3582,77.4423138147547,77.2926190395186,606.0488696557857,640.8955774079583,-588,-14.100719424460431,-0.9404441324907964,-1.1998099545358563,0.3048155328394972,0.5886,3.537907993598757E-07,38.58627634199515,94.27610670854847,6.513579291537516,56.04879428807127,43.95120571192875,92.84593534999556,24.37414672331269,38.58402047199318,61.41597952800682,34.74,99.14,7.47,95.30744336569579,80.83593972135343,30.42071197411003,10.4630688762971,22.72727272727273,0.3795709806768136,0.08426753012622243,3.754878630939557e-6,2.04391276193098e-6,0.5384483893971423,0.02543850658569177,PP
2403301,240330,2471,1185,2471,81.2429083162751,81.219710712165,1185,80.1327881537893,80.0314803775574,575.1446541101702,681.4466492205942,-1286,-52.04370700121408,-1.1101201624857993,-1.366421002758973,0.2960000054794206,0.6855,1.37738510409038E-06,31.24274110524482,88.66373512830015,6.610000086867426,59.28120760625406,40.71879239374594,97.41999932808164,16.069999903375,57.05480593036815,42.94519406963185,46.40000000000001,97.09,5.45,12.32423490488007,88.02265533899717,34.07775020678246,12.04819294562475,0,0.3346304358217371,0.0344979847085924,2.817861156454819e-6,2.007005124931908e-6,0.3158481952293663,0.1264926024583627,PP
2403400,240340,1145,982,381.6666666666667,77.83583138153139,78.47240804351436,327.3333333333333,70.94486889019797,74.02368061819902,597.7735877754336,659.9765850663247,-54.33333333333337,-14.235807860262017,-6.8909624913334255,-8.853200857527538,0.4077999971083574,0.7531,0.3472532276052466,81.59720150325597,82.8065993113086,8.489999886575056,17.38236021340388,82.61763978659611,98.30999439003804,50.429999497443,84.51492537313433,15.48507462686567,66.43,98.9,2.58,175.1846381093058,91.30597014925374,46.38109305760709,21.27658833875451,0,0.09133047256990731,0.07125943464679692,1.251472460561762e-6,4.317228302304557e-7,0.06508646910813108,0.08302766441969023,PP
2403707,240370,2050,1772,683.3333333333334,62.12694772253543,62.9027794232195,590.6666666666666,53.71123810404507,53.67739671494436,688.8691510298157,702.6409554096695,-92.66666666666674,-13.560975609756106,-8.415709618490354,-13.545989183430795,0.4645000013641079,0.5903,3.279959390322452E-07,67.05877360956741,91.57653879267127,2.949997431504304,32.42066996292568,67.57933003707434,94.73998187628294,4.910045029182614,73.00168634064082,26.99831365935919,23.12,99.67,3,240.2472527472527,96.03709949409782,78.43406593406593,3.082875340931321e-5,44.44444444444444,0.06458137217848346,0.7910762369176549,3.707814996870174e-6,5.159248158096255e-6,0.06225619331769693,0.4702489360772936,PP
2403756,240375,307,239,153.5,56.4633558174612,62.7878684573998,119.5,49.7350411540027,51.6966859565301,628.4385694046147,676.6768079682024,-34,-22.149837133550488,-6.728314663458498,-11.916250045800108,0.3870999998746474,0.7565,4.700992309658043E-11,66.11570239407816,81.63980374713655,2.620000005282797,14.61107220805158,85.38892779194842,96.85000000363179,7.050000109069355,86.65304732720463,13.34695267279537,40.27,99.12,3.5,83.79629629629629,84.67824310520939,72.22222222222221,2.643253479821297e-8,0,0.05278417359746302,0.1006540602642362,1.734795670407587e-7,2.047200221206586e-7,0.08022720691612044,0.1844337635008968,PP
2403806,240380,2072,1862,414.4,79.09521872092388,79.8771532308057,372.4,75.74077633258686,75.82826807732143,685.2211174279491,765.2575689295493,-42,-10.135135135135135,-3.35444238833702,-4.241017905485145,0.3621720538884716,0.6595,10.76907101122599,26.96625645555675,85.63165507150208,10.80689721268088,23.62464783977313,76.37535216022688,93.86859454396001,73.40879494955742,71.0921401236385,28.9078598763615,82.02000000000001,98.8,11.79,77.54303599374022,67.99136492984006,23.31768388106416,23.74675334032022,9.70873786407767,0.2371491367454938,0.02673824729819479,8.001498825608873e-7,8.858629278465833e-7,0.2223839722259867,0.0305306809327202,PP
2403905,240390,1752,1184,876,47.47337489128055,47.81082784293621,592,50.0335948171453,49.99121773479035,641.3441370610549,728.4143143017022,-284,-32.42009132420091,2.5602199258647502,5.392959594147133,0.1621001097315088,0.5169,0.2785507336993943,49.58216962807422,90.81419245373098,11.55998561969055,42.69304199208618,57.30695800791382,98.10999013358902,1.080000220768175,63.12662458225028,36.87337541774972,24.32,99.35,10.1,114.8872180451128,96.50946899368734,27.5187969924812,2.378135479297969e-7,103.448275862069,0.2689000526095414,0.05877720822673169,2.125838902630156e-6,9.688889451660034e-7,0.2652391731769018,0.02121913385415215,GP
2404101,240410,1421,858,473.6666666666667,82.54999639730083,83.79115960368317,286,80.98442819504743,81.03499637706847,715.0610514813548,778.5654199098211,-187.66666666666669,-39.61998592540465,-1.5655682022534023,-1.8965091103318237,0.5162999675515484,0.653,0.4291841129272418,17.16754993189803,79.2959773749902,9.250019991663212,42.65859262747747,57.34140737252252,88.00000904893913,0.9000444221832781,60.60894386298763,39.39105613701237,17.15,97.67,18.65,34.82758620689655,90.67554709800191,13.79310344827586,1.340177224125874e-5,34.48275862068965,0.01394524755335654,0.01010888686736723,8.545767820860934e-7,2.61041540367631e-6,0.01121528046059656,0.007065626690175831,PP
2404309,240430,5838,4333,486.5,81.35781396854256,82.04152822739167,361.0833333333334,76.92170392232246,76.92675493417218,625.557027903604,698.058983518992,-125.41666666666657,-25.77937649880094,-4.436110046220094,-5.452592479851217,0.4658001413633354,0.5355,0.194728511207371,37.67824115178533,78.54371464560911,1.410062814776618,44.99755778070948,55.00244221929052,83.98005529106517,31.57990234102981,56.04423221915054,43.95576778084946,24.25,99.34,8.98,61.83473389355743,80.75730920666834,44.92296918767507,18.18179197953443,17.39130434782609,0.0515608899210191,0.1373504373834472,1.37272500349071e-6,1.798379123393944e-6,0.02848437855183986,0.1913129902735513,PP
2404408,240440,1620,716,1620,74.3737568136633,72.7951045103902,716,60.5135021860159,60.5216758863242,769.6810773174124,828.9550893338667,-904,-55.80246913580247,-13.860254627647407,-18.63594797607578,0.4690999998099817,0.4592,0.1464128850378706,10.98096635191061,78.40945378850739,1.120000002356676,25.06121577458608,74.93878422541391,93.14000001375501,17.68000006601038,72.90087905425887,27.09912094574113,3.79,99.87,2.6,15.35926170072512,68.17217338587452,4.943968358602505,8.77192988746196,20.61855670103093,0.09285299185666943,0.2271268242632429,2.356509514067444e-6,2.529281426273023e-6,0.04256138508229378,0.4256138508229378,PP
2404507,240450,690,757,690,62.5185578621533,64.0085599948927,757,56.1964142594274,56.2903816146495,892.8705452344051,817.9915444616983,67,9.710144927536232,-6.322143602725902,-10.112427123903831,0.4727000000523279,0.5717,5.290923727123456E-10,8.458646627704251,85.66591421264617,2.310000008470873,64.47113831456905,35.52886168543098,88.70999999953015,37.30999995693772,81.430256948086,18.569743051914,58.5,96.24,2.11,25,85.27792343995804,30.40345821325649,10.30927833839805,7.8125,0.1566183304795522,0.1213125915218978,3.97872554637875e-6,3.32226246301284e-6,0.05992822839323839,0.03488414776223691,PG
2404606,240460,7558,5850,2519.333333333333,41.57592719737017,42.9892735038632,1950,47.16406811276353,47.0221518491965,514.714203520803,513.7879598763452,-569.333333333333,-22.598571050542464,5.58814091539336,13.440808881700253,0.3838000900464551,0.7178,0.03453070932091254,13.36323947801114,78.10367466351336,10.04999065401384,87.29758336377205,12.70241663622795,95.57999971027913,18.96005742826576,13.17989828463063,86.82010171536938,22.26,98.23,12.33,2.092335683420514,83.72554090164641,25.40368433022515,16.66665787737298,14.49275362318841,0.3620359223351468,0.09812745200184396,4.063618375276138e-6,1.034453785982123e-6,0.3964111882344379,0.01630381193922388,GP
2404705,240470,3887,3644,1295.666666666667,63.19856385633636,63.3097834123827,1214.666666666667,61.3049936532221,61.03898597807333,619.5995118056969,663.7361669941424,-81,-6.2516079238487245,-1.8935702031142583,-2.9962234702338204,0.3688001145103058,0.4548,1.127980178603482,16.61611122493917,84.18012025830284,20.60996820736607,61.15037291086726,38.84962708913274,92.18000657092095,18.44007305195577,49.64156434097523,50.35843565902477,11.37,99.46,26.4,3.121818798778419,80.43864007381644,40.58364438411945,16.66664616230666,24.24242424242424,0.2772723276315958,0.09029340735463007,2.144541246889359e-5,2.529160966458052e-5,0.1784908550328176,0.09315790614391899,PP
2404804,240480,172,127,172,40.2851882666113,43.1523876522826,127,47.5536324771692,47.9730901966745,725.0236398985406,863.0675724547448,-45,-26.16279069767442,7.268444210557902,18.042472986484835,0.4716999892453234,0.7799,2.829670662396796E-07,78.94736303143414,40.00963530192288,8.900001037948194,9.051520259213993,90.94847974078601,95.71000015845695,1.880001746640203,92.62899262899262,7.371007371007371,77.09,98.32,14.5,122.8070175438597,83.48894348894349,26.31578947368421,3.583359129258152e-6,0,0.2958056176472725,0.02138717038668243,5.986870008865255e-7,8.331961646477884e-7,0.2861663094531424,0.04518415412418039,GP
2404903,240490,533,346,533,35.7989897696985,34.9066968821857,346,24.2378821992086,24.4058855662447,605.8427553139874,715.2503952683453,-187,-35.0844277673546,-11.561107570489902,-32.294507875402736,0.389300982033191,0.6284,0,72.24588676812041,76.2402736900452,6.980004289569681,13.92937427215853,86.07062572784146,96.26002558382339,3.290107260437793,82.5343109607069,17.4656890392931,35.58,98.15,9.58,102.092050209205,81.08667042677195,52.30125523012552,28.16891718946269,0,0.2663328690369666,0.3045254845500626,1.502297623332165e-6,1.413757606997518e-6,0.3321555022519477,0.4428257806590645,PP
2405108,240510,2993,1933,748.25,48.83698389020075,47.74195436223118,483.25,44.59116533546987,44.56465583062317,599.0703130917944,668.4457610455166,-265,-35.415970598062145,-4.2458185547308815,-8.69385907261733,0.3891060533345654,0.5798,100.7806605118938,33.8388320109897,79.37195873793928,7.242894944544335,41.45803436368583,58.54196563631416,97.65938095408374,16.7002713924534,60.02743066138373,39.97256933861627,34.42,98.11,10.04,68.91891891891892,73.34654068881439,35.22522522522522,41.91742204043686,12.5,0.1031749166883032,0.03878543831297649,1.461124904472801e-6,1.472637786320326e-6,0.06658400202101304,0.01938712449657449,PP
2405207,240520,835,559,417.5,58.5788798835237,58.93462537485846,279.5,48.8166786191788,48.5064722794889,596.003137479347,721.8529035880639,-138,-33.053892215568865,-9.762201264344895,-16.665052803597018,0.5018801169253778,0.4933,1.736352296804963E-09,119.7420407134748,79.28591053446003,6.723451242385988,25.57735261069019,74.42264738930983,96.74555075483474,41.45254753230585,77.05472216353265,22.94527783646735,31.47,98.35,5.43,89.98144712430427,82.52693851679696,93.87755102040816,0.1319583929975688,19.23076923076923,0.2006114071334837,0.04050661156192775,1.296695170777309e-6,4.175020453209989e-7,0.1787921009013234,0.04588469846140159,PP
2405405,240540,1194,1083,597,39.56560755014065,39.13395010289995,541.5,29.70771943666765,29.67725786388965,514.9471218407259,554.7789421649919,-55.5,-9.296482412060302,-9.857888113472999,-24.915295692048474,0.4922994590299541,0.6956,0.2748956565477133,134.0655417089059,98.24329117701589,9.339989747052085,25.62482041064477,74.3751795893552,90.50002625101838,52.97989934768786,80.2423294899355,19.75767051006449,60.53,98.5,4.66,124.9122807017544,118.2333398475669,84.91228070175438,9.901027926077754,0,0.1588988524326437,0.09447197924824473,5.202948193206019e-7,3.823866626941468e-7,0.2433416205037688,0.2520630003146559,PP
2405504,240550,2193,1571,731,76.692251727459535,76.75210327465359,523.6666666666666,66.3661572137952,66.3750513726215,597.5072464360499,671.7423638450787,-207.33333333333337,-28.36297309621524,-10.32609451366433,-13.464325640561533,0.5276999996815852,0.5848,2.478789270842297E-08,38.70431896306069,81.9332566172856,4.780000001041445,83.39087065741153,16.60912934258846,98.43999998486689,9.040000011434241,36.82042833607908,63.17957166392092,31.57,99.02,8.18,111.4874815905744,95.05766062602964,48.01178203240059,5.667850317289769e-8,28.57142857142857,0.09989306231401317,0.105032134415609,2.468797660824546e-7,2.177667690543233e-7,0.2843745042507121,0.09302846201579819,PP
2405603,240560,2772,1737,693,29.822773486468,30.8186215877203,434.25,30.42290987395688,30.21579037193497,641.1306888918901,672.175142132553,-258.75,-37.33766233766234,0.6001363874888774,2.012342640637322,0.1573024478133952,0.6045,0.1247925352255074,14.83798232235616,68.96193731224628,5.460072967292512,21.54604416388216,78.45395583611783,95.32002054125445,21.13032966300153,83.10433662516101,16.89566337483899,36.6,97.6,10.65,70.72819033886086,70.49520538142264,13.04974765681327,22.47202326479351,11.76470588235294,0.3179590141750038,0.02133479356779839,5.171556549013344e-6,2.342610064203363e-6,0.6676111066348538,0.06879297055324363,GP
2405702,240570,1247,750,623.5,31.201722097124,32.1742482005146,375,34.8047845092066,36.38816091180805,774.1507385064298,948.9950775765062,-248.5,-39.855653568564556,3.603062412082597,11.547639584978892,0.4644999995414794,0.5778,1.549800558967844E-10,16.64190196103323,72.55015273116686,6.210000023438971,18.80624123470054,81.19375876529945,91.59000001252862,73.73999997540876,84.11400034441192,15.88599965558809,84.18,98.36,9.24,43.78378378378379,69.24401584294817,27.83783783783784,2.618569090293198e-8,22.47191011235955,0.3008301360220211,0.06667804149208942,3.140497927808612e-6,1.37305828632233e-6,0.3527852445978805,0.09242713050350375,GP
2405801,240580,9000,9608,1285.714285714286,60.48816435720974,60.72891364906148,1372.571428571429,57.40589689549866,57.18226928873171,665.043274902111,790.2418326025432,86.85714285714289,6.755555555555556,-3.0822674617110835,-5.095653826604676,0.3285000037591003,0.6301,0.0848540399497654,39.32965636034604,77.37921609157328,4.470000064495625,29.69559715996658,70.30440284003342,86.18000006740364,17.5399998789567,67.72677990603542,32.27322009396458,52.22,99.08,1.78,68.56835306781485,79.58679677147332,42.41119483315393,28.77697812549729,9.433962264150942,0.1669261137988378,0.03463750093237608,1.123283584207275e-6,1.238026175824893e-6,0.1878418298172916,0.02810966389464434,PG
2405900,240590,2486,1910,1243,85.8113459300355,85.74957088176106,955,84.6323146025747,84.52918750447361,481.533150761724,547.471519709602,-288,-23.169750603378922,-1.1790313274608053,-1.3739806953058444,0.3151999886742172,0.65,5.112964261635975E-11,12.37623991153314,91.46480830156365,7.799998000790398,55.17107450594784,44.82892549405216,99.70999873917614,37.63000023106947,63.27710843373494,36.72289156626506,96.02,100,5.82,152.6806526806527,104.3855421686747,51.51515151515152,19.23076474844916,0,0.1843737049410375,0.0950233139378954,1.818859791305739e-6,1.513595887209014e-6,0.1418261152336465,0.1636455175772845,PP
2406007,240600,1714,1669,1714,58.7158319008392,58.1243485812236,1669,57.222143322579,57.263869324498,578.0426866982109,686.1019323509711,-45,-2.6254375729288215,-1.4936885782601976,-2.543928153454041,0.290700000592617,0.6839,16.42011827462562,33.43195261235341,74.28425362363222,10.80999999098655,39.63871850697262,60.36128149302738,89.12000002270821,21.6899999830143,53.28958729062339,46.71041270937662,9.059999999999999,97.84,9.32,28.42031029619182,88.11949576929719,42.31311706629055,12.82051282452148,0,0.5242773523557112,0.1882252386800386,3.661984906283603e-6,1.67216508920898e-6,0.5326356362671845,0.122915916061658,PP
2406106,240610,5377,4179,537.7,61.98764259809082,62.22882944643974,417.9,58.83734348208117,59.01084732809665,600.9193893543336,696.1465314973145,-119.80000000000007,-22.280081830016748,-3.1502991160096556,-5.082140542809871,0.3981999884676033,0.4943,0.04876201551993408,14.38323047655466,80.36400718098642,9.730000269890944,40.27243663706951,59.7275633629305,97.47999923210276,31.86000682355349,66.15982429464437,33.84017570535563,47.34,98.49,13,60.24939172749392,71.10998479472885,18.7956204379562,37.87878462842118,32.60869565217391,0.2012743736274338,0.024257589402829,9.079657564902257e-7,8.195524014004496e-7,0.2938518728807403,0.03473438522545329,PP
2406403,240640,1469,1166,1469,74.7087009118302,75.2556714284883,1166,66.24475509713,66.233281246397,577.4500693926244,721.2517689639054,-303,-20.626276378488768,-8.46394581470021,-11.329263809163539,0.3858000145913322,0.3851,90.95021831784919,95.02261749371335,96.5142418737033,10.10999972806506,32.79610405311885,67.20389594688115,87.19000073052366,18.68999996265558,70.36891679748823,29.63108320251177,2.42,99.03,4.73,61.68674698795181,102.9827315541601,63.6144578313253,1.172758169058931e-7,31.25,0.3245146689207252,0.1330130305974613,8.794572042165705e-7,6.863261655419915e-7,0.2858754373258068,0.08277587289732315,PP
2406502,240650,2932,3070,1466,59.48091731799995,61.34436905806635,1535,46.6914616153253,46.7767400386307,568.9467169133003,702.3354988297783,69,4.7066848567530695,-12.789455702674651,-21.501779527539906,0.366800029724546,0.5581,0.1103144299118031,27.02700297209295,82.20695343960563,8.650002986122212,51.36237529633996,48.63762470366004,91.36000527075048,46.38993799942862,48.36139313712891,51.63860686287109,38.09,99.1,6.51,83.41058794828007,81.78897313969927,19.32178580141498,23.16601669073406,17.9372197309417,0.339028750049385,0.01637145984683779,2.483230807801396e-6,2.350792955989101e-6,0.3222777716826357,0.01626296577036009,PG
2406700,240670,1799,1186,359.8,69.94272976130053,68.27915091289726,237.2,48.96504671867484,48.61085771120548,723.3231061358525,776.3914299233137,-122.60000000000002,-34.074485825458595,-20.977683042625685,-29.992657012698814,0.2635000446358053,0.4794,1.010141372743104,59.25924896191923,78.89413376616093,2.980001712533823,22.28109790882123,77.71890209117876,97.72000024424554,61.06998240451519,80.44471519951264,19.55528480048736,75.61,98.91,2.61,35.83333333333334,76.11940298507463,80.625,37.03703991819116,0,0.09461889484320901,0.1970345088990099,3.844276583718822e-7,3.563913026801449e-7,0.07978693402581069,0.2905829139904503,PP
2406809,240680,1084,1108,1084,83.328191537625,81.4645455736915,1108,72.674030405036,72.5925196878651,576.5693843997054,667.8195022657474,24,2.214022140221402,-10.654161132588996,-12.785782261671125,0.547899805384268,0.693,0.1633986284616712,26.47059399235064,91.30524946298615,7.519994194497724,48.17860869489709,51.82139130510289,98.149996292343,34.55007820337011,51.29544504805683,48.70455495194317,36.12,91.9,2.95,81.85185185185185,93.12578353531133,20.88888888888889,2.225730821280906e-5,0,0.1975707682211275,0.125633588154739,6.970388786421618e-7,6.719915248657688e-7,0.1858495830987613,0.05860451970004297,PG
2407005,240700,1927,1118,1927,80.7972837272857,80.4080258635326,1118,79.3014390469639,79.077481452576,603.4523581446927,672.0545750326174,-809,-41.9823559937727,-1.4958446803217953,-1.8513551586346706,0.3041999954840189,0.6691,1.696866649410455E-09,16.30725893734636,83.75649671982822,6.250000508287608,30.42665378670739,69.57334621329262,86.33002540512766,3.880107738133663,71.67751185618175,28.32248814381824,16.96,97.26,2.21,35.65436241610738,83.12562038160361,51.1744966442953,23.12137468874749,9.615384615384617,0.12675370315628,0.0659812153108087,1.701831930189163e-6,1.996064812529191e-6,0.0790039089045495,0.07813573408142259,PP
2407104,240710,14970,11273,3742.5,29.96271135421697,30.60128711354102,2818.25,33.0309818943784,32.9877819784069,714.1064240183107,761.5478090453888,-924.25,-24.696058784235138,3.0682705401614285,10.240296693742298,0.4929134287250679,0.6195,NA,NA,63.97794436325794,1.350641075784136,38.58837421803425,61.41162578196575,95.31847521257964,19.63548199311066,77.53330248642331,22.4666975135767,44.48,97.8,2.31,33.24287652645862,61.51279740885956,24.26503844414292,9.439514231881072,17.99775028121485,0.3075394533398459,0.008769898097353629,4.859164549754822e-6,4.235841282494443e-6,0.3085277303635341,0.03595546884859736,GP
2407203,240720,1493,2640,298.6,60.37057905856096,61.06778975026644,528,60.16896804293064,60.35164192105634,927.6972264122734,998.5134007925125,229.39999999999998,76.82518419290018,-0.2016110156303199,-0.3339557426387317,0.3904000220491739,0.4721,3.419532463510276E-08,7.759510528055625,54.06162130102313,3.090000125254879,24.13484099153615,75.86515900846385,94.84999980349518,70.65999411816944,80.17288744002052,19.82711255997949,91.42,98.92,3.83,3.730321697467488,51.92117504853302,6.878850102669405,12.95336837385163,20.16129032258064,0.0317600449967918,0.03787388793686301,1.057799579460365e-6,1.478194342298874e-6,0.02434508175108961,0.0222216770547471,PG
2407302,240730,6272,5424,1254.4,44.19219140357074,45.29350434345288,1084.8,38.97572438635558,39.17142421236724,573.1104326786408,636.9704435145755,-169.60000000000014,-13.520408163265316,-5.216467017215159,-11.804046940278385,0.40219999984962,0.7083,6.620877011728207E-09,27.89968652254559,85.10586810425218,10.8599999977022,40.78644886997672,59.21355113002327,97.07999999257234,31.01000000600318,62.90526849037488,37.09473150962513,58.85,100,12.19,83.48329048843188,85.67629179331307,34.19023136246786,35.39823006176361,12.98701298701299,0.2799770525651989,0.01850350994474084,1.744499502380757e-6,5.718954220931442e-7,0.1978537957375725,0.04737344404984131,PP
2407401,240740,1787,699,1787,91.9138183282451,92.3616591828722,699,89.8456284657223,89.6806099540459,706.6291949332945,804.1240998543327,-1088,-60.88416340235031,-2.0681898625228,-2.2501402946147064,0.3714999996136757,0.5519,3.804674651387416E-10,14.19213984472889,83.47529814239914,3.990000007314598,38.71988314703236,61.28011685296764,95.63000000030713,0.2900001202243258,74.01882870766597,25.98117129233403,35.8,97.94,2.12,8.942390369733449,69.0182173859885,31.72828890799656,9.803921597178306,25.64102564102564,0.164605789882034,0.02089511268428783,1.461720811808354e-6,1.056251160205409e-6,0.07949227497078878,0.0298096031140458,PP
2407609,240760,736,503,368,64.3199065122039,66.84137710355336,251.5,61.31041717196125,61.20136105214135,658.7156944835434,733.126133396125,-116.5,-31.657608695652172,-3.009489340242652,-4.678939232711166,0.5363763935420298,0.6947,3.892891292050291,130.1887725170135,86.507789540521415,6.439825132230147,14.10001053046864,85.89998946953138,91.88992713109432,18.41999601582382,90.2364785764458,9.763521423554202,52.16,97.76,6.28,452.3636363636364,97.47131819246079,117.8181818181818,0.1623985196861807,0,0.456244239281422,0.06620342195101535,2.160537486176724e-6,1.135425152755107e-6,0.4208440002827203,0.1750711041176116,PP
2407906,240790,2445,1556,2445,37.5493046771816,37.4899297288659,1556,34.4142991133859,34.4703473440714,613.7198040181993,645.0415326935491,-889,-36.359918200409,-3.1350055637957013,-8.349037594032515,0.6044960989139825,0.4772,2.555844625441148E-05,54.57970856071469,119.504019994141,5.860003381282361,43.25528984640128,56.7447101535987,98.97998553406154,25.23023543407762,65.90509666080844,34.09490333919156,74.24000000000001,98.5,3.91,3.891050583657587,115.817223198594,31.51750972762646,1.751098722491127e-4,71.42857142857143,0.1951034746655496,0.07372514434556991,6.216460830644316e-7,4.774625823291928e-7,0.1257440031526064,0.04632673800359183,PP
2408003,240800,18826,13592,855.7272727272726,66.76959487326592,67.17882009468129,617.8181818181818,63.62835442556057,63.48690157114611,1235.00052101964,1283.159358120689,-237.90909090909088,-27.80197599065123,-3.141240447705343,-4.704597135369281,0.5106997406287515,0.7065,0.01631048526778212,10.27569943120369,43.43335802041785,2.470036553666396,8.688795338368424,91.31120466163162,96.87992020412439,64.89970023168426,92.98597118343712,7.014028816562883,81.87,98.7,2.67,30.12308356726409,55.07287622994054,32.43359965450227,19.45717785983789,11.85050136736554,0.1129153036748683,0.06962193003352071,7.637084502475531e-6,1.240865013600315e-5,0.07312275083005984,0.07860695714231433,PP
2408409,240840,695,166,695,40.31140262457,41.5154120160532,166,31.9797598190183,31.8530289231056,584.35186611009,1500.369349849827,-529,-76.11510791366906,-8.331642805551699,-20.668203692008277,0.3026000854764117,0.6741,0.3448281373888688,22.41390421435543,83.77182084511337,5.029999948616834,24.56342240672566,75.43657759327436,98.18999683639197,2.410048150555355,80.28710587028966,19.71289412971033,29.66,98.57,7.2,42.79918864097363,75.21148423481159,35.9026369168357,23.25578602295991,0,0.2772225029510026,0.2200889767040252,5.122265988493486e-6,8.67579085371361e-7,0.2962206529672579,0.08512087728944193,PP
2408508,240850,900,589,450,26.0955070660507,27.40703753242895,294.5,33.9274027391596,36.5543586896137,676.876010114003,840.4502539455209,-155.5,-34.55555555555556,7.831895673108896,30.01242954691578,0.4518000037822533,0.5441,2.291608864572955E-05,32.42575017519097,74.61162174974753,7.990000691926411,30.66609737335263,69.33390262664736,98.87999814874435,16.85001769227025,74.06275468622657,25.93724531377343,79.03999999999999,99.84,15.13,92.08053691275168,84.27057864710676,28.59060402684564,13.69863298269107,19.6078431372549,0.2268231226460704,0.08216146420698087,1.58745047806279e-6,1.125802205591816e-6,0.3007015875194332,0.1623032090623758,GP
2408607,240860,1747,1854,1747,63.2347052598592,62.3334235850728,1854,56.2020911806909,56.2471545513821,544.4311135167933,620.0087892940945,107,6.124785346307957,-7.032614079168297,-11.121446759763005,0.2015000264537236,0.7031,3.412968592129761,13.65187572319959,94.5344088227807,8.139999847622684,79.2256985657284,20.7743014342716,98.76999945698967,1.150010843074647,60.98118962887646,39.01881037112354,3.78,99.25,5.94,84.01253918495298,98.7036095577021,52.50783699059561,3.488821669773748e-6,0,0.3292521874985969,0.09238010375985944,1.873237084730539e-6,1.11070808121188e-6,0.2978663517203876,0.04240006119916451,PG
2408706,240870,125,93,125,27.2351850962205,28.1482058847358,93,21.7583938512442,22.5252486990694,702.0980452088158,767.2424447441105,-32,-25.6,-5.476791244976301,-20.109249214305247,0.4820999990988364,0.5937,1.080850903747112E-07,145.7746428533539,81.62736411693683,9.679999750250627,13.57864782731805,86.42135217268196,97.179999985969,18.62999980005174,88.48518725544997,11.51481274455003,31.62,98.44,19.32,144.8844884488449,79.76523197316936,101.6501650165017,5.749452886530383e-7,0,0.130368872554998,0.03904562860003538,6.833520815977843e-7,2.356540963268085e-7,0.1498291477985484,0.04527391611275001,PP
2408805,240880,1644,1534,548,63.79506465063273,63.71154391817547,511.3333333333333,67.43117944683746,66.1520613423447,574.5603407348059,655.9688221501972,-36.666666666666686,-6.690997566909979,3.6361147962047298,5.6996804002277415,0.5429994212439903,0.5573,1.171425574475462E-05,58.01864600509271,76.90406247641705,3.75013540615841,35.25307702074063,64.74692297925938,86.73003905803489,44.84964869549385,66.61105318039625,33.38894681960375,88.53999999999999,97.72,0.93,25.28735632183908,91.53284671532846,55.60344827586206,8.037844078326923e-5,12.19512195121951,0.05435779927855403,0.02660637862004911,1.429878755857714e-6,1.2488368752783e-6,0.1525954147318807,0.03946859781038103,GP
2408904,240890,1250,982,416.6666666666667,58.57709490935724,59.50980696637983,327.3333333333333,55.7583359715455,60.72091793106813,750.8113641162425,896.1092891346595,-89.33333333333337,-21.44000000000001,-2.8187589378117437,-4.812049730655844,0.3249445144540375,0.6496,0.1009056461257238,25.14272775000769,74.86250126134006,6.679515395688086,16.06848528900937,83.93151471099064,90.90071651590063,70.95287782114156,84.67136259737836,15.32863740262164,80.04,97.07,3.72,30.9462915601023,67.84531417642394,32.01193520886616,18.27376124367563,4.016064257028112,0.2644031097045039,0.0773246832764124,1.260387017327517e-6,1.011256641390101e-6,0.204855784874183,0.1452613747289662,PP
2409308,240930,2122,1296,707.3333333333334,62.23956687984567,62.33857674422777,432,56.75189369807,56.74256372492744,697.7892889959869,794.0949942118273,-275.33333333333337,-38.92554194156457,-5.487673181775669,-8.817016982733342,0.33700684970825,0.6586,0.5683391497744441,67.2370483352851,81.00153935653476,5.010049201643479,15.08686428679401,84.91313571320599,96.91981706503746,21.84986296290428,87.15754983161918,12.84245016838081,45.01000000000001,97.55,3.73,127.3033707865169,81.02302721398016,69.5505617977528,11.9756326143431,21.73913043478261,0.3353837820039084,0.1764481703536407,1.949613876736306e-6,1.422016309746316e-6,0.2709920341441814,0.1656062430881109,PP
2409332,240933,2284,1585,1142,38.59021165234875,37.88407171990436,792.5,43.2020097238515,43.27592777524364,559.1555558126743,640.0903554580431,-349.5,-30.604203152364274,4.611798071502754,11.950693904064302,0.4057996235182746,0.5012,0.2256412218546533,32.43256260946495,91.72614885303186,8.440008822133477,35.93045704294227,64.06954295705772,96.31000192218569,0.9100754676398618,68.08598594460521,31.91401405539479,13.56,98.4,4.74,43.18181818181818,89.87184787102109,43.30808080808081,7.875796028338407e-5,15.625,0.2875929828876386,0.0771104417858147,7.405016277555251e-7,9.312011923572533e-7,0.2080542485015925,0.03467570808359875,GP
2409407,240940,1749,1779,874.5,44.6388016957482,44.1217811983189,889.5,39.4259027313966,39.62092533331365,972.0919095814871,1021.894996254922,15,1.7152658662092626,-5.212898964351602,-11.677954529070893,0.4571999927531705,0.6874,10.92985326406141,50.40783019790225,66.87331116321856,2.010000291164142,7.90773220075365,92.09226779924637,95.24000006288699,57.55999830385413,91.8500380530095,8.149961946990503,61.88,99.33,1.47,355.7377049180328,60.85503457860428,27.63466042154566,16.52892537622918,20.88772845953003,0.265868507171585,0.07412001858076848,3.077822116141951e-6,2.037135916371644e-6,0.4883026697534935,0.1264487484212902,PG
2409506,240950,1527,1013,763.5,72.6011995143012,72.40621214869779,506.5,69.2624017606042,69.0633137745232,571.8931810409043,720.7345939814984,-257,-33.66077275703995,-3.338797753696994,-4.598818994773368,0.3330001189286928,0.531,3.027093564036599E-08,12.84724732888318,101.3348346599403,14.32999471546427,67.02639612026955,32.97360387973045,99.99999267897262,3.100020778727665,36.96498054474709,63.03501945525291,63.4,98.59,2.63,22.81553398058253,97.60978321289605,21.27831715210356,16.12902379210164,18.51851851851852,0.07391059499822002,0.08221368307530605,1.153477010916514e-6,1.114596264050684e-6,0.09508239157335548,0.009904415788891195,PP
2409605,240960,1503,1214,501,66.97433813469942,66.54720868650047,404.6666666666667,44.73062720140733,44.72470240287726,541.6149535591372,709.947760193978,-96.33333333333331,-19.228210246174314,-22.243710933292093,-33.212289292886076,0.3595999999807848,0.6998,2.459495358396714E-07,98.46547295735435,93.9382238919902,6.110000000433904,61.77606170022657,38.22393829977343,95.94000000722176,4.080000071607551,43.07439375256885,56.92560624743116,3.46,99.14,10.41,54.28571428571428,89.02589395807645,75.71428571428571,66.6666665863412,31.25,0.1200342411395836,0.1157992597767373,2.221932214313865e-7,2.799063846340435e-7,0.09698430457237135,0.09207043314070454,PP
2409704,240970,7523,2220,835.888888888889,41.42101532896638,40.95241179760968,246.6666666666667,32.77913851272201,32.7809889512864,664.9807728482887,788.1487933704886,-589.2222222222223,-70.49049581284062,-8.64187681624437,-20.8635079261347,0.5313992644544693,0.5637,0.3731488778217265,34.57717994589549,80.82554205879481,4.039997560877287,42.54631320581876,57.45368679418124,99.0699962118053,49.43002688432743,58.53775853775853,41.46224146224146,53.2,100,5.57,17.45689655172414,82.33124899791567,28.01724137931034,23.52945031740702,0,0.05175631911687437,0.1483044181183336,1.944494349167526e-7,2.153078465560738e-7,0.05597510270877102,0.2452743625138898,PP
2409902,240990,2678,1420,535.6,70.22154222705694,70.33514101242812,284,69.30764985686444,69.49405734017638,720.8023234383764,813.6449121510863,-251.60000000000002,-46.97535474234504,-0.9138923701924995,-1.3014416106634143,0.4175000001494717,0.466,4.422989946627862E-11,14.50654182689298,68.33680812765054,8.319999842964222,21.27754791857827,78.72245208142174,97.14999986247912,61.73999932250288,81.59439191392241,18.4056080860776,74.68,99.33,39.43,26.40977443609023,66.8079556569938,26.12781954887218,5.171806231555913e-7,19.10828025477707,0.1230700583368625,0.05449757366947225,1.741193266853877e-6,1.41334134804635e-6,0.1244387738380998,0.05278667693150559,PP
2410009,241000,858,850,858,25.5987310377397,25.3146771562238,850,23.7937060340157,23.7573079021071,587.5819352340278,598.9899135044018,-8,-0.9324009324009324,-1.8050250037240012,-7.051228441999288,0.3478999996519418,0.6261,8.2876849997197E-11,2.559478515994148e-7,85.75152040903143,6.620000012228125,26.64349853732076,73.35650146267923,95.24000001623537,21.98000007795825,72.17156366092536,27.82843633907463,77.03,100,4.67,236.1702127659575,91.1178655859507,0,2.573021221079489e-7,28.57142857142857,0.2920093032592827,0.04249736671851164,3.134838494759024e-6,1.283128839204012e-6,0.2852562964656086,0.06985868484872049,PP
2410108,241010,5348,4049,2674,46.68535187662345,46.4470531005288,2024.5,38.7602260559671,38.6431629021016,625.791965137063,600.1688569167645,-649.5,-24.289454001495887,-7.925125820656348,-16.975615481276172,0.5569999991204179,0.4806,23.34830005179277,39.70493900647664,71.10187118580282,7.990000061954545,46.82772966460567,53.17227033539432,90.05999999865685,9.459999972768257,57.26890076088716,42.73109923911284,28.06,97.87,9.2,71.04666968735842,79.94171928120447,49.88672405980969,11.76470594625195,13.60544217687075,0.3923641308435828,0.03469324944560561,1.569111034177582e-6,1.622880304425012e-6,0.3758435540101528,0.007103856185686404,PP
2410207,241020,1362,669,1362,92.631547314676,92.2485319318297,669,90.1107773252769,90.0857353155329,614.1766882365367,740.4178466339101,-693,-50.881057268722465,-2.520769989399099,-2.7212867133006675,0.1560000104568462,0.6028,5.363628937917551E-10,36.33632886200044,79.78141964695071,3.14000053341198,47.49999969911773,52.50000030088226,98.4099985817062,1.120000156127112,59.32894736842105,40.67105263157895,25.7,99.18,3.3,3.636363636363636,79.51315789473684,52.85266457680251,7.352939719678453,14.49275362318841,0.1806376943089721,0.08397683702786289,1.283866444163872e-6,1.132827102828196e-6,0.09622344145246171,0.1662041261451611,PP
2410256,241025,1255,1309,627.5,68.3193484377206,66.06259965260784,654.5,48.2143899864212,48.8680341322951,607.6147530672573,866.9493485537005,27,4.302788844621515,-20.104958451299403,-29.427913045199677,0.4590186860082618,0.4336,0.02772949736552889,34.53143994343366,84.92861707396504,2.124361336843479,41.4197853623665,58.5802146376335,79.82727366069179,5.943564493818572,54.77560414269275,45.22439585730725,3.22,99.19,5.36,28.42304060434372,97.08477176831607,42.20963172804532,26.46987026149447,15.38461538461539,0.0564841028120319,0.02972110130992071,1.243038328974253e-6,5.201376859754213e-7,0.02260194656857557,0.04254484059967166,PG
2410306,241030,1139,805,1139,61.2512857225518,60.5411432629857,805,54.9065694144435,54.9989795512742,556.8836395517774,614.6366572150507,-334,-29.323968393327483,-6.344716308108296,-10.35850306367082,0.4662644608958454,0.5488,145.6800273106887,9.843764199907907,89.8033728467353,9.45888268861964,41.92225541948871,58.07774458051129,97.94258172158115,29.53830652615403,56.18322121092204,43.81677878907796,48.8,99.78,5.29,111.5846994535519,82.3209339137317,5.245901639344262,17.87564466924372,7.575757575757576,0.2890019895782196,0.0371568339164474,8.717814349112704e-7,7.523957436507512e-7,0.1356359124445613,0.03937816812906618,PP
2410405,241040,3406,2584,1135.333333333333,48.00251386739513,48.12614530735154,861.3333333333334,41.32389238894913,40.59600761433143,522.3234858235679,575.0356050344765,-273.99999999999966,-24.13388138578976,-6.678621478445997,-13.913066088362372,0.484499504571464,0.534,0.8265098976927691,25.24405713193567,85.18521399927634,18.12000651717864,64.43494489340834,35.56505510659163,88.2900315111408,1.44000613307605,39.68542692060775,60.31457307939225,9.61,98.64,41.71,17.54606365159129,77.006205863471,41.20603015075377,20.40811552411969,35.08771929824561,0.1115445354095727,0.006581427876677024,4.031599822335258e-6,1.019821911961139e-5,0.1282327035584924,0.001829201800760847,PP
2410504,241050,1848,1933,1848,38.9476719142787,39.0795117154551,1933,37.6076523577492,37.8449141010306,586.782308749332,775.0123849735601,85,4.599567099567099,-1.340019556529498,-3.440563943022818,0.2576000046515275,0.6327,5.806183679830129E-08,20.90909125184261,82.4381926493509,14.36999984038441,42.26342690223872,57.73657309776129,92.99000008630803,20.83000041769448,61.14591009579956,38.85408990420044,4.84,96.22,11.23,17.31160896130346,78.7030213706706,58.75763747454175,37.97468332024087,0,0.403664039399698,0.1558239250096533,4.196990884941826e-6,1.483753982067392e-6,0.3572248271762516,0.1662943160992895,PG
2410603,241060,846,752,846,57.0784266191216,57.7420659862388,752,50.3185504197422,49.8670343228595,554.7613913192043,689.9355022725455,-94,-11.11111111111111,-6.7598761993793985,-11.84313689038303,0.3558999997473489,0.6366,2.120493187558048E-09,77.71260971868243,93.79693104450335,8.56999997673862,36.8919359079302,63.1080640920698,66.0700002131754,3.560000028510731,68.4964200477327,31.5035799522673,17.75,100,7.89,37.1278458844133,82.4070917149676,84.41330998248687,22.72727269798559,0,0.3862111118147155,0.1296977620210383,1.918473563606437e-6,9.780875693066286e-7,0.4323258720374101,0.1210512441704748,PP
2410702,241070,383,244,383,58.4446116962254,58.9117155920142,244,53.0004875449029,53.0152162919839,530.5889340566874,681.7582754136317,-139,-36.29242819843342,-5.444124151322498,-9.31501466656866,0.2050000400442193,0.5552,0,1.57603399463172e-5,85.1184814992176,6.190000169947899,15.51342782964023,84.48657217035978,98.0799996001774,59.49998765638012,88.52276934468716,11.47723065531285,56.01000000000001,99.28,5.37,40.26548672566372,74.41688263606072,57.9646017699115,33.3333321263467,0,0.164770080542923,0.1427553610232509,9.109027160668721e-7,7.548577761733318e-7,0.12860837455514,0.1437387715616271,PP
2410801,241080,1922,1283,1922,71.8128042103609,70.6401399774042,1283,70.7783296546027,70.8493323562828,548.9843603352814,612.0965215195736,-639,-33.24661810613944,-1.0344745557581945,-1.4405154723215003,0.4865999909669398,0.734,1.278596635563123E-08,17.55162261320969,84.35996143522368,8.240000188396083,58.85466719003874,41.14533280996125,95.62999982527317,15.27000010101008,43.881754300945,56.118245699055,7.92,95.28,6.65,33.49101229895932,83.18391083111219,21.00283822138127,1.441438718653044e-6,0,0.2476163396969112,0.06096329546226386,2.925379500416568e-6,1.014228951865559e-6,0.2032109735030417,0.03763166175982253,PP
2410900,241090,3046,3191,1015.333333333333,67.40065450776574,67.38667480317926,1063.666666666667,62.88702190146736,62.88563710581883,599.3567324800644,673.6649821009099,48.33333333333394,4.760341431385485,-4.51363260629838,-6.696719251855826,0.3654000038295885,0.7023,4.525547115523858,27.00729980781768,81.73199471112798,5.410000284974823,38.55950166951678,61.44049833048324,94.14000020584089,60.88999437861765,63.93220338983051,36.06779661016949,85.55,100,1.17,63.24999999999999,84.47457627118644,40.91666666666667,34.0909059023258,0,0.1763932938289793,0.04738599882238092,7.430290220331734e-7,7.437052203514627e-7,0.1666479832797857,0.01521568542989347,PG
2411007,241100,507,450,507,87.4591726763618,86.9193086714564,450,82.0020994112892,81.6971458423689,557.9685860627667,551.463768565245,-57,-11.242603550295858,-5.457073265072609,-6.239566529249287,0.1373000058918273,0.6367,4.971874012903947E-08,42.04545452684918,78.99502061747276,8.120000071142389,15.48211911685384,84.51788088314613,98.68999989880152,21.6899997915068,85.64356435643565,14.35643564356435,71.67,97.55,9.86,207.5418994413408,82.6025459688826,36.31284916201118,2.755010019256615e-7,0,0.1781194187943768,0.1598970058462389,6.90911098152914e-7,7.863063165372339e-7,0.2584721700331864,0.1886299546945752,PP
2411056,241105,963,563,963,47.0608743837871,46.235116116873,563,31.1887763206989,31.2192984051952,737.6067908586571,767.1426091167145,-400,-41.53686396677051,-15.872098063088202,-33.726738550689326,0.5098999985477854,0.6511,5.924696879348201E-06,20.16805820359172,90.56142994862162,3.220016023994534,23.10824144612599,76.89175855387398,93.65999887052973,31.64999118520567,87.34058514628657,12.65941485371343,3.64,99.3,16.51,44.06779661016949,63.27831957989497,11.62227602905569,31.24999490433451,28.98550724637681,0.06579624699361387,0.1659108985222545,2.585859175563777e-5,2.880564977344514e-5,0.04658841864159038,0.04999732732268235,PP
2411106,241110,1970,1353,985,84.51989570280264,84.4483068838514,676.5,80.11814739265941,80.14230900845715,584.1306533017407,633.9650697563376,-308.5,-31.31979695431472,-4.401748310143233,-5.207943376576213,0.3668000008320522,0.6803,88.42794720303816,45.41484708024679,77.38525731543113,5.310000001661895,51.71070922033609,48.28929077966392,96.66999999925352,0.720000235970678,56.00125352554058,43.99874647445942,5.04,99.68,1.73,110.969387755102,87.684111563773115,37.11734693877551,1.61869877245605e-7,0,0.2130654652101653,0.05635289947282196,6.001976491385178e-7,6.045208922782016e-7,0.229501734131155,0.08672590283174007,PP
2411205,241120,5054,4839,1010.8,52.0193892490166,51.5168666476778,967.8,34.85153083880224,34.80152056442522,739.0587858884579,863.5356528728619,-43,-4.254056193114366,-17.167858410214357,-33.00280656512881,0.4314002401783336,0.6487,1.099100657296689E-06,29.88060796475823,66.68168993527317,4.040020897934565,14.80016564396951,85.1998343560305,95.93997855026811,81.46988763006308,85.78824539284852,14.21175460715148,85.57000000000001,98.81,6.06,24.71641791044776,62.35414040076183,37.01492537313433,13.33331980142407,11.47227533460803,0.1888003214167723,0.1021867186960676,2.149203277101995e-6,2.400333038880621e-6,0.1408746137708817,0.0642768097946691,PP
2411403,241140,6035,5046,548.6363636363637,57.16744070899466,61.01077268325256,458.7272727272727,47.21771033146317,48.76433344035298,576.4396313983781,638.3473861129326,-89.90909090909105,-16.38773819386912,-9.949730377531495,-17.4045405114069,0.2611272980634967,0.6145,0.05109844037861127,21.68879170831885,68.86309767963374,3.795998085705987,50.18590177834299,49.81409822165701,96.87860106615342,58.32597132768999,50.43359563192548,49.56640436807452,48.48,98.45,11.09,90.4303510758777,76.8668700819014,27.26500566251416,13.45822286731137,8.547008547008549,0.11389384224276,0.05173328754704565,4.941487091809926e-7,3.039986884687567e-7,0.1411929202192433,0.07059646010962164,PP
2411429,241142,1109,503,554.5,37.55536077812745,40.0662699558889,251.5,43.6397788705457,46.1223871105782,653.3906749347765,834.9821135762804,-303,-54.643823264201984,6.084418092418247,16.20119728942096,0.5617999775845255,0.6724,0.4366878149628293,66.37554291860668,84.44180475613152,18.33999904055191,34.56056883683083,65.43943116316916,96.14999925311803,65.56000106773394,72.17682020802377,27.82317979197623,69.82,95.23,8.21,62.35521235521235,82.16939078751857,52.8957528957529,32.25806319960893,0,0.2258363406356265,0.05363994233330682,1.082575039665965e-6,4.37938040942876e-7,0.2082635185230207,0.07365417118497072,GP
2411601,241160,171,233,171,95.826995058198,96.5847227306851,233,94.323722037142,94.2934001026844,575.1284403538637,692.2289353144937,62,36.25730994152047,-1.503273021055989,-1.568736471537082,0.5181999998038191,0.5145,1.956947159187733,88.258317010170515,107.5630251884893,26.76999998844218,65.10924365434005,34.89075634565994,99.64999999774336,65.99999992252452,36.54606263301915,63.45393736698085,2.59,99.48,2.07,69.83944954128441,108.4220127698388,64.10550458715596,2.365812950876804e-8,22.22222222222222,0.04621352804968909,0.05331567850057813,4.145802226664821e-7,5.926999252625296e-7,0.07955294592264918,0.01359992270544874,PG
2411700,241170,1029,923,1029,50.2487731554997,50.1943158914855,923,38.3665672798261,38.2355288502428,569.903282337587,619.2209768023866,-106,-10.301263362487852,-11.882205875673598,-23.64675817835982,0.5383999458755157,0.548,2.156410238908861E-05,26.62721924190444,100.5633710272783,4.830000563938063,51.75415538636285,48.24584461363715,93.08000142235598,70.49998327456657,62.82321899736147,37.17678100263852,77.28999999999999,98.52,7.75,180.9187279151944,95.72559366754618,25.67726737338045,13.33333656732105,23.25581395348837,0.1618962078203012,0.04751953817193505,4.040897230266573e-7,3.809714935682667e-7,0.139910290378141,0.05046764045782941,PP
2411809,241180,1063,890,354.3333333333333,36.2756573522541,36.46044118693173,296.6666666666667,35.1693699412162,35.15921661907176,679.7227437157537,875.1609680871494,-57.66666666666663,-16.27469426152398,-1.106287411037897,-3.04966881866623,0.4268999878681197,0.6048,16.83500860999162,16.83501412911988,76.24227228640868,16.19999362855397,32.46102906391496,67.53897093608505,99.28999851784995,37.39001930115195,75.80183276059564,24.19816723940435,72.95,99.89,21.88,92.3076923076923,81.38602520045819,9.157509157509157,59.9999804172198,0,0.2563199165110943,0.04084713175144471,8.743367686343824e-7,7.105278606210586e-7,0.3342696695706542,0.02844848251665142,PP
2412005,241200,9605,6282,4802.5,40.27415430249275,39.06926336125125,3141,34.83505936378915,34.627304116315,786.4650057305663,859.1147710947677,-1661.5,-34.596564289432585,-5.439094938703597,-13.505174802309746,0.3931889307119184,0.4976,NA,NA,68.9520395796869,1.67774011983009,15.63627219150315,84.36372780849685,94.49568402671038,65.31443429030023,91.3451980672988,8.6548019327012,90.31,98.88,2.3,34.53063023358308,58.14007761921638,0,7.137564699428364,11.77336276674025,0.4533510023005823,0.02234268982920052,8.852097162693916e-6,7.373828044560772e-6,0.3820958237839551,0.003889118038514548,PP
2412104,241210,875,673,437.5,32.24159389367945,33.5288547853674,336.5,47.90714739139715,49.6061449757596,710.8458714388686,843.0070791414671,-101,-23.085714285714285,15.665553497717703,48.588024368077946,0.3924000170573758,0.6159,1.916943662600039,33.54633083322531,74.90712971956181,12.70000083450658,19.6892983950104,80.31070160498962,96.58999989005817,4.290009640238494,85.33758817601613,14.66241182398388,47.43,98.71,24.89,179.4168096054889,75.34430634867316,18.69639794168096,35.71428823959804,0,0.2995300319734011,0.02219127614147595,1.598288081958656e-6,1.305339806141173e-6,0.3669695154860564,0.1765608046206498,GP
2412203,241220,9174,5800,9174,24.9984746730791,24.546102379567,5800,23.8485422545627,23.7188181919024,756.546582147109,776.370288575425,-3374,-36.777850446915195,-1.1499324185164,-4.600010334849606,0.4603622316597687,0.6059,Inf,NA,68.59649051877513,6.825874126965663,54.1694863240265,45.8305136759735,97.89830705136521,19.28564807123686,65.1982285508444,34.80177144915559,38.34,98.22,6.71,14.36983212227512,64.07729959951688,0,16.35749885718119,9.630818619582664,0.7536923876708331,0.03882105624485838,8.351921424619827e-6,7.988718165137351e-6,0.4921156324840438,0.03482737874099389,PP
2412302,241230,2232,1821,744,33.4614904877833,33.6762587593522,607,32.8069561226329,32.88053869114714,594.3551333736252,660.5167670005185,-137,-18.413978494623656,-0.6545343651504041,-1.9560825163761693,0.3727999964032311,0.5944,3.494433410739917E-10,43.59464163614395,75.21851824038409,5.060000013216394,16.86630362032984,83.13369637967016,96.20999818626491,43.69999539751063,89.23464340318374,10.76535659681626,30.25,98,3.11,329.7359357060849,73.90053062325748,46.0390355912744,5.319153619111009,15.38461538461539,0.1448346635517233,0.04093881467530389,5.771022881263268e-7,5.312970698883151e-7,0.2818554375973255,0.09767267639511279,PP
2412401,241240,1510,1265,503.3333333333333,24.7308045712703,24.62831682631213,421.6666666666667,22.47353085419273,25.30732146457697,845.4035589787576,871.0648966960862,-81.66666666666663,-16.2251655629139,-2.2572737170775703,-9.127376792665444,0.3303999960279689,0.5155,3.664624126911476E-10,22.98850680911518,74.99408967484392,16.97999949680561,21.9569833696506,78.0430166303494,95.28999999649126,66.63999995545257,81.66997135933025,18.33002864066975,75.68,95.82,16.52,76.41509433962264,81.95637805684072,28.77358490566038,5.456245545620215e-8,25,0.5591798696495174,0.06995234369098723,2.516670472329138e-6,1.880246058495183e-6,0.4673364810051586,0.07681041012059428,PP
2412500,241250,11788,10033,3929.333333333333,72.7143000626384,72.1551343432488,3344.333333333333,68.11050112915923,68.17953925308589,603.4093626048812,709.9360240995569,-585,-14.88802171700034,-4.603798933479169,-6.331352883151334,0.2198000366424978,0.6075,0,16.89655963280309,87.98122607816062,10.94999898400918,34.55793460332191,65.4420653966781,92.17000131361738,3.820000532465779,68.15495173704129,31.84504826295871,11.5,98.29,3.62,65.00530222693531,75.59637708891441,45.25450689289502,29.10052548850194,12.94498381877023,0.2409542151977196,0.09327983883721488,3.895692549456456e-6,4.271859242589413e-6,0.2930917751420892,0.1044683554961902,PP
2412559,241255,6292,2705,1573,65.07161763393123,65.20889854479428,676.25,55.7272370792967,55.21477758095575,586.9031546507836,770.2715867831248,-896.75,-57.00890019071837,-9.344380554634526,-14.36014793300905,0.501640885526013,0.5841,0.8664876279844533,40.17490478870672,81.99094368366505,15.98337959397524,56.87954854658231,43.12045145341769,90.43400076590888,6.364342946584174,54.07022361710475,45.92977638289526,45.98,95.98,2.67,32.66542404473439,83.4346802667713,37.83783783783784,8.999218558911531,20.97902097902098,0.1095930506989304,0.03977373313878585,3.289243497562915e-6,1.783395018306435e-6,0.08252512860447743,0.006178351874132001,PP
2412609,241260,2693,2608,1346.5,38.18252321730625,42.087555351371,1304,43.8334107915778,43.93816637349074,643.4702165190076,738.5732921761037,-42.5,-3.156331229112514,5.65088757427155,14.799670367803989,0.4430000049348219,0.541,3.067484535381749,34.09290007544829,77.23915967532089,4.080000152045809,27.61472083500435,72.38527916499565,95.54000000896495,59.65999792658477,71.5223880597015,28.47761194029851,67.44,98.43,3.27,57.59774284562676,82.03582089552239,23.29705763804917,8.849557134232755,27.3972602739726,0.4018340554444322,0.08674927716122732,3.107876501508554e-6,1.304847615148446e-6,0.3606964372758086,0.1041308046142016,GP
2412708,241270,3150,2199,1575,26.01637718829915,28.0346859105612,1099.5,32.45850593149445,32.6163682317007,657.8621146228761,656.9450929803082,-475.5,-30.19047619047619,6.442128743195301,24.761820973646724,0.5408996396174925,0.4712,0.1406499436021299,29.95767867730475,96.98461005407012,7.709976723427737,43.96150974785389,56.03849025214611,96.53999444337366,2.850083402509387,61.85763888888889,38.14236111111111,9.66,99.42,6.66,77.95081967213115,87.91666666666667,28.9344262295082,5.012484960640819e-5,18.86792452830188,0.3539433134967657,0.04346321511259968,1.042781330172802e-6,7.00439957926899e-7,0.2728623710887719,0.07649891475167356,GP
2412807,241280,1559,958,519.6666666666666,33.31529285152806,36.6961490699265,319.3333333333333,33.23481998125506,33.69381093724487,615.0178445329884,659.1747963959319,-200.33333333333331,-38.55035279025016,-0.08047287027300598,-0.24154934081365864,0.5357994735902836,0.4365,14.72554094675888,52.74425145786596,75.78595632706704,15.21997817475186,31.72238733022456,68.27761266977542,88.2300165414577,60.82999558240457,77.53566796368354,22.46433203631647,71.33,98.74,15.63,182.4365482233503,80.29831387808042,55.93908629441624,48.78042052147796,43.47826086956522,0.1280501156339472,0.101966516422049,1.35079766698558e-6,4.703109060024296e-7,0.2036880920185543,0.09021055778777655,PP
2412906,241290,5039,3850,559.8888888888889,82.55687349564823,81.07377855539426,427.77777777777783,69.14630119147839,69.11466170367534,591.7605305151271,638.2959363866019,-132.1111111111111,-23.59595157769398,-13.410572304169847,-16.24404090941834,0.4308000000024323,0.7063,62.5473842860988,49.2039423466632,82.43280686254542,6.479999998737018,45.12792092683597,54.87207907316404,91.01000001028851,27.34000001668467,55.75916230366492,44.24083769633508,78.82,99.85,3.14,117.2690763052209,85.45106725734998,35.11825078090138,7.575757605806335,19.8019801980198,0.07976835107603159,0.06499561505715644,4.263414024267368e-7,3.46348013378123e-7,0.04047022217358096,0.07629632049117721,PP
2413003,241300,5919,2855,1973,62.81579620685227,64.57252114113437,951.6666666666666,51.49278141312094,51.93231574075244,696.4728729798367,737.7203077373215,-1021.3333333333334,-51.765500929211015,-11.323014793731332,-18.02574428324473,0.4428999997369914,0.656,9.446331614285122E-08,44.88054579753977,64.51559407508357,8.469999995936261,37.54147320181493,62.45852679818508,98.28999993912784,61.01999988513371,68.52116024726581,31.47883975273419,77.12,99.8,9.26,46.49572649572649,69.96354414328736,25.98290598290599,42.25352083791623,17.24137931034483,0.2474981230762617,0.03461782681912279,1.336741196938345e-6,1.070403302340578e-6,0.2417445995092281,0.03142679793619965,PP
2413102,241310,1445,1308,1445,18.7727990613549,19.6050004122687,1308,26.3813651347187,26.6188832864338,513.7316882751636,656.04337518352,-137,-9.480968858131487,7.6085660733638,40.52973692679936,0.552289160172019,0.5148,0.2428881881370326,14.87821304177151,85.33877824845644,7.093346647130419,56.99266796413135,43.00733203586866,95.78401888077133,17.88210499207936,46.48666778467215,53.51333221532786,10.84,99.38,3.87,40.29658284977434,97.06523561965453,14.11992263056093,0.02612948856171402,15.87301587301587,0.2252458196747099,0.04484125305641722,7.948752746507945e-7,6.496687780235094e-7,0.2987596594340612,0.06394855586548467,GP
2413300,241330,1407,946,1407,30.6849925992691,31.1721995028267,946,37.1382621028545,37.3075701365821,569.1790397484365,652.8833238997812,-461,-32.76474769012083,6.453269503585396,21.030702493110944,0.3446997154367709,0.5652,1.240009633187745E-05,11.41051127415659,81.35114355193897,5.060006587992002,43.20046331847045,56.79953668152955,83.53008864696459,11.42019977142235,66.35530489954176,33.64469510045824,7.41,99.38,2.97,116.2976085031001,83.16884032428622,24.977856510186,37.97453337638107,25.64102564102564,0.2643886123478751,0.07043103695178711,2.255853838045295e-6,9.906155907960463e-7,0.2955159569464544,0.04925265949107573,GP
2413359,241335,4008,3497,668,57.1605919780747,56.22465779486748,582.8333333333334,49.36115289912082,48.46117209969933,585.628261271432,687.9155800992417,-85.16666666666663,-12.749500998003988,-7.799439078953881,-13.644783598367107,0.4558931658835561,0.498,0.0008177286537931978,21.30371097603677,74.26589451007598,10.20011313997407,73.36474000347302,26.63525999652698,79.87835312992112,1.472316934393532,41.7687595712098,58.2312404287902,29.54,97.34,5.91,79.99388192107678,83.31546707503828,19.7308045273784,5.429922096505898,30.76923076923077,0.04474265912375117,0.002263433521162763,3.5395435009163173e-07,4.480646005778553e-7,0.02506888494371182,0.008263618881630205,PP
2413409,241340,2700,2192,450,63.039355680958,63.2266223882457,365.3333333333333,60.50865261254445,60.50252120656631,666.9065473937959,750.0536921396497,-84.66666666666669,-18.81481481481482,-2.530703068413551,-4.014481177792222,0.3581000378878975,0.5737,9.716302393711306E-08,20.37787424156556,76.0102970064596,12.24999975304846,35.68854867445443,64.31145132554558,97.93999824169138,74.32997896624737,69.96443156369385,30.03556843630615,72.33999999999999,96.93,14.78,60.77768385460693,65.7093927018838,14.53930684699916,31.91487894117071,0,0.2094365262457151,0.03288657139518034,2.056165426915613e-6,1.468963875791105e-6,0.2901257745357062,0.06826488812604853,PP
2413508,241350,950,680,950,16.4449568938448,18.0752878201515,680,20.3647924597482,20.4173708463376,514.9228811885346,630.696369001505,-270,-28.421052631578945,3.9198355659034014,23.836095109319263,0.5084999076676011,0.5799,1.668543770298666E-05,34.61538835910739,93.32925316674505,13.52998713045438,67.77080221920573,32.22919778079428,91.83000853033761,3.540029280669911,42.3562412342216,57.64375876577839,4.41,100,11.09,97.9155810317874,97.86504597163783,37.88431474726421,21.27659845946888,0,0.4331621145454982,0.06355264197402953,1.334510076349454e-6,9.339554991973695e-7,0.4672989303833572,0.06689753108645956,GP
2413557,241355,3158,3176,3158,81.1893394347066,80.810273530435,3176,80.8065480954297,80.816218139287,545.3987052921015,653.4157870731976,18,0.5699810006333123,-0.382791339276892,-0.4714798050361491,0.2036000002531515,0.5684,1.880403506246418E-09,1.16974626774678e-7,73.83259916340621,5.610000003146625,47.04845812603215,52.95154187396785,91.47000002122591,0.6600000315567773,56.79862306368331,43.20137693631669,2.38,98,4.44,34.77851083883129,84.4449225473322,0,4.596956062423458e-8,0,0.2532732578890356,0.07471835799855839,2.408647510883194e-6,1.225606790484313e-6,0.2635147899082016,0.07669460303298405,PG
2413706,241370,3439,2446,1146.333333333333,58.1252828645665,58.00066089714783,815.3333333333334,44.14644137311337,44.1326256045818,574.2073748376342,624.1805483466383,-330.99999999999966,-28.874672870020333,-13.978841491453132,-24.049502733645557,0.4835996604148432,0.6983,0.1417694656606554,15.27609758372958,82.51000572840397,7.360011316962082,52.39035233307898,47.60964766692102,88.8899989108895,13.2400663965346,58.05549580554958,41.94450419445042,47.09999999999999,98.77,6.01,60.77547339945897,83.41578834157883,47.52028854824166,13.33328496923161,22.72727272727273,0.1115528348292568,0.06352104120100856,4.090039792207702e-7,3.844863321423405e-7,0.08704643787925406,0.05356703869492558,PP
2413805,241380,361,280,361,50.1648422697106,50.2970496055671,280,48.7780347252011,48.8687230820174,580.7745761494682,695.8257876211513,-81,-22.437673130193904,-1.3868075445094945,-2.7645009567723595,0.199699999989275,0.5361,1.04370172736536E-11,48.79999991682544,89.64177809466028,6.560000004228877,18.55848078667827,81.44151921332174,94.69000002352809,1.160000172151438,85.88537211291703,14.11462788708297,64.44,99.68,4.7,251.6806722689076,85.3721129170231,34.87394957983193,9.048406629049737e-8,0,0.2042176665150658,0.07254693013834108,1.698366407347777e-6,7.539781996706711e-7,0.2017356150349709,0.0465543727003779,PP
2413904,241390,10659,8631,2131.8,32.40521589765316,32.3840327343709,1726.2,33.21460286393874,33.20728974046238,594.1418823902461,612.7864885280138,-405.60000000000014,-19.026175063326768,0.8093869662855795,2.4977058287218408,0.3842000149312642,0.6208,0.7179485938335131,37.74357866315908,80.88881116955837,25.39999402920358,65.49509431614278,34.50490568385724,97.46999943638912,5.810015050020162,28.92982456140351,71.0701754385965,30.86,99.44,26.18,21.54182613449973,74.05263157894737,27.9114270092947,15.22842625849811,7.575757575757576,0.4133528257558636,0.01105149526059815,4.809537520284739e-6,9.945212096302314e-6,0.4797965312743807,0.009434201457642316,GP
2414001,241400,520,481,520,73.0345001575053,73.4015774069638,481,55.4661072980392,55.5582229392242,637.2292839371939,636.7379886372722,-39,-7.5,-17.56839285946611,-24.054923113841166,0.5006999927580511,0.5523,1.685969244677707E-08,11.48708830107709,75.89417992961437,9.30999999082478,31.32980735908415,68.67019264091586,95.77999990433072,77.31999709635363,75.21883489284636,24.78116510715364,76.36,96.62,2.88,143.5005701254276,81.715967401147,15.10832383124287,12.82051292094372,17.75147928994083,0.1975242984831198,0.03768467941258556,7.164770644906128e-7,7.468801304563619e-7,0.1290445699536246,0.05049570128620092,PP
2414100,241410,4655,2186,2327.5,63.1825547170607,63.270951548895,1093,54.05815511017715,54.1083681858309,608.1200887857512,630.928065581372,-1234.5,-53.03974221267455,-9.12439960688355,-14.441327432459389,0.3138999980822291,0.3624,0.1221002290091536,33.21123246097283,78.54902498321866,10.53999971382212,30.94202439594856,69.05797560405142,92.57000019681155,28.75999895468704,72.23685494098136,27.76314505901863,35.1,98.34,4.97,2.289512555391433,77.55340942347088,53.76661742983752,6.493507687160569,9.615384615384617,0.3844265599644947,0.04962010171159802,2.929617535081983e-6,1.306903858345883e-6,0.2089040579979964,0.03445840131925714,PP
2414308,241430,277,153,277,40.7508826335904,40.552864508169,153,44.4202992133536,44.1757525180734,656.1650812198809,873.544528615008,-124,-44.765342960288805,3.669416579763201,9.004508228095533,0.4985999992446659,0.6293,2.976190489229708,35.11904745826347,55.42483668090874,11.46999997591562,24.70588231475717,75.29411768524285,95.66000001348583,97.32999975381726,86.00682593856655,13.99317406143345,88.03999999999999,99.31,26.42,78.53881278538812,81.18600682593856,28.76712328767123,2.573810557434915e-7,0,0.2084800017534535,0.01876603287972105,1.416023371125691e-6,2.365402675409685e-6,0.4603025195892803,0.1416315444890093,GP
2414407,241440,4008,3682,1336,63.5668164937027,63.23833258330234,1227.333333333333,54.06518975820666,53.65106742795653,602.4817227029786,654.0562986277033,-108.66666666666697,-8.133732534930163,-9.501626735496046,-14.947463566053104,0.3964515788401456,0.564,2.848983728355116,10.98914670985327,75.02390022378611,26.02598132599865,74.47623277575461,25.52376722424539,92.31550004828401,19.59834850160625,45.15464542122323,54.84535457877677,42.4,98.36,12.98,45.7033657995315,81.7727424191936,18.88792997164345,4.716126186301956,17.66004415011038,0.08462654422676591,0.01786569206489542,6.783007110496043e-6,1.202961503620682e-5,0.1361060187861532,0.005639752159647231,PP
2414456,241445,1589,1486,397.25,63.30817360703195,63.13998137731677,371.5,60.3048413545397,60.43435272884167,597.7784872947042,637.1870628922228,-25.75,-6.482064191315293,-3.0033322524922497,-4.743988147777896,0.5138992154878698,0.6385,3.3055813678111E-07,149.1094067176352,95.605597280685,8.900005633499324,34.76844578083533,65.23155421916468,97.9599967354839,1.310207238402513,68.11377245508982,31.88622754491018,19.68,99.1,10.43,162.5246548323472,101.1676646706587,109.6646942800789,2.568244493564746e-4,0,0.09522049271117004,0.03260798873702973,5.271469283347777e-7,2.641939271837921e-7,0.08223309101757202,0.01997853838170947,PP
2414506,241450,1664,1242,832,71.29563984654325,72.16059763950454,621,65.77508919925525,65.03783131477584,636.4609930224748,707.2098144599552,-211,-25.360576923076923,-5.520550647288005,-7.743181292952049,0.3807000007561231,0.5369,2.10117701733958E-10,84.58149690059787,84.6514682722987,2.400000064972162,14.91697201526489,85.08302798473511,97.74999998469212,5.000000083091924,86.77653132135411,13.22346867864589,45.67,99.63,6.23,9.248554913294797,74.76422118534697,53.87283236994219,22.55639095816936,34.88372093023256,0.1155130834411892,0.1212324447866309,2.14300021692696e-6,2.133147279898062e-6,0.4563780214533384,0.4215214407739538,PP
2414605,241460,6357,4818,794.625,60.65250420805945,60.98454829141427,602.25,58.4214351326738,58.40407047961548,549.2072359112728,701.5345940008622,-192.375,-24.209532798489857,-2.2310690753856477,-3.678445110415054,0.4469000000318316,0.6391,2.077994467038621E-10,22.17962761823512,76.75492610085377,5.229999999897331,51.52401476081104,48.47598523918895,96.3299999991382,1.450000022453702,56.39779005524862,43.60220994475138,38.99,98.82,6.71,113.502538071066,83.86740331491713,31.09983079526227,14.77832512248887,0,0.09695925503893202,0.08813380035165312,2.056239008217428e-6,3.068634425036429e-6,0.1155939577459999,0.1016734611711323,PP
2414902,241490,1876,1674,1876,90.2699017491664,90.2407658823381,1674,86.8131587880717,86.8287498434752,628.237287708738,691.6414223527356,-202,-10.767590618336886,-3.4567429610946903,-3.829341667724383,0.4760999971493911,0.5422,0,2.071256617010671e-7,103.1520393258249,4.590000001204054,4.758961959206181,95.24103804079382,96.94000000930052,73.79999948517354,98.02306425041186,1.976935749588138,96.86,100,4.82,1105.263157894737,99.50576606260296,0,2.414748159645945e-7,0,0.2983461354899621,0.140159206068557,7.048421724388996e-6,1.041258744532983e-6,0.393562987424672,0.1523469628740666,PP
2500106,250010,4557,3703,2278.5,82.06730971195665,80.9725723475247,1851.5,82.53752558640505,81.47596387615354,624.0883566287432,618.035533133901,-427,-18.74039938556068,0.4702158744483995,0.572963675912837,0.3903238744210208,0.626,0.009523834413314454,14.48196560616516,90.29902136890556,8.289618663437867,56.97766978821074,43.02233021178926,95.96399111596786,26.46133000557911,48.14140332083556,51.85859667916444,62.81,97.36,6.9,5.006155108740255,89.76968398500269,44.43988510463685,8.137072391351461,13.51351351351351,0.2735369390135625,0.1910122949327213,9.480494431070578e-7,8.356761834328689e-7,0.3179194701295196,0.1681090691650838,GP
2500205,250020,3523,2395,880.75,84.65304540961955,84.00113331962706,598.75,76.61985449258445,75.96194783329855,712.8756018334734,715.3375759833318,-282,-32.018166335509505,-8.0331909170351,-9.48954745592915,0.6363798984251893,0.7445,9.07497170670741,27.86390190030808,87.24463848386672,12.63171221470101,50.49512494367472,49.50487505632528,95.51158111115511,21.34990443996153,56.94583250049971,43.0541674995003,48.37,98.59,10.46,67.41102581995813,90.20587647411553,45.9874389392882,41.37301267555047,21.27659574468085,0.1447463433454418,0.02841039780047524,1.174583550271694e-6,7.66158122713458e-7,0.1871807970980851,0.04936485804270777,PP
2500304,250030,9708,6951,3236,60.87273121200343,58.67745268647626,2317,49.95722889051073,50.11099730710053,601.0648571590925,639.3293837408648,-919,-28.399258343634116,-10.915502321492703,-17.9316782805045,0.4853072831318742,0.5694,44.76113913164267,6.864069039968336,77.29909558493158,9.150527212266333,38.87137454865059,61.12862545134943,98.58548059705028,50.52783741570348,64.15827116819196,35.84172883180805,59.9,99.12,10.46,39.11758016829657,78.93563023917558,6.345235387764385,27.71740927279813,24.19354838709677,0.3756992770512643,0.05000044477827645,2.095272792848337e-6,2.017439629696484e-6,0.5612520296129463,0.06498707711307798,PP
2500403,250040,16885,13912,8442.5,42.969407056923004,41.8021247003155,6956,38.0867851084452,38.147065061386,558.1478697291765,620.5528468406109,-1486.5,-17.60734379626888,-4.882621948477805,-11.363019140593757,0.3505583911461673,0.5933,5.766027962965479,11.3104535789827,76.24227098387338,28.25302746129779,50.09146881927922,49.90853118072078,98.23002382379363,39.78923707863166,55.04482166698455,44.95517833301545,63.15000000000001,97.19,33.68,42.06912878787879,68.94430669464047,8.759469696969697,12.55600875120764,19.04761904761905,0.4594130877082377,0.1490067680766188,8.505679073288013e-6,5.49319058681834e-6,0.2599012324643574,0.06683174549083477,PP
2500536,250053,3755,3164,938.75,54.02140575935633,55.87383174900185,791,45.56434969012925,45.65527425367893,471.8908959681834,568.882448458404,-147.75,-15.73901464713715,-8.457056069227079,-15.655009251147348,0.497592122324795,0.6641,0,34.39143356055063,75.18568599501542,15.02307382462654,60.96025198116797,39.03974801883204,93.94584824495054,4.589259569867746,46.98600645855759,53.0139935414424,26.46,99.47,11.85,6.842105263157896,70.00358808754935,23.33333333333333,7.540622739658076,10.52631578947368,0.2024759589757802,0.07797281242904501,4.297393714886823e-7,4.008513773605886e-7,0.1477221760943063,0.08771004205599435,PP
2500577,250057,547,337,547,39.5474636765681,40.1822458649019,337,24.3381562217507,24.360838061125,469.1421431066383,484.4049887861646,-210,-38.391224862888485,-15.209307454817399,-38.45836380103669,0.3576085817415277,0.6537,30.6325361971769,53.02162084822849,105.1571240007506,8.64092101828067,47.79153413945035,52.20846586054967,99.37788819706881,44.74287056610987,58.68897234551041,41.31102765448959,15.49,96.09,7.05,78.70662460567823,84.67053601911915,47.79179810725552,19.76390142068793,0,0.04787266356963132,0.1640789543733012,2.212972265544538e-7,2.281017331245678e-7,0.059910836114729867,0.1840118537809561,PP
2500700,250070,8673,6763,2168.25,51.2206098877818,50.43375011392207,1690.75,41.85462256592785,41.79373148879066,649.7199401067168,749.4053750619216,-477.5,-22.022368269341637,-9.36598732185395,-18.28558336648803,0.3906908401361626,0.5557,0.3555443595428974,18.94641714937551,71.6262996489632,8.166866710203335,60.71445099403907,39.28554900596092,98.92452317255584,33.9500559832778,43.43090157524299,56.56909842475702,55.26,99.37,11.73,46.61115414407436,66.2160652441068,22.67621998450813,33.27588472248244,5.952380952380952,0.2989006646345641,0.01437122170586694,7.176124418510252e-6,2.771287356178101e-6,0.3488205661317758,0.02430523048183317,PP
2500734,250073,803,675,803,70.7770652926515,70.0866111613172,675,69.6892541908739,69.5160244493653,529.7522252434893,573.1768200910215,-128,-15.940224159402241,-1.0878111017776035,-1.5369542340865419,0.4378267197705233,0.633,2.376234311112096E-09,51.97725420444144,111.0789570397703,10.24649458400048,48.68081405768649,51.31918594231351,95.6347949539466,10.39783568941772,57.60966875559534,42.39033124440466,55.43000000000001,97.61,8.68,1.140684410646388,100.8057296329454,86.69201520912547,22.50117930690651,41.66666666666666,0.1427951234959574,0.618804072667475,6.385232436339728e-7,5.649694751193693e-7,0.164933636544953,0.5426088985239007,PP
2500775,250077,4696,3474,1174,70.22180065472612,69.60149558053658,868.5,57.9394680992074,57.58186183211095,540.0683586390437,607.8636680817341,-305.5,-26.0221465076661,-12.282332555518721,-17.49076845225,0.4883915118526645,0.501,0.9478601243000219,47.02454004944602,84.62836030109736,9.340591288824195,51.95075769089678,48.04924230910321,96.26396271517787,6.446137859505547,54.97862710585869,45.02137289414132,44.08,98.58,9.11,55.50295857988166,85.89388986673372,47.69230769230769,9.85566904528827,30,0.1798596798267953,0.02244058833720439,3.699556267293404e-6,3.283289396427545e-6,0.2786608905685191,0.05286429036158768,PP
2500809,250080,5511,4086,5511,35.757943687884,35.7174693279696,4086,31.7847845572515,31.843912393517,531.3828635590914,535.566958846056,-1425,-25.857376156777356,-3.973159130632503,-11.111262899546272,0.3894151734885732,0.607,0.002511642136678975,3.919990470432242,80.78398159037322,19.11867426711037,60.26484540222583,39.73515459777418,99.20946602301673,12.67912979371408,44.28288169200265,55.71711830799736,10.54,97.63,18.52,6.838975297346753,84.55807246289731,8.18847209515096,23.28591661424354,37.26708074534162,0.7038915940241295,0.03337992256088778,3.820289931148385e-6,1.515062592673126e-6,0.6465473952495971,0.03273657697466315,PP
2500908,250090,5295,3696,5295,65.2440818450703,64.3106276697266,3696,66.5189664996753,66.6758915445909,553.7510588342217,617.2445583985024,-1599,-30.198300283286116,1.2748846546050032,1.9540234432792938,0.3824005380318728,0.5869,0.9810230572626886,39.63704458526777,62.98605876379956,4.618906231208821,29.80634351256847,70.19365648743153,98.13846227065545,51.43018237083213,78.87277791431147,21.12722208568854,70.42,98.19,5.37,4.104699583581202,73.08921110838044,37.47769185008924,31.21579651873353,15.50387596899225,0.4312637021381361,0.03685973891982616,1.817933320069687e-6,2.120585965581211e-6,0.5734507299125672,0.05317452222825623,GP
2501005,250100,9154,7078,3051.333333333333,32.6267682479682,32.9591863058399,2359.333333333333,33.47795080516916,33.6232269754759,526.4767314012967,622.0357227554488,-692,-22.67861044352196,0.851182557200957,2.608847283714542,0.3014778223541342,0.7154,3.153636151617422,20.00483270026094,70.72809998141081,6.176280052288728,50.22965270852886,49.77034729147115,97.74389417207657,43.12960824762742,55.66769733387784,44.33230266612217,55.81,98.7,7.17,1.047642803691694,65.4629251502246,15.51509104514842,13.75255639963585,10.05025125628141,0.3270220890552842,0.03038022673125998,1.444873107245619e-6,1.173294169802167e-6,0.3665897670041546,0.05788259479012967,GP
2501104,250110,9971,7754,3323.666666666667,51.55791069694493,51.6737741793196,2584.666666666667,46.7836288279496,46.77875102885594,738.2378346794511,960.2942029935728,-739,-22.23447999197673,-4.774281868995331,-9.260037508227096,0.2705251969973066,0.4867,21.90982045999728,6.661272647908992,74.01798394770135,11.0598080834636,38.49611567492145,61.50388432507855,92.86414459501323,43.36135548790728,64.81998140029228,35.18001859970772,54.68000000000001,99.16,14.32,22.58326563769293,65.61268322926354,5.199025182778229,19.29434465126005,32.72727272727273,0.3810398786227985,0.01937196661105955,3.950566331796438e-6,2.571988497487505e-6,0.3739879963617893,0.01966496368234867,PP
2501153,250115,638,998,638,70.167846030269,70.8714554861829,998,70.7363585718532,71.7621094408313,593.4451776296779,575.5790049971672,360,56.42633228840125,0.5685125415841981,0.8102180325429302,0.4644961229376517,0.64,0.02546085702879234,84.6441994227731,97.5041414063361,8.220068114208098,45.16517806086813,54.8348219391319,98.39372240935478,46.82127232653141,52.71820448877806,47.28179551122194,41.01000000000001,94.8,5.53,7.337526205450734,95.71072319201996,66.66666666666666,3.539951594374815,0,0.1915512513098936,0.3390363428979039,9.443122537137982e-7,2.961771702254998e-7,0.09447625143917812,0.3129893236567261,GG
2501302,250130,12592,9793,3148,57.71492831765975,58.53353751876045,2448.25,51.4919196557272,51.6394390949461,521.4058499014235,542.5363377599795,-699.75,-22.228398983481576,-6.223008661932546,-10.782320698176134,0.418365952029303,0.6167,11.83033007926324,10.41935725584224,92.63626362054852,6.627575339005283,50.18750713580782,49.81249286419217,97.96929222018416,24.8399685434007,51.92245903395095,48.07754096604906,31.47,99.04,6.71,56.22745597284108,85.26828745849845,28.02885635476342,10.33247656363037,11.58301158301158,0.1748657922142273,0.113954539851089,8.929454407421209e-7,8.662655745857646e-7,0.2277825739026692,0.1138912869513346,PP
2501351,250135,957,933,957,57.9543052822264,57.7190783005372,933,47.9380971764341,48.2575501671363,587.2365532394583,585.8581272278889,-24,-2.507836990595611,-10.016208105792302,-17.282940511520724,0.415660008309979,0.4281,0.1287557519524092,42.79951385758307,93.00620374441606,10.67837760227465,20.79239534815267,79.2076046518473,99.43768359780292,48.56686893638715,79.58001448225923,20.41998551774077,62.51,98.68,6.29,47.76785714285715,92.54163649529326,46.875,1.235735250965374,29.41176470588235,0.1518499728323839,0.1657749515579925,1.09195188819448e-6,7.065329818192637e-7,0.1042698792654037,0.2407620476093522,PP
2501500,250150,5112,3008,5112,54.575726881877,53.9018662069467,3008,54.488859131419,54.7176598134463,652.7782225271212,811.2993244668249,-2104,-41.158059467918626,-0.08686775045800488,-0.15916920473825355,0.4227633175567028,0.6331,3.325515342218743,14.45022217897386,79.48596622906119,24.44076323394983,60.0009082135248,39.99909178647521,96.992816786189,27.14377895619008,58.61545138888889,41.38454861111111,18.68,93.86,22.01,6.75771132564163,68.98003472222223,49.98822698375324,20.79232466357222,10.1010101010101,0.4692774951589392,0.03943661597614139,2.749614882053151e-6,1.53705990086862e-6,0.5470101893156604,0.04093273525491336,PP
2501575,250157,5947,5055,1982.333333333333,38.67488259032353,39.08067453191267,1685,28.42186027763823,28.55607420742357,486.2564853974891,498.2723704751087,-297.33333333333303,-14.999159239952906,-10.253022312685296,-26.510803979145386,0.6304592032615582,0.5052,0.006188497528375224,13.75040552635692,66.98280478587871,14.31392744078332,90.81431360173406,9.185686398265963,84.80451727373051,5.29492319808425,13.00893743793446,86.99106256206555,15.31,98.47,22.97,0.6554798112218143,75.42204568023834,27.29417933927635,16.67235086599587,41.66666666666666,0.2268677111806263,0.03149461402241668,4.975989505793205e-7,5.529995409173747e-7,0.2236013456574046,0.1143415972111728,PP
2501609,250160,6104,4345,872,60.73578067304402,59.8175451073733,620.7142857142857,49.94668602614714,50.01602326120027,493.5759159390159,584.5048089042599,-251.28571428571433,-28.81716906946265,-10.789094646896878,-17.763984470665303,0.4603015178126145,0.487,0.6460003692711231,11.96127531179878,73.77072928830138,12.51892501724231,43.85814004505404,56.14185995494595,99.48675574246316,54.2083512424629,61.59987597860631,38.40012402139369,63.85,99.57,10.5,2.098600932711526,78.42802883497403,22.68487674883411,5.360055217244967,53.09734513274336,0.09297762911602088,0.1063078962350551,3.475262906796785e-7,3.450781035540841e-7,0.0756880017600749,0.1550383261859599,PP
2501708,250170,3050,2195,435.7142857142857,61.67010813079558,63.30517787650893,313.5714285714286,54.59520165143719,54.75059760700016,562.0690406153107,578.7334211800433,-122.14285714285711,-28.03278688524589,-7.07490647935839,-11.472181083829598,0.450292413111563,0.4587,0.01143100651455271,23.07236552511646,82.94293472092946,17.26873189894574,57.63391084044299,42.36608915955704,98.61501527793855,12.96677629222975,45.03726287262872,54.96273712737128,20.61,99.9,36.08,0.4719454640797063,89.02439024390245,31.41059255374935,0.2940684079831385,28.16901408450704,0.04936020100607899,0.1960163827229068,1.145969784551281e-6,5.961357292170577e-7,0.0508222359451769,0.2975724138546567,PP
2501906,250190,2829,1794,2829,53.8233016825519,54.2202667763561,1794,57.4748188585368,57.5016675795414,717.101524648977,649.8285774779256,-1035,-36.58536585365854,3.6515171759848997,6.784268266412623,0.4755626836885773,0.5595,0.2897630446577985,27.73176264084151,74.74765545443063,5.159510529219431,18.11013675715983,81.88986324284019,96.83362424180032,81.44429366284506,85.47438097572935,14.52561902427066,80.88000000000001,98.51,4.87,4.058721934369603,72.90389801421917,24.61139896373057,8.435224844948833,16.75977653631285,0.7035410573563561,0.03193064032146078,3.191763024024141e-6,3.312061808270785e-6,0.7445300134966487,0.03818102633316147,GP
2502003,250200,2833,1716,354.125,61.90147570749771,63.04445027916941,214.5,56.64215997137266,56.49622976458222,536.6440499824312,629.620332089691,-139.625,-39.42816801976703,-5.259315736125053,-8.496268749677041,0.1927100963816314,0.4028,113.965298808638,40.8334632194674,83.29549397383575,12.8176726417098,26.39273450681961,73.60726549318036,90.45842241145132,56.41557663260774,81.25398851308232,18.74601148691768,80.64,97.36,11.28,335.1206434316354,95.66049776643267,36.59517426273459,0.02295290160514343,42.85714285714285,0.1711213014967655,0.01876601067444274,6.579046485785542e-7,3.406126181861902e-7,0.1597062160412573,0.02914917649424346,PP
2502102,250210,1552,917,1552,73.0746808502954,72.6025152554657,917,71.361725072361,71.1544759086111,599.6989877452964,657.6597388273738,-635,-40.91494845360825,-1.712955777934397,-2.3441166735215,0.4544775274693298,0.5762,0,10.27001077330039,93.41675072832588,10.43390230301936,38.7529750787019,61.24702492129808,98.56651881633807,12.2446851867973,73.9531310026892,26.0468689973108,57.41,97.79,11.06,8.883553421368548,89.68497887053401,6.122448979591836,23.75376104693,41.66666666666666,0.2618091080345305,0.05835520383701975,2.497336872915503e-6,1.027788405708775e-6,0.2582572313251177,0.1197582205436829,PP
2502151,250215,3882,3371,776.4,61.0097399904351,62.89903637160892,674.2,46.8465378815675,46.95706933300254,684.376190794688,794.2794933870889,-102.19999999999993,-13.163317877382784,-14.163202108867601,-23.214657382719643,0.6122564993285006,0.5114,0.1421139358557859,15.12093276740533,75.72754465367727,7.61444823326722,48.0765442375546,51.92345576244541,97.89938054847069,15.32956957297453,59.20288718029185,40.79711281970814,71.95,98.11,8.47,0.382262996941896,75.03530519378629,42.88990825688073,0.1766109195197768,22.72727272727273,0.1221154845772116,0.2292605603389282,5.137070621190877e-7,3.909869792864701e-7,0.08548700412905086,0.1831864374193947,PP
2502300,250230,1385,1043,1385,29.3734393477846,27.982256988622,1043,23.1837126771737,23.5295895475542,562.9017471514287,631.1546251727035,-342,-24.69314079422383,-6.189726670610902,-21.07252949620196,0.2839679842185034,0.4993,34.62455607755424,10.76180110552028,86.48022456894414,8.689563450304203,59.19466683016986,40.80533316983015,94.9241390123764,21.03920446655912,49.78531558608845,50.21468441391155,70.49000000000001,97.09,13.19,23.1438127090301,87.118935165307,8.294314381270903,13.31958671771618,30.3030303030303,0.23530282950781,0.008366807019594743,6.101369149401198e-6,2.691429488373949e-6,0.4352496297618803,0.07821457573092025,PP
2502409,250240,2938,1867,1469,78.07556593407159,76.37385248971376,933.5,62.76613222549675,61.4354497827146,588.0299705569772,627.6643642211255,-535.5,-36.45336963921035,-15.309433708574844,-19.60848253280982,0.317680991347874,0.4534,0.1410457483828062,37.48316384782441,78.38130891027194,7.668484964408414,31.59389368809651,68.4061063119035,95.60940673016101,46.2629430453096,73.16596659177493,26.83403340822507,68.19999999999999,99.76,8.13,1.299589603283174,79.43733515678421,51.64158686730507,19.99416356712623,31.74603174603174,0.2726428171086109,0.04456958571532234,1.43014437711789e-6,9.633760116580454e-7,0.3083311217276437,0.1063650895983316,PP
2502508,250250,6825,5796,1137.5,59.12774548157539,62.81358364286341,966,54.49887261873634,54.44514040180589,608.599078079455,645.0729206780026,-171.5,-15.076923076923077,-4.628872862839046,-7.8285969220345715,0.4880435213022207,0.5347,1.514406287563155,22.21992640274243,75.60037398664053,11.36179443703841,30.0043920365739,69.99560796342612,98.9682447555033,51.54756497362765,73.6335138216016,26.3664861783984,73.05000000000001,98.66,22.01,38.22762814943527,78.68338557993731,49.47871416159861,3.792977439183404,32.71028037383177,0.3169608168032961,0.2320741649716936,3.95507138091965e-6,3.201730873605265e-6,0.2225122873863113,0.2557612498693233,PP
2502607,250260,2184,1039,1092,68.7122701112567,66.53633965098045,519.5,54.39191137282221,53.55302124173115,614.0514829569133,610.0039683374404,-572.5,-52.42673992673993,-14.320358738434493,-20.841050245098042,0.4054339834534247,0.7002,0.1274231566729779,24.59030117140481,96.36722920351747,8.575964318354202,33.17292305253986,66.82707694746014,96.23541654235989,33.50992601655575,79.59836502576862,20.40163497423138,52.91999999999999,96.28,13.06,19.45031712473573,86.15603341034299,17.01902748414376,36.21745417620489,14.49275362318841,0.2354260227831014,0.05795869607534865,1.192720466860408e-6,1.483749685872615e-6,0.4597821626180713,0.08731216825474485,PP
2502706,250270,5272,3422,5272,77.098222388122,76.8564253061945,3422,78.1477631682611,78.1318680455503,566.9176392192128,605.7102068672796,-1850,-35.09104704097117,1.0495407801390968,1.3613034744894357,0.379923503040086,0.5959,0.1103205039764156,1.415996170616907,77.1832167842549,38.10543233578982,28.22693078802678,71.77306921197322,97.6260210931698,60.96662434902399,82.45655796238991,17.5434420376101,66.77,100,30.33,0.6818181818181818,92.00190430849797,0,13.53444255851664,15.38461538461539,0.544930372977818,0.07761025165386325,8.358750136189962e-6,4.149351065777557e-6,0.4737103910149342,0.06959898821834802,GP
2502805,250280,3271,1850,817.75,52.69916997592815,53.20472299396782,462.5,48.34529618869067,48.28627511222928,650.1478808305635,621.967213513325,-355.25,-43.44237236319168,-4.353873787237482,-8.261750212055025,0.3627355237806942,0.5847,0.295707274700902,20.15162479340621,84.48599811566618,6.35005971270403,24.62943711287493,75.37056288712508,90.12018322867125,65.79248195183783,82.18593704030597,17.81406295969403,82,77.47,5.21,23.78535170413343,76.78729037952338,16.82378535170414,8.980848405934191,0,0.2450747208308985,0.01897446361487091,9.73418792559742e-7,7.030515141768395e-7,0.2178441770859303,0.02792751341967271,PP
2502904,250290,993,595,993,57.3000977137005,56.4353956779885,595,50.7061819305236,51.0117093489068,622.7402371591301,766.1819031938364,-398,-40.080563947633436,-6.593915783176904,-11.507686803822487,0.2001100253704773,0.5656,0.2736924273286788,17.72239978933802,89.57974218977074,4.105474492788943,25.33024136468963,74.66975863531034,96.93622897003695,9.621414993925212,84.72657610588645,15.27342389411355,92.67999999999999,99.76,5.36,33.49206349206349,81.88784395680948,67.3015873015873,11.21321526693121,0,0.3173626649358186,0.03461250695698339,3.084464454534362e-6,1.410793758534767e-6,0.3903058920221949,0.07277236957346596,PP
2503100,250310,1830,1665,610,41.40415706425637,50.22355814230126,555,35.8823051644393,36.05519348604157,588.9674763963003,713.8436771969076,-55,-9.01639344262295,-5.521851899817065,-13.336467377532976,0.5504397470908581,0.5949,0.006420415688569906,21.74663008033292,75.14364561597135,16.79144161582319,55.4121577185036,44.58784228149641,98.43764102011647,29.52451509488537,51.64979377577803,48.35020622422197,57.48,97.95,57.56,42.41971620612397,69.89126359205099,33.45780433159074,13.0047821295699,17.24137931034483,0.085776980445606,0.27896791606915,1.235768760883435e-6,6.114284090484011e-7,0.06919911595430933,0.3663482609345788,PP
2503308,250330,9895,7454,2473.75,82.08598612078293,81.2664193863779,1863.5,68.31568368020756,67.39428075143218,583.3677282173962,580.4607983164049,-610.25,-24.669024759979788,-13.770302440575378,-16.775460820210512,0.4016081929272507,0.3818,0.3490343047615843,29.2933509689889,83.08612477351629,5.703198034596478,64.2209149744141,35.7790850255859,92.88648249193224,25.46231310680921,45.28363755601706,54.71636244398294,24.71,96.02,6.6,19.74522292993631,78.893868182315,34.69214437367303,21.33373986968961,18.69158878504673,0.2554074150713146,0.03050983961269059,1.283598549896913e-6,9.667815168112126e-7,0.3499101619990522,0.05258649863185755,PP
2503407,250340,3935,2888,1311.666666666667,53.9770545015993,54.3845253804658,962.6666666666666,62.07805724761953,62.8129962269607,554.7994530691454,532.4842888968985,-349.00000000000034,-26.607369758576894,8.101002746020235,15.008234185472661,0.4126557740648138,0.5645,0,56.51845727069378,91.9494319703474,16.95901580734913,52.2619627195248,47.73803728047519,93.79300224464897,42.41280751707326,53.185004571776886,46.814995428223114,60.55,98.83,15.34,20.21857923497268,96.34257848217007,29.6903460837887,21.51580794306824,21.27659574468085,0.2465169911154685,0.1191435756968702,2.293156408153084e-6,1.029225431346526e-6,0.1916055319406239,0.1237152259804593,GP
2503506,250350,5253,3132,2626.5,23.74570152790735,25.2066552360922,1566,26.240206449961,26.480987110821,538.5133160099637,595.7864859048593,-1060.5,-40.37692747001713,2.4945049220536504,10.505079915714264,0.5263007344776073,0.5309,1.852026394222354,27.62692680368988,73.98826766560128,4.79916475584919,45.50233855579805,54.49766144420195,98.44167701355822,14.45788067680137,70.47096934961375,29.52903065038625,35.37,99.1,9.02,0.2523431867339582,74.21505108397707,31.03821196827686,11.37904602827487,26.7379679144385,0.3152990051398359,0.06923327966052478,1.512221472808323e-6,1.463650341708508e-6,0.3634662072785674,0.04673136950724438,GP
2503555,250355,4590,2512,4590,82.4079671960226,81.0976819396867,2512,81.6840752407719,81.7042369110227,445.6812363925716,512.5574863489337,-2078,-45.272331154684096,-0.7238919552506928,-0.8784247201836466,0.2777786420808148,0.4664,0.0003747614551656776,35.01100943586483,96.73316544426709,6.832794764082796,74.49992931814305,25.50007068185696,95.52241374221661,32.72733588964954,46.83649453135816,53.16350546864184,55.39,98.12,7.56,0.9065155807365438,88.91042503115048,60.28328611898017,27.69270649202828,15.50387596899225,0.1261225049285636,0.2301955145632067,9.936716005350432e-7,9.656919838106473e-7,0.1290373046985037,0.2407666116410405,PP
2503704,250370,10836,9934,1806,69.09445791132869,68.67516777029753,1655.666666666667,60.64666969669245,60.01115218567395,933.5541791133227,964.6370705315636,-150.33333333333303,-8.324104835732726,-8.44778821463624,-12.226433884867554,0.459617141520605,0.6335,17.4200214104247,41.74183024992936,65.18811967297697,1.648392643096549,19.1767274981209,80.8232725018791,97.34255496825105,56.21354968229009,83.54162354926528,16.45837645073472,76.71000000000001,99.71,1.84,28.8135593220339,64.44525814719883,49.56685499058381,18.45783601697919,22.98850574712644,0.217199415788923,0.01771275999504547,3.342774455468769e-6,2.797088177870857e-6,0.2902303078408927,0.03404687436109993,PP
2503753,250375,1126,687,563,79.07308787932445,78.05351297040289,343.5,66.1346751321373,65.80405737520235,501.6274488797432,603.3205831852289,-219.5,-38.98756660746003,-12.938412747187144,-16.362599582468313,0.6371012272542977,0.4663,9.428460229315105,43.0983323265741,112.6366988365301,16.44138367428547,66.66666939712482,33.33333060287519,87.42884180824335,30.79458938904257,48.50146198830409,51.49853801169591,46.32,89.02,17.65,47.28395061728395,121.4912280701754,74.44444444444444,32.12241878687838,47.61904761904761,0.2324990799296832,0.01431821271828309,1.529047261406265e-6,1.057054704763633e-6,0.287755292112692,0.04283834844151346,PP
2503803,250380,5474,4533,5474,27.3100517008796,26.3697851604431,4533,20.7159301082704,20.8206328797526,592.1520046639215,593.1490224598473,-941,-17.190354402630618,-6.594121592609202,-24.145401351974808,0.4676193078572708,0.5145,2.282421573540085,1.448823672166499,80.27261124167606,6.527728112270751,42.75745144589614,57.24254855410387,98.68701088238849,5.831464849656588,59.08141962421713,40.91858037578288,8.28,99.24,9.17,16.69724770642202,79.97564370215727,10.45871559633028,16.95152976632401,11.36363636363636,0.6075099508573881,0.05372245894837312,2.079729664119731e-6,1.688885814522892e-6,0.5093006696949737,0.05602307366644711,PP
2503902,250390,2116,1789,529,56.94525961738518,56.86303931979563,447.25,50.6540861203604,51.47586954139908,481.0811569311242,548.6583379988115,-81.75,-15.453686200378073,-6.291173497024786,-11.047756282603924,0.5493240883562137,0.5292,0,1.73574594294228,91.01594752128976,19.35410661757362,49.52022436667903,50.47977563332098,99.71769109037743,19.01693289402425,59.73254086181278,40.26745913818722,36.73,98.57,9.98,43.6241610738255,85.6529635132904,31.72666259914582,37.74727665405033,12.19512195121951,0.07410694483654602,0.2804812232538362,1.00690220611546e-6,4.424139967738261e-7,0.0836629944107206,0.3932955844959303,PP
2504009,250400,11460,5358,2865,39.61163590858158,40.7904920793659,1339.5,34.97891128029932,35.00422707567628,1236.548419102965,1267.510546888502,-1525.5,-53.24607329842932,-4.632724628282261,-11.695363046792556,0.5039458151461709,0.6013,0.7109011958832319,8.947245437935345,44.45386273512104,0.4429641736086422,5.226605988763374,94.77339401123663,98.06800680640234,84.30746936562913,96.84044953519097,3.159550464809029,91.89,98.74,0.41,17.07506203473946,48.81465904813057,28.55148883374689,17.865285671562,16.55393378426486,0.2583434206654083,0.04858775829714863,1.363560172997107e-5,1.420057192686823e-5,0.225556414622908,0.04994463466650105,PP
2504074,250407,2246,1930,449.2,53.39918578267428,55.012912424636,386,47.28365586551256,51.05668439037304,553.1878947159402,622.4631745804713,-63.19999999999999,-14.069456812110417,-6.115529917161723,-11.452477837491573,0.4909941993414438,0.6077,0.0002180919842246308,19.59031699968823,82.42362351365891,10.3615707438903,60.9930864178454,39.00691358215463,98.195645354979,38.9039536722336,45.7657200811359,54.23427991886409,50.38,99.7,10.06,21.0334788937409,94.06693711967546,31.07714701601165,14.19981729365236,0,0.06737759005268192,0.2232939854748854,6.690961156094999e-7,2.209674707363508e-7,0.07081959504815916,0.4372938102002837,PP
2504157,250415,1518,1236,1518,36.9848887855322,35.8226779373382,1236,30.8464934009196,30.992940279363,470.2048446013504,560.795757728446,-282,-18.57707509881423,-6.1383953846126005,-16.59703621175637,0.4129416577094632,0.409,119.6406114996774,42.610377408483,80.87911055427881,8.851381017276337,50.67930612704053,49.32069387295946,99.08668768838665,31.77552008755425,58.21718931475029,41.78281068524971,51.32,98.27,8.04,83.35373317013463,82.43321718931476,46.08323133414932,18.03647222915592,14.49275362318841,0.1870135341708086,0.04666653944503196,5.673071392390482e-7,5.6271584787285e-7,0.2628411308446355,0.04462896770373613,PP
2504207,250420,3082,2217,440.2857142857143,82.86790442853042,82.6802706150298,316.7142857142857,82.24598744110223,82.26872864263123,609.1721307888135,626.2419371576316,-123.57142857142856,-28.06619078520441,-0.6219169874281931,-0.7504919929097116,0.3868668444923427,0.7036,0.02528344025228086,40.51304040992128,85.5159892026564,15.51441903831064,40.14372619217429,59.85627380782572,95.38724274000768,17.63762477714266,66.84480071253618,33.15519928746382,39.4,98.97,10.82,12.04128440366972,80.02672010688042,42.88990825688073,45.2214854559473,19.6078431372549,0.1337829608075541,0.1229318828905657,6.447295292653857e-7,3.660075992980821e-7,0.1074970265943177,0.1598243927602297,PP
2504306,250430,7233,5944,1446.6,67.6871177359702,67.61365206625472,1188.8,65.14096889998962,65.1014595553017,742.565171030232,816.7779558543011,-257.79999999999995,-17.821097746439925,-2.5461488359805884,-3.7616446395493615,0.2911783944242446,0.6157,0.04695604145875699,17.29291883914687,63.66436151950801,3.53762281589966,26.02484980541123,73.97515019458879,96.97720957048362,38.33505512618663,78.62487692812603,21.37512307187398,75.71,98.18,3.18,57.96160361377753,60.37413849688218,48.89892715979672,9.430608777944784,11.36363636363636,0.2659879896927433,0.01343184349608118,2.767385406641911e-6,1.698542070642443e-6,0.261343999655386,0.05270437326383618,PP
2504355,250435,3373,3380,3373,25.8250208402539,29.4993090558598,3380,22.0838659368222,22.2257573093983,664.8531652319406,621.7463447738194,7,0.20753038837829826,-3.741154903431699,-14.4865513432628,0.6387312847357266,0.6171,44.2882158795198,39.7367611177958,106.5270065184884,15.23951815794451,76.691998307832307,23.30800169216769,96.1828721063187,21.53815720849231,24.53368861819566,75.46631138180435,25.59,97.8,19.92,58.438702583837276,93.1480776551199,42.66080263881253,13.19741033635559,0,0.5214472294323501,0.1445406214904672,1.870194198575663e-6,1.241044756036452e-6,0.4532897345907194,0.1295113527402055,PG
2504405,250440,6298,5124,1049.666666666667,84.53421647538268,83.65999623728098,854,77.49870994244328,76.79338685143097,633.9710736789975,721.8715256916453,-195.66666666666697,-18.64083836138459,-7.035506532939394,-8.322673145007753,0.2321885193266513,0.549,10.07519339337128,16.01624236814756,72.88027589403045,7.945978202303491,37.80843398705875,62.19156601294125,94.68999086749824,23.76868706730848,68.05624210468501,31.94375789531499,55.55,98.72,8.2,53.35786568537259,70.4619102542978,14.96473474394358,25.11095990472631,15.78947368421053,0.1773732999092844,0.04919119026603343,1.8554395183526e-6,9.19813030138552e-7,0.2183201132459969,0.103940586883449,PP
2504504,250450,642,523,321,84.81040821564176,84.93972542746044,261.5,86.1442010752994,86.0148200655195,594.5500863758107,667.0462438144989,-59.5,-18.53582554517134,1.333792859657649,1.5726759105631267,0.3245874735978843,0.7306,25.86999283282244,38.58873441077563,88.60939783503409,9.509132744755338,31.29196864335123,68.70803135664877,98.41323331795768,37.58640994421655,74.31192660550458,25.68807339449542,61.94,98.48,9.47,30.3769401330377,78.4325921318613,65.85365853658537,19.56868346481536,12.34567901234568,0.2379913873673063,0.02591328920205194,3.393571042668983e-6,9.974909906360698e-7,0.3620049727512705,0.0873880004221567,GP
2504702,250470,1241,571,620.5,42.84700009134045,44.81323559950584,285.5,32.5261013384069,34.85490113824885,498.3616624451722,606.52058312325,-335,-53.98871877518131,-10.320898752933545,-24.087797817657343,0.5122276217443057,0.4724,0,41.06841066039087,91.59072110760432,13.88664481447947,37.40798984980985,62.59201015019016,96.38964630042852,46.55549494473441,70.08113590263692,29.91886409736308,70.63,99.02,18.08,19.27194860813704,93.18458417849898,33.83297644539615,0.1742334439270169,24.39024390243902,0.07738902705675355,0.2437412943626054,1.460022474496514e-6,6.182293536913444e-7,0.07289348787362748,0.3125521905268555,PP
2504801,250480,4305,2189,861,62.19275273439608,60.84882332553752,437.8,57.30956651269142,56.4316511436807,615.8468470762921,672.0138653145809,-423.2,-49.152148664343784,-4.883186221704662,-7.851696551460065,0.5062046719440332,0.5671,0.004389908245764988,18.98306885865741,75.51862509035026,11.66748111256821,25.09699287964791,74.90300712035211,97.89033075243378,53.16183560450089,83.69624760339633,16.30375239660367,79.02,96.02,10.23,4.236200256739409,77.64995891536566,42.81129653401797,13.75554777754037,6.289308176100629,0.2378761536771049,0.02382265532516592,2.904287544003431e-6,1.726468440926146e-6,0.3674588348170609,0.04585472220393183,PP
2504850,250485,466,377,466,60.0164632050638,64.7481607615806,377,37.2936973589186,38.809494120806,602.241442412883,664.3154362938188,-89,-19.098712446351932,-22.7227658461452,-37.860887884223075,0.4271607461972408,0.6427,0,10.48783673717876,87.46210637201166,15.60929731783113,55.65703722663714,44.34296277336285,99.58621498277114,33.11046426387205,48.24561403508772,51.75438596491229,40.6,96.61,7.91,50.26548672566372,95.28508771929825,44.95575221238938,0.2853167683992449,0,0.08384335581027406,0.3880238993043413,1.682300346957421e-6,2.620261419515679e-7,0.06131671975454166,0.6134421604142711,PP
2505006,250500,2993,2632,1496.5,39.10003777424985,40.04791625316875,1316,35.1179963821489,35.2472818170836,540.4062093423723,568.5702087167476,-180.5,-12.061476779151354,-3.982041392100946,-10.184239245731376,0.2126817294993302,0.5915,0,51.77871646827614,84.98230197804378,13.94807976409499,35.20411326346713,64.79588673653288,89.36502348868085,22.50948020853034,68.94722885176346,31.05277114823654,66.96000000000001,98.46,11.54,15.08064516129032,79.77989923097321,60.48387096774194,10.52242779037278,31.91489361702127,0.2092413567418985,0.1354380514629135,1.094194689594015e-6,7.795091172390102e-7,0.1401130691854369,0.1634652473830098,PP
2505105,250510,8293,4769,1184.714285714286,55.3795427561649,54.41868189614409,681.2857142857143,47.90011695646997,47.85403238376783,615.4031011347496,668.257913690402,-503.4285714285717,-42.49366935970097,-7.47942579969493,-13.505755785356882,0.3619179255728502,0.6504,70.65384041232427,27.49277033879471,70.56609017868824,6.686297294246555,32.64532492933716,67.35467507066285,97.72140211215212,15.60952590613543,72.44190786791684,27.55809213208316,25.09,99,11.9,79.04047172339855,75.0560538116592,17.39480032162959,23.93440654262978,4.587155963302752,0.09521061982709811,0.03765882080516515,5.277159424640944e-7,4.761635337571664e-7,0.1358050801476492,0.04805810396038341,PP
2505303,250530,1864,1532,621.3333333333334,89.49426431354223,89.05234275801907,510.6666666666667,84.1936283765197,83.28825781598606,552.904837783052,602.0229504412707,-110.66666666666669,-17.811158798283262,-5.300635937022534,-5.922877826507195,0.4989967941574231,0.5942,0,14.64560632036594,84.78381720712814,14.85817339010447,43.5749718426665,56.42502815733349,99.35152982905984,33.19495526374348,60.73458679492786,39.26541320507215,43.3,94.51,14.51,78.97091722595079,80.41101880192392,61.29753914988815,0.2539175691821237,34.48275862068965,0.142130233351678,0.05029965186873609,1.795351231564821e-6,6.771696956486219e-7,0.1888934017707122,0.10427659661744661,PP
2505352,250535,1224,774,1224,39.2077139156088,37.6267183654692,774,37.1090028563773,37.3842132165497,461.0619971530762,533.6883769958748,-450,-36.76470588235294,-2.0987110592314977,-5.352801399614349,0.392790788532665,0.704,11.64040484366912,33.20516442355859,82.17752447577075,6.48472924579524,53.41416704809092,46.58583295190908,95.63161665837684,1.951873285636266,61.30522088353414,38.69477911646587,13.31,98.84,4.89,102.0389249304912,84.61847389558233,56.34847080630213,44.52392216172923,0,0.1771334303811312,0.1113859464152215,4.394063953921493e-7,5.054072384171214e-7,0.2313252922012598,0.02891566152515747,PP
2505402,250540,3425,2649,1712.5,71.6988746055076,71.5916515731199,1324.5,69.22819416565625,69.40732373561355,535.0691587972184,587.7765160791009,-388,-22.656934306569344,-2.4706804398513498,-3.4459124406696935,0.4196227099879651,0.6383,0.1108180491163349,53.64582249726369,91.77125921135364,5.169088419110531,38.82825982872941,61.17174017127059,98.2299613743988,37.85408234544629,65.34027519523985,34.65972480476013,42.89,98.16,7.6,23.09148264984227,92.90938390975579,58.42271293375394,17.814912734549,0,0.2244310421806546,0.274698907039674,1.601734169066098e-6,1.423847550469012e-6,0.2051990351957242,0.2728789017836363,PP
2505501,250550,1437,908,1437,61.4063995425284,61.460079028271,908,67.0736165650622,67.2802567371618,589.9727181092795,615.863690635714,-529,-36.81280445372303,5.667217022533798,9.229033235548744,0.5309663468884208,0.6457,0.9463494908283362,51.34865543418826,85.60784130084272,4.233843067405367,54.25882079754416,45.74117920245584,94.36132463820815,37.23575807367355,49.46443284811865,50.53556715188135,48.71,95.44,4.11,38.92617449664429,73.05685251304587,56.51006711409396,20.51967192215775,0,0.2400223622167149,0.05237693669973494,1.730908590383481e-6,1.866964716183865e-6,0.2451694683476808,0.08591272738984272,GP
2505600,250560,4436,3117,1109,88.08126106455683,87.4663916915272,779.25,85.20585077773327,84.76320999324382,594.9407880769761,601.0826525522494,-329.75,-29.73399458972047,-2.875410286823552,-3.264497183704144,0.5488035959393767,0.4849,0.03556984503364976,24.86168055661083,85.6177257052154,8.422241982144557,42.28792072459,57.71207927540999,96.70368270736164,24.24842597929397,65.23257659946023,34.76742340053977,43.78,99.57,8.83,1.019541206457094,79.9809493570408,43.84027187765506,61.7029915719613,22.98850574712644,0.1719507752223929,0.05759765071826752,1.861459945082625e-6,5.94924042873897e-7,0.2044203889248563,0.07067084601497983,PP
2505709,250570,7275,5437,3637.5,44.9231426921229,45.8418593973077,2718.5,45.78268871727045,45.88908426336235,479.76586477721,557.229797269815,-919,-25.264604810996566,0.8595460251475515,1.9133701999398844,0.4309273571969583,0.6354,0.5505842002648356,21.91845837832905,80.3215896123762,9.878899607484948,54.94622212408873,45.05377787591126,95.95019253427861,19.54148333022543,51.24758220502902,48.75241779497099,20.72,98.3,9.1,25.27697989331145,83.06576402321083,14.27985227739023,6.43627343268351,16.80672268907563,0.3013696250260017,0.02860665273807188,1.090252831583775e-6,8.897813216982291e-7,0.3013771858483018,0.042740764538486443,GP
2505808,250580,3065,2273,3065,33.0472852641431,32.2257648837446,2273,26.844434338258,26.7882644767977,559.976020522775,571.3583748235251,-792,-25.840130505709624,-6.202850925885098,-18.769623212032194,0.3924724329316737,0.4604,0.006247868369972413,50.64471060590024,85.23586712072446,15.23888643694699,23.40645651575259,76.59354348424739,99.47557168930885,26.23143617252512,81.05580693815988,18.94419306184012,53.01,98.4,14.68,3.582089552238806,88.92911010558069,33.73134328358208,34.5540819487552,50,0.8322349205805813,0.0434506340686311,4.442800495256454e-6,3.207834772755039e-6,0.9850337086293132,0.09322640456670285,PP
2505907,250590,1040,396,520,79.7561409541097,78.8864329631283,198,78.1601926011927,78.24970236249439,557.9131610060881,668.4845775012602,-322,-61.92307692307693,-1.5959483529169916,-2.0010350724407195,0.5185156094923289,0.6027,0.02612453028907433,62.84979912450714,95.97116605600712,14.65623987260077,35.38238444512869,64.61761555487132,94.80802013814433,57.23022825369523,74.10863045651449,25.8913695434855,71.86,98.79,17.43,2.857142857142857,87.73742085971344,42.41758241758242,46.0619531942309,0,0.1827283806075355,0.1452560559104497,1.295597457705803e-6,5.996893389950217e-7,0.1858382537120134,0.1275337776151654,PP
2506103,250610,1715,1464,1715,41.2033248469912,41.9868649411742,1464,38.8297069731289,39.0879577712505,560.6801473424086,571.4317770146009,-251,-14.635568513119534,-2.373617873862301,-5.760743538723503,0.4509679686497289,0.5783,0.02853369237156426,10.19056155993605,88.6811046217861,20.63543221985865,51.86988423077033,48.13011576922965,99.74383469710436,11.56267278667739,55.55857323918161,44.44142676081839,16.78,97.62,8.78,106.7692307692308,80.00181061017562,30.69230769230769,36.0973746098848,20.54794520547945,0.277133995741782,0.05549960267037207,1.410498005244103e-6,9.721845511838057e-7,0.3072251293286025,0.06226840979691942,PP
2506202,250620,414,274,414,76.103588987588,80.0429305135135,274,51.2137203259164,51.7057894848698,577.4395250066517,695.0481281789025,-140,-33.81642512077295,-24.8898686616716,-32.70524950634191,0.5203865361806158,0.7017,3.758670932699463,19.8909560132443,88.07137978118405,7.426423482219342,38.26501115261057,61.73498884738944,99.77847739379082,63.20798145819651,69.13058782118972,30.86941217881028,68.11,99.73,6.69,28.86297376093295,83.73812038014783,41.39941690962099,0.4480988555603816,0,0.07031430931666431,0.03862972275527723,1.403297434225406e-6,3.214137064600841e-7,0.1080924094665648,0.02193875569913982,PP
2506251,250625,5803,4659,2901.5,44.7572295151169,45.9485016474469,2329.5,35.6240112254907,35.7679400828668,464.3378567429241,485.5090470194895,-572,-19.7139410649664,-9.1332182896262,-20.40612966569217,0.5518213330972749,0.5958,0.07886420374084273,19.21769641636609,82.3392123183814,13.97492820231994,88.63701357999932,11.36298642000066,90.50883270304212,2.313063576585245,17.4434250764526,82.5565749235474,2.19,96.98,14.87,34.79740179399938,89.46788990825688,24.96133622022889,6.408186672641043,9.00900900900901,0.3935535222013756,0.0791421940649115,8.468671866878902e-7,9.501326920295696e-7,0.4158261329517666,0.18316151094304,PP
2506301,250630,3136,2733,3136,36.5482851677654,35.8484895266794,2733,36.9037895184612,37.0275656005797,841.425011441789,889.7214447995648,-403,-12.85076530612245,0.3555043506958029,0.9726977587702202,0.6122991637646841,0.6693,0.05671594724790859,0.05257609256331625,58.85053353163925,3.425157784326108,12.03364538804115,87.96635461195883,98.91942653600718,68.99964228678301,89.30726061031217,10.69273938968783,78.53,98.77,2.08,7.77444110777444,59.3160294633462,0,13.11309206548829,14.3979057591623,0.6652597025668368,0.0239912926012429,9.379438727638155e-6,9.913518618462221e-6,0.7843972745003959,0.04800043023062124,GP
2506400,250640,9696,8291,2424,33.15757822156358,32.1346878027749,2072.75,27.45424175804475,27.48491776911402,534.9738616379235,604.2547411041033,-351.25,-14.490511551155116,-5.703336463518834,-17.20070273349984,0.52651078263441,0.614,0.01992068633445666,2.104246868345179,82.19548747242433,10.97069255982407,58.0689008618396,41.93109913816041,92.2092363620287,7.307700139703975,45.50410700007269,54.49589299992731,57.64,97.49,10.99,5.352199323285143,75.71418187104747,10.30452168563519,31.33581470523987,44.87179487179487,0.5233602096839076,0.03619478392848818,9.40593520118766e-7,8.052861721712251e-7,0.4747106182169462,0.03350898481531385,PP
2506608,250660,2217,1325,1108.5,78.87743321002455,78.28767426650435,662.5,70.84206331555674,69.9497806312754,537.4087921242825,643.413118775759,-446,-40.234551195308974,-8.035369894467806,-10.187159454177813,0.3180104662071328,0.5434,0.2306027879253161,11.4478097119782,86.41301482228539,10.05144957042365,38.93201093087283,61.06798906912718,95.38118645878873,5.963103357937388,67.72703038919495,32.27296961080505,28.46,91.3,11.23,40.37914691943128,73.66269770748178,41.23222748815166,26.02861749952941,15.87301587301587,0.1800983241203543,0.03796598199048835,5.034553104924197e-6,1.13688598496687e-6,0.2131101527860517,0.09419388485665976,PP
2506707,250670,6105,4678,2035,67.9377841716834,66.11156078616257,1559.333333333333,69.98406562210377,69.7912671329429,514.0234194916072,549.1445625583033,-475.66666666666697,-23.37428337428339,2.0462814504203664,3.0119932161008873,0.4477830529967115,0.6439,0.03067168811524466,54.09339584151515,78.94320022233833,10.0402150581672,55.41833616514287,44.58166383485712,97.08803312690797,26.18311994228753,52.88109462324147,47.11890537675853,51.61,91.86,7.57,1.071122536418166,74.64829446906919,61.39674378748929,17.24921364798058,16.94915254237288,0.2060516688886445,0.1356491701950413,7.907755515536163e-7,6.061134168986279e-7,0.239298359095943,0.1389835194900885,GP
2506806,250680,5166,3109,1722,37.2633049274241,36.63056275927067,1036.333333333333,32.58337500358454,32.6407172378066,613.1571213023267,643.3962098217185,-685.666666666667,-39.81804103755325,-4.679929923839559,-12.55908442086505,0.2047886209779554,0.5314,0.09927984214189407,14.75089625343364,77.89063722993961,4.106324903958965,36.38942067218667,63.61057932781334,97.60091486069147,5.414624410521027,68.91761637466689,31.0823836253331,21.11,98.12,3.88,21.20683641437042,82.19651868231558,32.2288106034182,11.77299336617175,37.55868544600939,0.3870917554209725,0.04540092679994118,1.252309103872215e-6,1.340801663761042e-6,0.3447810010741484,0.09073184238793378,PP
2507002,250700,5802,5071,1160.4,75.70968450545494,74.65916162694118,1014.2,66.5195487630359,66.17747105601192,741.6729289793707,833.7243179330062,-146.20000000000005,-12.599103757325064,-9.190135742419045,-12.138652805714557,0.395649597389568,0.6935,0.009233482375056756,17.58463470122537,69.56649324070192,5.954415643940754,24.16225965131063,75.83774034868937,96.07795148695156,67.15755314866455,78.6319054405231,21.3680945594769,80.42,99.28,4.6,3.563025210084034,58.79788750104786,12.60504201680672,12.59849399238836,3.412969283276451,0.2681459697558463,0.04215212603711264,4.146304055148455e-6,2.55514422287394e-6,0.3197877321488301,0.04862147158522678,PP
2507200,250720,5476,3656,2738,23.77927899584885,23.47225953428235,1828,20.84592911282135,20.8796992897485,562.6908154569902,578.6297165902623,-910,-33.23593864134405,-2.9333498830274998,-12.335739378555486,0.2781911820707064,0.6403,42.67587262143213,22.90797369259023,81.66603632660572,9.796154684109784,41.6178974209055,58.3821025790945,97.82650701036688,19.06228426412465,60.22564298690123,39.77435701309876,26.06,99.33,11.91,118.9298334174659,78.1432259298212,38.21302372539122,36.04568420518716,13.6986301369863,0.4477425538020468,0.0529568781979988,1.111739841406066e-6,9.137787374665637e-7,0.4158247756354071,0.1096265317584255,PP
2507309,250730,4403,3463,4403,22.8180562641454,23.3651369465198,3463,21.3616960180993,21.265718975857,519.6633655746923,606.424107418212,-940,-21.349080172609582,-1.4563602460461027,-6.382490380368283,0.3680029992959208,0.5944,0.001975506149514986,0.3261872174366019,80.8866415571086,16.3222107241602,42.31188864851561,57.68811135148439,98.1186281056689,8.923142204208892,62.59256695965119,37.40743304034881,28.69,99.78,11.67,116.8556311413454,84.61485223890926,1.851851851851852,18.19820443317999,24.03846153846154,0.3701971622793954,0.02825036033148506,6.918864682352974e-6,3.497770592748156e-6,0.3878317148159582,0.03764248996743124,PP
2507408,250740,3409,2637,1704.5,49.27589960346795,49.40512212541335,1318.5,47.6025650076669,47.0180462948586,720.4485617867051,655.980550482884,-386,-22.645937224992664,-1.6733345958010517,-3.395847887642188,0.3066789426613328,0.5038,0.001032128585442215,38.86531036155339,80.87414767350441,10.18368878704499,37.2710065588002,62.72899344119981,98.75295992937735,42.04292873796346,71.5522984676882,28.44770153231179,57.03,99.56,11.78,58.00711743772242,72.79147235176549,56.22775800711744,9.304248848579977,12.34567901234568,0.3578781245610773,0.03305357392629088,3.839462929973078e-6,2.108665119055581e-6,0.4626166448884875,0.05455947769728235,PP
2507606,250760,1914,2042,1914,44.1652566432436,42.7723294151033,2042,34.4848044180625,34.4739531403341,541.9792894236346,590.6201810820647,128,6.687565308254964,-9.6804522251811,-21.918704794081652,0.2325927052089389,0.5793,1.213186508334537,0.4297807063761773,86.37693832231224,5.734924154464359,23.80143036431942,76.1985696356806,99.28779960299387,11.70042029570406,77.31588401334359,22.6841159866564,13.62,99.02,6.15,22.41183162684869,87.49037721324096,29.12400455062571,32.91088032562363,20,0.4142676276124732,0.1261050583177815,2.540607697614445e-6,1.401033827774058e-6,0.3896547770568788,0.06221906923972742,PG
2507705,250770,6434,5386,1286.8,50.5109371591576,50.3377806014804,1077.2,43.12349983589178,43.31602725714908,590.2190867714617,623.8041672616179,-209.5999999999999,-16.288467516319546,-7.3874373232658215,-14.625421223107288,0.3079431523225878,0.5435,0.04589674259153376,29.88890081375023,78.12056452849487,5.454655117070166,45.42836143462949,54.57163856537051,97.46030583635415,58.42668543543072,54.8855815047944,45.1144184952056,58.45,98.99,5.26,0.5508843142939983,77.76339784693216,47.92693534357785,37.58025070475334,32.49097472924188,0.0971348442556638,0.1491342061902511,7.336250972272069e-7,7.068321990962989e-7,0.09407718170669933,0.1676064564881667,PP
2507804,250780,2872,2653,957.3333333333334,77.92932017926248,77.80333878014707,884.3333333333334,73.73982760569614,74.07602819807786,584.1184971341322,699.9375343487359,-73,-7.625348189415042,-4.189492573566341,-5.37601581013303,0.4167112729046089,0.5821,44.26489754090131,67.34801969938624,85.87673130384324,8.729481881967251,34.8300977481408,65.1699022518592,91.69221159244022,61.92129615636809,67.22689075630252,32.77310924369748,65.23,99.06,7.37,33.33333333333333,76.82441397611677,51.69712793733682,15.78580995580431,21.73913043478261,0.1178851455757722,0.0722362108389674,8.634697824431807e-7,8.493210467505697e-7,0.1418405566721311,0.1291099158339443,PP
2508000,250800,5135,3610,1283.75,79.30483280202115,78.3617877261036,902.5,76.64039652007328,75.8627449105571,530.6682781858981,553.2440045716628,-381.25,-29.698149951314505,-2.6644362819478715,-3.3597401164686223,0.2099141120613411,0.4587,0.665982706004026,13.01826293702828,82.89509617797408,12.27840348865892,55.58935967431275,44.41064032568726,96.41404731446883,24.86197371229497,50.33048000866833,49.66951999133168,52.02,96.97,11.26,34.94307027875932,74.9051901614476,29.7997644287397,13.58269988244945,21.27659574468085,0.171495862749947,0.06013594809657616,1.264429961953743e-6,9.480215052158147e-7,0.313858369850972,0.09841858269492855,PP
2508109,250810,3532,2200,1177.333333333333,81.19938976761543,80.36801825698893,733.3333333333334,78.2010011919079,77.81454872418634,527.724419986104,585.8999491066744,-443.99999999999966,-37.712344280860684,-2.998388575707523,-3.69262451884012,0.3781575038034609,0.638,0.237794655451918,47.09955266492135,85.34839109912436,7.481664057923046,50.62784550645851,49.37215449354151,89.61945748427667,18.37322091057912,63.70894160583942,36.291058394160594,42.14,93.95,6.35,86.9757174392936,87.65967153284672,33.55408388520971,0.3569783517155731,0,0.1568227998832852,0.03897776367342412,2.965734768807702e-6,9.838677940700431e-7,0.2177716125425318,0.1139515291243063,PP
2508208,250820,4273,3731,4273,25.3680810435277,24.65797109644,3731,21.160806221974,21.2200501786292,514.5678400691478,606.3703129355284,-542,-12.684296747016147,-4.2072748215537,-16.584915565094054,0.4156287143392033,0.5616,0.2077541348499531,16.37014900281704,84.41630501952113,12.79704180975251,46.04336062958378,53.95663937041622,94.39436934680376,21.03495602828919,64.15770609318996,35.84229390681003,21.9,98.13,11.31,41.40518417462483,74.96159754224271,10.23192360163711,8.770426189560693,54.94505494505494,0.5254567447735599,0.0402271542384056,6.698460326960326e-6,1.760863628560524e-6,0.8532855875736044,0.03344879503288529,PP
2508307,250830,12155,9153,12155,49.638928881566,47.5135683537703,9153,37.892531379138,37.965578545033,728.7629533795185,1046.755372876343,-3002,-24.69765528589058,-11.746397502428003,-23.663680436082426,0.3927865201419189,0.6112,72.00052324707046,19.37832483694073,74.94727763617117,16.91290885402571,58.95094352689523,41.04905647310476,97.77649575206956,52.45935308793246,53.91883575281469,46.08116424718532,49.75,84.56,16.88,68.2388870037326,71.54183108279332,30.42076688157448,13.146988512385411,22.98850574712644,0.3115407323648587,0.08775212434682213,1.236033124250742e-5,4.185996667501339e-6,0.3081267137718545,0.08803620393481557,PP
2508505,250850,2613,2408,871,51.96419199256123,52.04756034063363,802.6666666666666,47.4376313965143,47.55659292768737,474.7047577372742,585.9065737635632,-68.33333333333337,-7.845388442403372,-4.526560596046934,-8.710922699798584,0.4774647567564091,0.621,1.411448265777305E-07,49.63262122216598,96.82221472435779,8.494024608614872,47.84990374341177,52.1500962565882,94.97322330812034,37.5513220285336,55.05307546895448,44.94692453104551,55.12,87.19,9.98,2.365308804204993,81.24182056129126,57.95006570302233,60.16877824243797,23.80952380952381,0.1407046564444991,0.4218344484688906,6.300216720286495e-7,4.747462614778319e-7,0.1510712313677805,0.25567280843122,PP
2508554,250855,2224,1097,2224,15.8994149168437,16.1112345150123,1097,20.7082822698326,20.6078625231884,496.307526101338,664.8866942009357,-1127,-50.67446043165468,4.8088673529889014,30.245561727522624,0.5320031018442649,0.7344,0.2755908343217974,31.09595409653554,75.32525048124278,11.93483594965315,52.81035458912498,47.18964541087502,97.84206047257587,38.58132383327171,73.55578727841502,26.44421272158499,64.48,99.63,11.12,3.755868544600939,68.34202294056308,53.52112676056338,2.64689776935229,0,0.6359340171120794,0.04604411493227356,1.833543684211461e-6,1.911403078631665e-6,0.7093307178618031,0.04544149911302176,GP
2508703,250870,5318,4136,1329.5,88.32315483087578,88.21386910522315,1034,89.83415303354863,89.80219775349144,498.8574054833479,597.6476869814056,-295.5,-22.22640090259496,1.5109982026728517,1.7107611311735444,0.5293658415162242,0.6603,1.25450861779394,5.594718965490846,86.10235207326733,6.613155333549408,60.71452304760359,39.28547695239641,82.55253768750218,42.01062239551007,45.46469439017583,54.53530560982417,62.96,97.84,5.67,29.2483660130719,83.78453809656712,19.6078431372549,0.4422374504220465,0,0.08416051526970748,0.09869177796421459,6.759202912233684e-7,2.693002345369447e-7,0.08478303599400645,0.06227500860778185,GP
2508802,250880,1377,880,688.5,63.7545741765547,64.03863666655525,440,65.9136224146354,66.0517132613883,685.4144674272222,718.0157246874755,-248.5,-36.09295570079884,2.1590482380807003,3.3864993468573354,0.5407803039847234,0.5517,61.56528761443897,25.88833274398943,70.7413397286258,6.671480182863416,14.84173882462067,85.15826117537932,95.81120582154679,72.600523160102,89.69656552184061,10.30343447815939,86.76,96.8,5.32,44.57142857142857,74.37479159719906,18.28571428571428,2.037067074634713,13.51351351351351,0.2331885084939919,0.02896330613673306,2.057977591009074e-6,8.991203933293572e-7,0.2457827315770031,0.05930953440917458,GP
2509008,250900,4365,2989,1455,81.26767815859667,80.318192350867193,996.3333333333334,73.24827904335763,72.82713317490617,447.9478682224857,539.4866906322171,-458.66666666666663,-31.523482245131728,-8.01939911523904,-9.867882652669007,0.3935091586741061,0.5486,7.305088061403507E-07,20.13054389088214,95.63937090737622,9.561135177516487,44.25202928931809,55.74797071068192,94.31855822449245,14.35227760344746,65.24822695035462,34.75177304964539,30.86,96.03,6.88,82.15827338129496,86.74525589419207,44.1726618705036,26.86598584856478,28.57142857142857,0.1587024030371177,0.1475507289869246,7.633065447650812e-7,6.726492630011958e-7,0.2510908933127596,0.2203171320998557,PP
2509107,250910,1771,1086,1771,29.4834413993824,28.1223941870312,1086,23.7524493197663,23.89764709099,491.1969016636316,563.7249567685925,-685,-38.67871259175607,-5.730992079616101,-19.438002511254165,0.4831605822468623,0.6417,0.00324122715489284,2.862952957245878,74.11672093381084,8.555729181380292,17.97798616424749,82.02201383575247,98.440996565841985,2.135129823737765,83.21167883211679,16.78832116788321,11.17,99.48,14.69,18.60902255639098,81.91559049223282,1.879699248120301,17.49546250379679,15.15151515151515,0.4806263422864208,0.02432976083492373,8.1503572046357e-6,6.899904226495206e-6,0.7290024068463961,0.05560187848828445,PP
2509206,250920,8480,6466,4240,65.40820499452184,63.77113971601194,3233,57.2913179735972,57.3144189195517,552.5545114917211,592.5022478925545,-1007,-23.75,-8.116887020924636,-12.409585344230825,0.4666126367102478,0.4524,0.7060029018113947,20.8709465638062,78.44485195911754,19.61695152572148,64.86449337531431,35.1355066246857,98.08392736111715,31.12457566446576,60.44422437575157,39.55577562424843,24.3,97.05,8.53,37.64622474299893,71.2173728513829,28.50053172633818,14.80664048916425,26.31578947368421,0.7101698083675638,0.1011927286062835,1.922417459743715e-6,1.382211995337596e-6,0.3637694883993198,0.09094237209982994,PP
2509701,250970,9832,8353,983.2,66.14477447460955,65.53166578878893,835.3,64.95572737120355,64.80417601214864,682.1560059652178,708.039037211545,-147.9000000000001,-15.042717656631416,-1.189047103405997,-1.7976432951062926,0.3633385682981397,0.5286,1.842011397916E-08,14.83521378521112,77.46282049590933,5.862761024993315,34.40039306996727,65.59960693003269,98.6230109882791,57.40127867067441,67.43209185102212,32.56790814897788,72.94,99.56,3.68,0.4161331626120359,75.33526245371667,23.78361075544174,13.60958080115879,18.6046511627907,0.2032424612580935,0.275362011289436,7.25856742416221e-7,5.770974628250669e-7,0.2057381615907982,0.3565645180809537,PP
2510006,251000,3427,2581,1713.5,85.120455842515,84.46940343762515,1290.5,75.4324544026467,74.49794027430265,488.9986129381265,596.9185653419846,-423,-24.686314560840387,-9.688001439868302,-11.381519687573675,0.3981058433539852,0.4923,0.2292446915609387,30.49328826658984,98.84184638636474,8.275843188160167,55.62480924073295,44.37519075926704,99.88369721261212,19.6795976626954,50.40266592613163,49.59733407386837,45.96,97.5,12.19,0.8839779005524863,83.92113301860594,42.76243093922652,32.64432023892466,14.49275362318841,0.2104095075687771,0.03790565329497735,3.288254133008175e-6,2.491665645043274e-6,0.3952643247923667,0.1796656021783485,PP
2510204,251020,2717,2174,2717,60.74751387932,60.7334963388262,2174,57.2958172867571,57.0856699853213,574.569688451275,608.8579483066796,-543,-19.985277880014724,-3.4516965925629037,-5.682037621193826,0.411007447422684,0.6216,0.002452082723896322,54.19274724389039,87.98869135251786,6.951022045568829,46.60052411361048,53.39947588638954,95.76296922722618,27.3118852960311,56.66148263348886,43.33851736651115,20.2,93.15,6.99,1.090342679127726,80.7153965785381,32.55451713395638,8.223088184129102,28.98550724637681,0.3549707689870331,0.07071004559788725,7.261025967612682e-6,7.141304612641983e-6,0.4006920331539149,0.08115431213936898,PP
2510303,251030,1616,1019,538.6666666666666,55.5879486064561,56.91485849444707,339.6666666666667,41.20985800611587,41.43148207605486,547.7215420282938,660.1534902899652,-198.99999999999994,-36.94306930693069,-14.37809060034023,-25.86548156711494,0.4870114367075485,0.7053,0.3077053331431803,66.37688013815838,85.17697252032838,10.84176808097495,41.71607537892368,58.28392462107631,99.0783810073008,62.15233417211024,68.51764705882353,31.48235294117647,62.63,97.71,5.85,3.711558854718982,69.69411764705883,55.46129374337222,0.5834637830218484,0,0.1027283372176115,0.07796189419333004,7.292366631288516e-7,4.019729054982188e-7,0.07284901680881907,0.03642450840440953,PP
2510402,251040,2588,1725,517.6,87.31500125114066,87.42744752302124,345,86.05701489551532,86.05190123850876,543.6220969915496,550.067709924608,-172.60000000000002,-33.34621329211747,-1.2579863556253343,-1.4407448177284432,0.3323854984251235,0.5686,0.002086719596827181,31.32483634921547,91.55465251435386,13.37969316192608,44.35305317838485,55.64694682161516,98.29077684850932,42.75710893392947,61.76567656765677,38.23432343234324,53.55,99.22,13.97,1.571428571428572,89.95049504950495,48.85714285714285,16.1778086835734,0,0.1456359770233148,0.1067016835354171,1.024943807735049e-6,3.880412545656324e-7,0.1740277901957894,0.08562220294476768,PP
2510501,251050,1612,928,537.3333333333334,58.11928250006633,58.70827261579493,309.3333333333333,53.41287408424073,53.55733713636963,579.204484808758,610.3598100881549,-228.00000000000006,-42.431761786600504,-4.7064084158256065,-8.097843286038907,0.5583155656614045,0.5443,0.003855628126588575,42.20834373858189,93.27231202215526,12.46807389680738,47.44640897042266,52.55359102957735,96.10674638295627,43.01646108461207,57.87709497206703,42.12290502793296,58.01,100,16.45,42.96875,86.73184357541899,38.05803571428572,25.8262549403536,22.22222222222222,0.08599386299469534,0.1348112102563387,2.264899991766149e-7,2.819966316281894e-7,0.09878626978082215,0.136528935507893,PP
2510600,251060,1753,1203,584.3333333333334,77.0333251706996,76.45246475301174,401,75.53252100469057,75.40031579367503,628.9757909118803,618.917158520348,-183.33333333333337,-31.374786081003997,-1.5008041660090328,-1.9482531264012979,0.5174682299436215,0.7261,1.010385968982233E-10,0.3292617675455108,86.75798023089831,18.875433493488,30.24897143047985,69.75102856952013,97.876999498827,2.47526601193417,69.25976696367375,30.74023303632625,74.65,98.98,12.86,1.556420233463035,90.54146675805346,49.61089494163424,42.0906723921398,0,0.2725930498601721,0.1528038889872325,1.853547506923687e-6,4.916945257950223e-7,0.2619829581097731,0.1778490024196631,PP
2510709,251070,901,1147,901,50.4054854038857,50.7816668160944,1147,52.010123257259004,53.1904581029749,510.9455257248378,597.3973204381747,246,27.30299667036626,1.6046378533733048,3.1834587853202283,0.374102106603507,0.6493,0,49.56822605166375,75.9453050472004,8.449855290785594,52.06273944539281,47.9372605546072,99.10714086350713,55.15934982923802,49.53308972797402,50.46691027202599,60,100,6.77,0.1506024096385542,82.58221680876979,45.48192771084337,1.942558568203846,0,0.1732135196695692,0.3674394292191284,1.705847305926278e-6,7.295830622885392e-7,0.1087121874544588,0.3591384764120513,GG
2510808,251080,2272,1925,568,41.78757786494657,42.63648062455292,481.25,53.25062727546013,53.61945010717798,999.1797888183124,995.0168062784886,-86.75,-15.272887323943662,11.463049410513563,27.431715347467694,0.5250290442731678,0.6539,0.3845915042239583,49.41359807690231,59.13435776393937,1.073799058116058,4.763949189456541,95.23605081054345,95.66254033588216,85.3564346907001,97.03616927807877,2.963830721921218,92.27,98.87,0.82,17.74107618540224,55.42832039830137,35.53542887586574,16.02460221354466,14.0625,0.2383902317057334,0.06337549208585658,5.508772521782317e-6,4.9068578395764e-6,0.2777756768315557,0.06591287246850475,GP
2510907,251090,7328,4841,1046.857142857143,61.51009158347237,61.48908824519381,691.5714285714286,60.18583487200971,60.07399020332113,531.5492294281236,676.6968578314575,-355.28571428571433,-33.93831877729258,-1.3242567114626596,-2.1529096728226698,0.413048257134546,0.4597,0.01270561184254524,14.10318408667001,81.76724722801633,18.12685672149313,51.51668932963364,48.48331067036637,85.4510031485086,36.05001974967426,55.59597326791304,44.40402673208696,65.6,73.84,16.42,79.99196464443553,74.34227222739193,23.42306147047007,0.1851945628225227,16.94915254237288,0.3316451082347687,6.548737973113974e-4,4.182288122213775e-6,3.080018956829052e-6,0.3994370104291116,0.0623953896707808,PP
2511004,251100,1227,1136,1227,75.5320018328357,74.6908489429478,1136,67.4048580984983,66.8446358773211,537.4772754208375,699.4868501342517,-91,-7.416462917685411,-8.127143734337409,-10.759868052119241,0.5573589887792825,0.4773,0.0003895997429657281,16.25762512631873,84.91594671463271,9.208399854909183,36.66480756500201,63.33519243499798,94.62097751942811,64.79795248660221,70.21162603803911,29.78837396196089,47.52,97.76,9.25,37.3534338358459,73.13152960085722,17.42043551088777,1.460000758309182,19.23076923076923,0.281066683408677,0.03489251415198923,1.114370245813267e-5,2.645353050359159e-6,0.3323695074657061,0.032717752160646,PP
2511103,251110,3885,3012,971.25,51.01553390443725,52.11999838836108,753,39.69127063475635,40.3429402034409,503.85991802681,593.8044286268373,-218.25,-22.47104247104247,-11.324263269680898,-22.197676674115787,0.3301019672574628,0.6977,0.02210486171714712,47.34782282112133,80.84854596450644,9.88247395478576,58.57731329220051,41.42268670779951,97.287947907653745,41.23858315619546,45.47580763046339,54.52419236953661,41.98999999999999,98.88,8.49,1.059322033898305,75.26677386347025,50.52966101694916,25.58169511325092,29.41176470588235,0.1071444038879073,0.07507965189478208,4.538104877132082e-7,3.775593247624841e-7,0.08538463183622505,0.09531771067317256,PP
2511301,251130,3594,2245,718.8,73.16472910159138,72.19047907292244,449,64.86705929932553,64.74224493065424,667.1896509716844,733.4822306896097,-269.79999999999995,-37.53478018920423,-8.297669802265844,-11.34107910212349,0.2441647339683763,0.6929,0.0002407355366691853,10.14202831104932,65.57979233686882,9.385699049076779,27.68874483735716,72.31125516264284,94.50573120905429,48.78657734565144,72.8093176413196,27.19068235868041,57.61,97.55,9.72,0.2203613926840018,61.40008537105921,30.14543851917144,5.513959473580599,0,0.2547860747839843,0.03242708426662789,1.641062518806459e-6,1.704950671081725e-6,0.3596730274085344,0.01985208268163989,PP
2511400,251140,8305,5111,1038.125,50.14188519866146,49.91453525496489,638.875,36.57487204127991,40.41218066076665,630.5110861696713,715.208702203526,-399.25,-38.4587597832631,-13.567013157381552,-27.057245860679615,0.5718378758514525,0.6474,14.65568150771684,55.59913312155379,74.31929412265366,5.81083102382626,33.56327493960568,66.43672506039431,97.84989775992834,62.2859624471909,69.61866258741259,30.38133741258741,67.3,98.69,5.87,78.84072839189535,68.15450174825175,48.44832008207233,17.18683746984884,12.76595744680851,0.1129138759214719,0.02704513042470942,6.933591323708553e-7,5.593944769063574e-7,0.136004264725721,0.05720473805498255,PP
2511608,251160,4751,3292,4751,72.4223896860981,71.6286310564974,3292,69.8803728581131,70.0401941247111,583.6414382068964,618.5500320562694,-1459,-30.709324352767837,-2.5420168279849946,-3.509987503868503,0.4423611557057433,0.5677,0.2275306138102436,10.35401057659111,88.34210959817314,28.33432540953303,51.93081874051269,48.06918125948729,95.86302326097163,11.63655594535858,57.69851753999706,42.30148246000294,10.75,98.88,36.19,12.35657546337158,101.3356817848231,7.502206531332744,21.70834830046421,11.23595505617977,0.3983935790374704,0.06968543040101444,2.525330418539088e-6,1.534092838297124e-6,0.4062364587999502,0.05266565519442212,PP
2511806,251180,3152,3008,3152,55.4569308163953,55.7165889671804,3008,56.7513322430504,56.7633751328416,592.8695539224607,624.6255583826194,-144,-4.568527918781726,1.2944014266550994,2.3340661078784803,0.505679617853952,0.607,21.7243714218579,15.35674889885514,84.9948569771853,6.978654399564143,24.15657243694054,75.84342756305946,86.87765487948154,49.52502986335163,80.3041662204134,19.69583377958659,66.9,99.92,8.19,58.53154084798346,82.01777872978472,12.82316442605998,13.11387198240163,7.633587786259541,0.4530166612273072,0.03582655673244871,3.482765537957898e-6,2.826164001755503e-6,0.5539345937516615,0.06717930179541427,GP
2512002,251200,10210,6029,1458.571428571429,46.80348764512161,47.84632104951573,861.2857142857143,36.08045111162421,36.13562106254186,583.9810335025641,609.5577341706843,-597.2857142857146,-40.95004897159649,-10.723036533497407,-22.910763861878745,0.4612120842183832,0.5341,0.1555841853456698,9.039086793150956,74.73942037978284,30.64387363163178,43.58600268101674,56.41399731898324,96.96369471659575,39.7240631941785,64.61661799232662,35.38338200767336,61.11,99.36,32.54,0.6363636363636364,78.07936780621885,32.18181818181819,13.69642048394672,16.46090534979424,0.06767181983107817,0.2188226906578933,5.094629501914744e-7,5.715573715095116e-7,0.09477599034261494,0.1834374006631257,PP
2512036,251203,5162,3584,2581,85.3444199607825,83.14941066630209,1792,80.00630239760915,79.94368598243656,509.3240557499462,587.1472626815556,-789,-30.56954668733049,-5.3381175631733555,-6.254793887668731,0.3011919334453181,0.454,0.2861466531858455,23.18997755234863,112.3900895740677,4.020217352144035,72.0540490260064,27.94595097399362,98.41886469499434,15.58527831429731,36.37075718015666,63.62924281984335,66.64,94.2,8.44,1.375752364574377,88.79895561357702,26.65520206362855,25.67346288473674,38.46153846153847,0.1480412524288934,0.02166093828350735,7.321492449053724e-7,7.31778306165631e-7,0.26474578112449493,0.179557261694801,PP
2512077,251207,2544,2858,2544,41.2552942057103,39.9433916503329,2858,32.8625214903014,32.9173909768918,512.8211316011065,687.5203211467077,314,12.342767295597485,-8.392772715408903,-20.343504699203496,0.2839553257005583,0.4027,0,13.83484597807496,97.88335683863922,9.25310308041205,64.01270325249922,35.98729674750079,99.97876066983494,36.37357122088827,35.89615576635047,64.10384423364953,63.59,100,9.99,0.2309468822170901,80.52920619071394,47.11316397228637,0.1743615266122455,45.45454545454545,0.3859712609879824,0.02813501579583744,2.469168904170004e-6,9.424816205804221e-7,0.4592852631123716,0.07391383257635281,PG
2512101,251210,7177,5005,797.4444444444445,61.49852918068562,61.11707335026406,556.1111111111111,54.41231780734694,54.42228721044352,733.4449349550699,806.1455492820792,-241.33333333333337,-30.26334122892574,-7.086211373338685,-11.522570487042149,0.5815405846839836,0.6112,0.09045061947761374,35.42571256039806,70.50569430743099,6.862767743317682,20.32141630548015,79.67858369451983,93.88330559798233,61.36848371895171,84.2818344546633,15.71816554533671,79.81,98.17,6.34,39.79558193208045,67.08536510091969,62.3804813715793,12.32850516551783,16.52892561983471,0.2377145911853074,0.01579068551821176,4.946473551471832e-6,3.935189743860927e-6,0.3206536850005056,0.06563716370815717,PP
2512200,251220,846,699,846,73.0755490070857,73.498235484064,699,75.1499818127991,74.3591105641466,587.7012000187817,673.8254127721996,-147,-17.375886524822697,2.0744328057134,2.8387509008139706,0.2864518205530822,0.6699,5.25283233806407E-12,6.187249666989945,90.92926610050954,26.74438219600592,35.92145787820436,64.07854212179565,97.85766660074701,2.655681707531133,66.93114921934989,33.06885078065012,52.45,97.14,26.32,64.82558139534885,85.05246992577426,49.12790697674419,1.591128530908744,0,0.1673766763936705,0.3687537563030081,2.055782289765813e-6,4.546227888318925e-7,0.1488520142264803,0.3525317413215717,GP
2512309,251230,4446,3331,1482,77.71197342966833,77.25324626557726,1110.333333333333,75.33912620484476,74.4521305506222,645.2290092163868,690.3835200739874,-371.66666666666697,-25.07872244714352,-2.3728472248235732,-3.053386910797049,0.3302807803776335,0.7309,0.08348232676098345,37.28034948476907,74.55307828769043,5.357528020371971,32.18477161126481,67.81522838873522,76.60545779221827,58.27238999824085,74.5679012345679,25.4320987654321,63.03,97.13,18.06,1.795774647887324,67.44539411206077,40.80985915492958,11.93717638560032,7.462686567164179,0.2267886313146461,0.2530797185654106,1.130282308752812e-6,1.150998742032463e-6,0.3581799395075066,0.1355127167195796,PP
2512507,251250,9657,8500,3219,41.43861548486596,41.94285344247367,2833.333333333333,36.24448651502424,36.55655432955793,617.397395131586,641.1169518084205,-385.66666666666697,-11.980946463705095,-5.194128969841721,-12.534513783981751,0.5051017587169879,0.5318,4.675189740081255,11.54370830150248,73.244237122597,5.676882014868355,45.74707396685946,54.25292603314055,96.46076743528697,47.63511531810273,59.75806959699267,40.24193040300733,62.77,99.7,5.07,42.82807731434384,70.55463384925552,21.77009155645982,21.25217254390338,14.10658307210031,0.4133730742184808,0.07095998680993623,2.823913326247925e-6,1.96770408055756e-6,0.3502054145267262,0.08965731862444362,PP
2512606,251260,1270,856,635,42.07071887243976,44.6751973946476,428,67.85926318863756,67.97792024716665,623.2643150052228,596.1137591202936,-207,-32.59842519685039,25.788544316197793,61.29808334007739,0.4979912954144374,0.7285,0,58.74627196122194,97.18069222132425,8.011672805299492,62.55405067446811,37.44594932553191,99.97891435145176,37.8426224842478,53.36787564766839,46.63212435233161,53.66,100,6.31,0,89.23431203223949,33.08687615526802,0.04305669264008945,0,0.09110476516415449,0.1033384112725398,5.505795240555477e-7,2.725368689409711e-7,0.1128499024461855,0.08932864679775997,GP
2512705,251270,1122,709,1122,40.0307769839352,41.7991382202275,709,36.2954060369642,36.4212178582741,707.7928161499347,715.0832881759889,-413,-36.80926916221034,-3.7353709469709955,-9.331247675932051,0.4431387227379127,0.61240000000000006,4.068702284083301,24.52600877561695,70.91161005737948,8.85738687424151,26.75977238243356,73.24022761756645,97.4734228208445,54.88020663295066,79.91683524387503,20.08316475612497,74.89,98.81,6.39,83.32413031474324,80.60238255787817,36.99613473219216,27.79667826570492,8.620689655172413,0.2482595744680007,0.07680905141367209,1.574304932879895e-6,1.562848696575624e-6,0.2492333639052759,0.0893086220660572,PP
2512747,251274,2485,1784,2485,33.5546665013734,34.34164909168,1784,33.0987912311566,32.1433402030739,522.0965406666184,544.0332839331002,-701,-28.209255533199197,-0.45587527021679364,-1.3586046822969753,0.4864519738831411,0.6119,0.1911580440286211,29.60066871270723,93.3639473948486,9.284362301744206,38.36781176447465,61.63218823552533,73.87756344259141,26.16458135342169,61.05227195080288,38.94772804919712,24.71,100,6.71,1.197604790419162,88.69149299624188,47.70459081836327,15.0070429246764,0,0.3734319570924128,0.02383105976591387,6.884261346245278e-7,7.162474694189214e-7,0.2900557403312715,0.03904596504459423,PP
2512754,251275,4551,3913,4551,31.6998895762533,30.3075183336129,3913,25.2445985036929,25.3987311380794,592.5573016525279,614.2617813514784,-638,-14.018896945726214,-6.455291072560403,-20.36376517032452,0.2120313358771554,0.6091,0,2.534197546627364,90.54575881844329,6.077019378100683,37.46559402462454,62.53440597537546,96.41530418471565,18.57274734594809,64.60554371002132,35.39445628997868,61.49,97.48,3.77,1.658163265306122,85.01066098081024,18.11224489795918,0.7809019387526678,0,0.4552361204806593,0.2029920620391988,3.820418397825574e-6,1.782954145075983e-6,0.4725533542784143,0.3780426834227315,PP
2512804,251280,4458,4166,1486,57.3223027098037,57.00629290895337,1388.666666666667,50.27461756491297,50.16953760800363,505.2305145442184,594.2960865710372,-97.33333333333303,-6.550022431583649,-7.047685144890728,-12.294839550619411,0.2605069392040197,0.5201,0,28.77645339260859,87.14570956076156,11.11223009649841,50.89884544241126,49.10115455758874,96.64013696184115,50.76187622675499,55.56471558120363,44.43528441879637,44.34999999999999,98.29,10.15,65.36113936927772,82.31068189848074,48.01627670396745,13.63702610501752,20.40816326530612,0.3799425173812032,0.03642292684348158,2.201487727141972e-6,1.276855795580898e-6,0.377050462229591,0.06047450132070722,PP
2513000,251300,1059,832,1059,63.5544706932995,65.4827117103228,832,63.1190692772781,63.6449996960279,505.0582288921316,600.9272399498101,-227,-21.435316336166192,-0.43540141602139926,-0.6850838521219929,0.3013583246509066,0.4919,0.5294422255806168,40.22831893766732,74.8254482055472,6.181752150418207,64.74320484803312,35.2567951519669,94.63959955589817,17.88102475564784,39.07600596125187,60.92399403874814,24.77,91.22,4.5,0.2976190476190476,80.38748137108793,38.69047619047619,21.21827313443556,73.17073170731707,0.06638224658935205,0.1286972116200112,9.880203795700869e-7,4.370231776031795e-7,0.0672873850880617,0.1030705811325079,PP
2513158,251315,4980,4911,2490,58.81812254942045,59.51572806032355,2455.5,47.1786215879895,47.4803185555825,410.2927325602425,529.6578256026341,-34.5,-1.3855421686746987,-11.639500961430954,-19.788970570509377,0.5524587969407381,0.5871,9.27956121366835E-10,16.21028312235391,85.70284945669286,13.08216854630846,71.85889876908962,28.14110123091035,68.22552831585664,5.499627098751422,36.40396659707724,63.59603340292276,4.01,97.56,12.56,90.1673640167364,79.72338204592901,28.28451882845188,20.95314233821704,9.174311926605505,0.1809168132433863,0.07125258275579185,5.604940761197762e-7,6.392398547608617e-7,0.214647708169923,0.1489392260770895,PP
2513208,251320,3762,3142,1254,67.44816472452553,66.07448871906107,1047.333333333333,60.40492277263403,60.4261936406499,566.9832836210255,684.3398693963633,-206.66666666666697,-16.480595427963873,-7.0432419518914955,-10.442451593246139,0.3701580854970141,0.6012,0.1373908929589267,30.72496039774116,92.64709958379686,6.864207074127308,54.03574584290462,45.96425415709538,91.39495709588553,26.97393563764041,50.76534903280068,49.23465096719933,78.08,99.44,8.37,0.7570543702684102,79.54583683767872,38.81624225739849,34.19221217309785,0,0.2211451913605353,0.01769618861400581,2.744888106017862e-6,8.216946697068548e-7,0.2507374655775146,0.04525483897067704,PP
2513307,251330,1084,965,1084,48.7545304262634,47.6997170904851,965,33.2810586834928,33.3063484181038,559.4945854247146,634.1911178823411,-119,-10.977859778597786,-15.473471742770599,-31.7375054327982,0.5804216969284546,0.4895,1.040156802557578,18.77751906700468,98.36668337258986,12.69215097673357,49.76847817232296,50.23152182767704,99.18977655984904,25.00330233539861,48.36891545687447,51.63108454312554,60.3,87.49,18.89,2.426564495530013,89.35952177625961,13.92081736909323,41.38045076431548,49.18032786885246,0.2560914366818531,0.01294817274928645,2.676746009339211e-6,1.860183434975406e-6,0.499793666628971,0.0297169670059304,PP
2513356,251335,2193,1737,731,89.72598013535696,89.34351502876213,579,86.69216677086493,85.57281538802444,451.5492476542173,630.2090527572352,-152,-20.79343365253078,-3.0338133644920333,-3.381198355164631,0.3263289067795929,0.6557,0.1338631581456504,27.68519330388964,94.90130900232509,12.11430761322326,59.30672513620495,40.69327486379507,98.92352112889473,5.129242085342686,44.7687053710028,55.2312946289972,15.7,99.79,12.56,5.81270182992465,102.5147469729897,15.82346609257266,30.23490892111804,0,0.105611571201531,0.02854628220583316,9.719392642405507e-7,5.817964224772309e-7,0.1255270696360827,0.06347072957655447,PP
2513406,251340,1022,1201,255.5,49.123967577699,50.2614646445891,300.25,58.09340758130875,60.20123076601373,750.6516571419463,877.0526646949401,44.75,17.5146771037182,8.969440003609755,18.258785773813692,0.5254596593162629,0.645,1.180997943839335,57.16015460759065,75.6791285524742,4.924472164570163,8.4928777654817509,91.50712223451826,97.98381397791502,86.08157464633136,91.8383784146587,8.1616215853413,91.54,96.32,2.59,104.8667439165701,65.1318880461776,36.15295480880648,24.36999455461531,11.62790697674419,0.1510759744692376,0.03761810884847746,1.044101051621101e-6,8.205291659637072e-7,0.2042534311545315,0.1171632447643866,GG
2513505,251350,3120,2313,780,91.24011470718153,90.77757743094188,578.25,88.02658792810453,87.40952886855005,490.4558669616505,662.0089491846891,-201.75,-25.865384615384617,-3.213526779077,-3.522054733699346,0.4298948433938829,0.7023,0.007984407924186632,17.67155320360253,95.92608648984186,10.35380587903409,57.89470114605825,42.10529885394175,96.38163105610205,5.486955552499395,48.43094143513892,51.56905856486108,28.65,99.26,13.24,0.07336757153338225,64.92104737157706,12.25238444607484,11.31484569815466,0,0.1136227017731092,0.03658234028951196,6.683440291000646e-7,4.880291617725484e-7,0.1242425722530977,0.06597709009302433,PP
2513604,251360,3652,2586,913,73.17953942896075,72.36277097940417,646.5,67.84361932338032,67.3822936051349,577.8342375134916,644.2498348900564,-266.5,-29.1894852135816,-5.335920105580428,-7.291546444836931,0.355092069633645,0.5305,0.1127541154023796,29.67290292339936,84.43127810286059,10.17144378994017,48.44262375230319,51.55737624769682,93.73562340383994,14.60793355599014,58.87010811633927,41.12989188366073,28.68,98.63,13.2,72.31292517006803,82.1531901933912,29.65986394557823,30.76001119087214,0,0.2262217017555173,0.0359901125411715,3.747211716050185e-6,6.375510778416885e-7,0.2553368787639078,0.03541907058364595,PP
2513653,251365,2655,1891,2655,69.2814783713978,67.8397128305979,1891,68.4586195358124,68.0292821980074,524.5226903560863,613.9859020902264,-764,-28.775894538606405,-0.822858835585393,-1.187703921637305,0.385449110704813,0.3995,69.43789715514311,10.50038559202629,102.5410986674274,4.505267878166563,66.84743372542492,33.15256627457508,99.83337322204711,2.89843393381743,37.73139031114611,62.26860968885389,41.83,97.53,6.64,60.69986541049798,88.49940921622687,30.82099596231494,50.2806704220946,33.33333333333334,0.1388560119981619,0.05466149731794243,1.251022247804599e-6,6.435624651149557e-7,0.2418803822548954,0.08197057398638123,PP
2513802,251380,2697,1447,674.25,68.9390547641946,68.97119767331357,361.75,70.13356218757863,70.50974425247362,659.8712692533068,638.7152650497998,-312.5,-46.34779384501298,1.1945074233840387,1.7327006113876096,0.5916455008968154,0.6088,0.005353694508128141,39.35346760663726,88.76395632034361,15.89310545602885,51.58770875669182,48.41229124330819,98.06823739231457,91.3190884010725,58.19132015451034,41.80867984548966,72.95,94.83,16.55,0.6789524733268671,91.38832083617359,32.58971871968962,13.67863845392823,0,0.1960611772774804,0.1030710097055421,2.355401902845539e-6,3.643757003439814e-7,0.2190637761820885,0.1560695829824099,GP
2513901,251390,7192,5179,1798,52.7402360158961,52.14484943143825,1294.75,42.26029452169045,41.91843463470765,636.9802352700083,656.840402904077,-503.25,-27.989432703003338,-10.479941494205654,-19.870865748585125,0.3954432537566848,0.4747,2.448790661549931E-08,14.22196343642372,65.2889446842346,2.484605331231157,19.3661856792194,80.63381432078062,98.44429191438795,58.3144762572069,84.37267080745342,15.62732919254658,81.17,98.46,2.26,1.932565789473684,68.41304347826087,30.71546052631579,27.31717216210565,19.65601965601966,0.3628584032971793,0.01547582752631875,8.316703875754785e-6,7.444693991640087e-6,0.4492858164523363,0.04726446165078482,PP
2513927,251392,1376,938,688,62.39986594368825,61.8839100865814,469,52.4442393063718,52.48433350889525,531.5264471569229,604.779024332197,-219,-31.831395348837212,-9.955626637316449,-15.954564143295988,0.5642992522161491,0.6316,2.948278779121984,24.53290614140255,73.4973844320271,11.30252322318488,31.72565913839973,68.27434086160028,96.72186269743825,38.19024341316388,74.6706725213774,25.32932747862261,77.73,97.55,10.37,7.759882869692533,69.93297896926278,44.07027818448023,0.6205355403262095,0,0.2479449477394609,0.01767622466649595,1.107530676171523e-6,6.243242436178858e-7,0.2800962072509348,0.04888198940159883,PP
2513943,251394,1326,996,442,62.45918661609717,66.8404661735767,332,55.65464676504673,56.35788593749943,622.302034520498,649.2383717076706,-110,-24.8868778280543,-6.804539851050443,-10.894377944551644,0.6295858625079448,0.6711,0.4741314059416169,33.91136919332972,79.98917334166342,13.10095577979048,56.54109278508429,43.45890721491572,95.94696595475756,36.17515906822638,56.0541586073501,43.9458413926499,56.53,96.19,8.13,49.56521739130435,79.38104448742746,53.91304347826087,0.121876524959157,0,0.08731381632476319,0.3562430522037811,5.686716112797126e-7,2.766231723841854e-7,0.04678179068058817,0.3382997614281835,PP
2513968,251396,1341,725,1341,66.7400592284154,66.3681044095457,725,60.6977176740277,60.5886606045853,485.7019163340756,519.1993748641299,-616,-45.9358687546607,-6.042341554387704,-9.053545388247278,0.4859034446574546,0.6216,0.003359376123406168,40.68366555166645,88.67916389590951,14.83890847735203,64.06819395819852,35.93180604180147,92.98043569585704,27.34921756945089,45.54569996143464,54.45430003856537,23.89,99.07,15.3,12.1418826739427,81.56575395295025,51.15961800818554,0.3194857005641163,0,0.1890145957429731,0.01095822346512909,2.244315775204008e-6,2.328664987179282e-6,0.3898446383466074,0.03649849802491426,PP
2513984,251398,1928,1803,1928,84.4502021245451,83.1890097538415,1803,80.4187573362524,80.020767578052,535.4959967506693,609.8945214291975,-125,-6.483402489626557,-4.031444788292703,-4.7737538654403995,0.5433731400557619,0.4832,0.1307194874445686,28.33133003136427,97.13449756138372,10.17213452962183,58.72399913882832,41.27600086117168,99.03549229788038,13.99913809799643,40.32515141855276,59.67484858144724,49.91,99.56,10.27,1.028571428571428,91.04239719477208,63.42857142857142,0.9654523747565185,27.02702702702703,0.2415806369704549,0.02455842504491573,4.262234797633126e-6,2.621037552503139e-6,0.4458143903226044,0.04383841504838944,PP
2514008,251400,1122,860,280.5,70.14590505150092,71.3479971983365,215,57.24702253327098,57.5998672680143,689.1778023120469,726.2535612974725,-65.5,-23.351158645276293,-12.89888251822994,-18.388646505821853,0.1801269803794271,0.5935,0.2979395723254549,37.07120625874175,90.64837442650929,20.74742266153904,45.91653806797327,54.08346193202672,98.6271333410141,57.6625784934534,59.70433953266572,40.29566046733429,50.26,98.08,18.55,0.1958863858961802,81.92656175488794,51.5181194906954,0.2694980215403371,0,0.08934655921901506,0.1620828606740607,7.494627761524664e-7,2.538712569808414e-7,0.05957011685877002,0.2199883870488661,PP
2514107,251410,3648,3148,405.3333333333333,62.25451714928399,62.32429106386488,349.77777777777783,58.71170853475655,59.46727716985902,440.1480358434321,552.4567648215958,-55.555555555555486,-13.706140350877178,-3.542808614527438,-5.690845864295945,0.3660430060337307,0.6156,1.295577704265019E-08,25.5412851066637,96.90148198806925,12.85230889874479,65.17542840607412,34.82457159392585,98.08827468695507,27.68647961563953,34.38967136150235,65.61032863849765,44.8,100,11.14,101.9650655021834,91.36150234741784,28.87554585152838,31.31876209797893,0,0.0399282248181116,0.1980332564706287,1.594275475426059e-7,1.477125579196218e-7,0.03356519330644695,0.328842286967198,PP
2514206,251420,4439,3343,1109.75,81.99953474585149,81.60181463504655,835.75,72.38156536253075,71.93399967398807,478.281919969597,603.1781838783958,-274,-24.69024555079973,-9.617969383320741,-11.729297505321922,0.5612239002266165,0.4769,0.1792008970242338,51.16902763263261,86.4203010607106,9.798314302822256,56.02548167081791,43.9745183291821,95.2542849946212,19.89163960605584,44.52401010951979,55.47598989048021,25.82,96.32,13.01,0.7889546351084813,80.03369839932604,57.10059171597634,34.47455332420548,37.03703703703704,0.1941897664902712,0.01721575925473704,1.053432413841347e-6,6.189012692232872e-7,0.2270167784525579,0.1356788986173731,PP
2514305,251430,1328,667,1328,82.2756074254412,80.8049485241904,667,68.9401360884566,68.1278854876375,578.0178148206891,594.5139395165063,-661,-49.77409638554217,-13.335471336984597,-16.208292778718537,0.410402273360236,0.6415,5.991757477940329,12.94132962692035,99.84144726565155,11.11724148755066,53.1730943994657,46.8269056005343,97.30283816740959,3.841235997887825,58.82002383790227,41.17997616209774,56.96,94.43,8.63,26.24768946395564,96.46404449741756,23.01293900184843,11.11625343152222,24.69135802469136,0.2710360982305984,0.02903574262129413,1.313989225195938e-6,6.299525621360697e-7,0.2296581955890174,0.04514243569653537,PP
2514404,251440,2724,2002,454,65.97227100278529,66.88321435398117,333.6666666666667,68.99654638474972,68.95182415945789,566.696591066458,617.3512196949043,-120.33333333333331,-26.50513950073421,3.0242753819644292,4.584161399926261,0.408306831230422,0.486,0.1915871098053387,59.06248421640801,95.62209609596084,23.24986496323488,65.56142974416849,34.43857025583152,97.27874711307128,33.59547612726509,41.72608802557167,58.27391197442833,68.6,95.26,26.24,0.2243829468960359,78.6083107941972,41.51084517576664,0.1215143784594981,20.83333333333333,0.1765343242287854,0.06367528714406949,8.031964585234477e-7,3.09258416495999e-7,0.2285033351152425,0.06193364961591746,GP
2514503,251450,10726,8535,1340.75,77.84496480990254,77.10752629383299,1066.875,65.56380062739984,64.63544660716975,664.3404599622386,703.0005112208258,-273.875,-20.4269998135372,-12.281164182502692,-15.776440020871362,0.3580665179465692,0.4991,0.03501217367065199,11.71592034545268,78.65581921762994,8.762902813373,43.36244036583236,56.63755963416764,96.45400912773096,49.95637749238552,65.74902621328562,34.25097378671439,71.41,97.28,8.1,2.690707350901526,73.83408779871566,33.17614424410541,22.93979117046025,24.39024390243902,0.2385514334082332,0.01184080496497279,1.247314465253296e-6,5.377264823364726e-7,0.2315357142975455,0.03452947371334588,PP
2514552,251455,4933,3377,1644.333333333333,87.2503543773492,86.80182158687113,1125.666666666667,82.4060461095783,81.62162419172263,522.180346017046,602.3840778439206,-518.6666666666661,-31.542671802148764,-4.844308267770899,-5.552193228717149,0.2994851614342116,0.5298,8.186348248970903E-08,16.59101078679347,88.36281824096797,13.6184405849105,82.40045555723671,17.59954444276328,94.71041472831256,1.571715657817393,19.1913272780545,80.80867272194551,2.73,98.22,22.52,10.90047393364929,81.6876648110167,41.23222748815166,17.11272140254315,37.03703703703704,0.2482848055090876,0.1287084330057525,1.960233062477731e-6,6.592970176664977e-7,0.3747182335813883,0.1226306255637204,PP
2514602,251460,1349,959,1349,41.6150991068191,42.1623990216258,959,48.8404802136655,49.933138595475,515.3724034356792,604.7012956943335,-390,-28.91030392883617,7.225381106846399,17.362402738246608,0.5304582430672726,0.5333,0.06431492041009905,34.23376336927087,83.65925298275829,7.080879299022662,56.23495296722267,43.76504703277732,91.26708823072306,71.15389952989374,53.96482567108917,46.03517432891083,55.18,97.55,7.83,0.9278350515463918,88.83060783708731,36.18556701030928,1.458137886668392,0,0.1330603899839114,0.1311873802786937,1.141575937350271e-6,4.328601977991344e-7,0.1936373365528861,0.1822064873305706,GP
2514651,251465,588,147,294,59.1538049841071,60.71971221334761,73.5,47.30959809936491,47.4415449162494,514.1116726104704,646.8438259381467,-220.5,-75,-11.844206884742185,-20.022730385516837,0.4610228118031572,0.6097,1.341831652746436,61.82152393680439,98.13614942112433,16.22168487854801,42.88204455508846,57.11795544491154,81.74881326916561,14.10840196824856,80.60141509433963,19.39858490566038,87.09,68.62,17.68,28.11059907834101,88.50235849056604,77.88018433179722,0.01610011384710812,0,0.1640916439445262,0.0148475019125739,1.008353694994676e-6,2.716755973839064e-7,0.2360873307906741,0.02439153105237623,PP
2514701,251470,1621,1245,540.3333333333334,33.7580681866841,34.41609055567683,415,38.87497059061833,41.12259723369097,602.2515685837528,740.060213848456,-125.33333333333337,-23.195558297347322,5.116902403934233,15.157568779224754,0.424118569110548,0.6693,150.6544592806872,65.27038008191829,88.85634153951806,14.74841819965582,34.79773326486425,65.20226673513577,87.38744219732585,83.4210294227241,71.61540324533784,28.38459675466214,78.4,95.06,5.69,105.7098765432099,85.66238798740615,50.15432098765432,24.97635410496455,22.72727272727273,0.2234310760947651,0.07010053150873487,7.565319388413381e-7,4.871716271633544e-7,0.2972049417941615,0.1121130557205427,GP
2514800,251480,1027,466,513.5,77.5393290766025,77.6615267429496,233,74.83118654703185,74.94748988842555,477.6144480741446,557.686747997433,-280.5,-54.62512171372931,-2.708142529570651,-3.492605058389438,0.4069427395855029,0.6715,3.220547168909784E-09,40.21777129513254,77.42645804402231,10.54248249230495,57.08318021167483,42.91681978832517,99.51482368465629,50.80097133285322,52.30137789504544,47.69862210495456,51.09,99.42,10.25,0.3842459173871278,84.02228085605394,55.61959654178674,17.96394356576246,0,0.05890289166588096,0.1439595193944966,2.956565946214748e-7,2.235739669144342e-7,0.0893641852682833,0.3172873491175464,PP
2514909,251490,1874,1509,312.3333333333333,48.63628594428322,52.2541364365532,251.5,60.33860880451027,62.0333361957292,653.8448062545756,794.670886355059,-60.833333333333314,-19.47705442902881,11.70232286022705,24.060889175692818,0.2409471934204544,0.6614,0.213095976703119,38.27493851582061,82.01234559302434,14.19827026470771,23.53867481864294,76.46132518135705,96.84545443373375,74.28880823192128,80.32171581769437,19.67828418230563,81.22,95.79,14.6,7.368421052631578,75.84450402144772,18.5645933014354,0.2912682511358879,21.73913043478261,0.1265027374303624,0.05479768280581408,8.817921119744239e-7,4.40077193115267e-7,0.1461621185379968,0.1159377906082069,GP
2515203,251520,1501,1109,250.1666666666667,83.79504848045936,83.15414979369633,184.8333333333333,80.83131089628324,81.0694551900108,537.2313940786796,618.4816673416406,-65.33333333333343,-26.115922718187907,-2.9637375841761155,-3.5368886800838197,0.5218803895827437,0.4931,1.646750079958744E-09,47.67617055138417,94.13496082739965,13.69616050091896,35.33305542974752,64.66694457025248,96.60126600904721,33.79107583628017,70.53435114503816,29.46564885496183,56.27,97.42,16.31,66.19718309859155,87.38931297709924,52.26917057902973,80.8606532032205,20.40816326530612,0.0682400173666486,0.2885625789062767,2.331508649923512e-7,2.308076838352926e-7,0.07658197233701738,0.5171450547060099,PP
2515401,251540,3890,2584,1945,41.9925548691685,41.85873785813276,1292,34.76606104653915,34.9984231477786,489.0949205525021,533.3708985602881,-653,-33.573264781491005,-7.226493822629351,-17.20898822456535,0.2418766002920445,0.4603,0.000362878364869462,15.61076971667988,90.06994468078918,5.927853528611411,54.83430247770448,45.16569752229551,92.87857207968068,3.129385565076644,51.81729834791059,48.18270165208941,16.15,96.95,5,26.39213851193262,89.6307094266278,44.31445952269537,5.716521310665061,6.896551724137931,0.1134661266582817,0.0880584134846527,5.81811424661501e-7,6.523806724383543e-7,0.1218273408959651,0.1209181816355474,PP
2515500,251550,3506,2424,584.3333333333334,56.59081987850605,58.24165698607877,404,48.72924827511205,49.16521992358201,618.3642423396618,685.8554468770161,-180.33333333333337,-30.86138049058757,-7.861571603394005,-13.891955656892566,0.3586932182587114,0.5451,0,30.06416229409432,77.43024515387788,5.793056921677731,35.38965628647711,64.61034371352291,98.23851027324355,25.30288757909346,72.19227645278004,27.80772354721996,43.93,97.1,5,1.575121163166397,74.47389795466293,41.47819063004847,6.391338980479609,23.07692307692308,0.04987738523334322,0.3169688768589379,5.4033182124293e-7,4.267924928054697e-7,0.06705519151555275,0.3622104325017337,PP
2515708,251570,1480,923,1480,82.4396562044192,81.8929385366086,923,73.2196643338507,72.2082525435687,558.0908764703845,626.5671417352713,-557,-37.63513513513514,-9.219991870568492,-11.183928093666957,0.5562071514587517,0.6736,0.123226442418965,21.95618386963507,103.9685306203387,43.74535226359699,40.53323808005849,59.4667619199415,92.8783625425635,33.60895076713816,77.25263515810948,22.74736484189051,78.97,96.34,7.45,0.2192982456140351,97.14382862971779,19.73684210526316,19.0592510245752,0,0.2103503956365362,0.04524314753505291,9.129423604671642e-7,8.346991762175219e-7,0.3051467980679335,0.120500012596571,PP
2515807,251580,4561,3490,4561,66.5121362596253,62.3639752361917,3490,52.7721576110446,52.8719955342935,542.2731956651024,593.013033561448,-1071,-23.48169261126946,-13.739978648580696,-20.65785196696688,0.5241196320239137,0.5565,0.2317900258433711,18.74233335475991,85.44182461418508,11.05775722128674,48.52870558743983,51.47129441256016,98.91183750849923,31.24132200191576,54.06831842838293,45.93168157161707,34.07,97.35,8.86,1.666666666666667,78.49288960562967,14.88095238095238,11.62869272549649,11.76470588235294,0.6252425491187045,0.1853252157974729,3.114112538384115e-6,2.991000128580728e-6,0.6379601321153365,0.1638005744620459,PP
2516003,251600,13441,7978,3360.25,35.89995043820132,37.00376579135238,1994.5,37.75152202359858,37.9120240801224,623.0613736154062,748.8612112128975,-1365.75,-40.644297299308086,1.8515715853972594,5.157588138135679,0.2284099487521867,0.347,0.1803337873280119,23.26155848033326,81.34025719339041,6.649629558118366,28.07416867464854,71.92583132535144,98.6366560404399,21.3418424525733,79.43392689784442,20.56607310215558,52.31,94.43,4.45,33.48092643051771,70.51171508903468,39.03269754768392,26.9534788052615,22.98850574712644,0.3872877291949207,0.03864001385447904,1.953401059930621e-6,1.740017519713855e-6,0.3880562756077755,0.0455047043186381,GP
2516102,251610,3439,3029,687.8,46.44353392221998,46.7124642274302,605.8,34.941490638919,35.05382949835336,675.0979575275757,678.7391763382218,-82,-11.9220703692934,-11.502043283300978,-24.765650483366976,0.4692185197274896,0.6469,0.531218182875637,33.79511538820809,79.06630172246822,9.20449410068657,26.26040390541126,73.73959609458875,96.04562698929952,56.21117327154747,76.40700439576277,23.59299560423723,74.67999999999999,98.47,14.14,25.54229934924078,71.06002738344023,47.66811279826464,14.1377712178291,6.097560975609756,0.159612055152402,0.286730324511136,4.488598701836004e-7,5.192188359003719e-7,0.1288607792911491,0.4130153182408625,PP
2516151,251615,2353,1771,1176.5,39.8544781623682,39.141655880485,885.5,36.0825402182529,36.0978275849778,782.1491769526659,575.3817460010623,-291,-24.734381640458988,-3.771937944115301,-9.464276332381836,0.3364643949448692,0.6291,0.5769771681995641,38.53887791748464,114.0763910311238,7.217988216431169,49.93382904281996,50.06617095718006,97.36388999889907,27.55357101520875,63.10911808669656,36.89088191330344,68.96000000000001,99.73,4.77,32.84671532846716,104.5142002989537,24.08759124087591,0.197623326598336,0,0.1380299031934861,0.05055503110954006,4.581472554045559e-7,4.804718423428876e-7,0.1937951341072928,0.09074019657197659,PP
2516201,251620,16896,13131,1877.333333333333,61.0259565650576,60.2853233859555,1459,50.2379786888616,50.20107871269708,874.9842100393188,871.5651049807994,-418.33333333333303,-22.28338068181817,-10.787977876195995,-17.67768746843864,0.5287999624145517,0.4969,8.213795422244546,8.362681962149304,73.72427638241028,8.121052632877872,21.69490767977228,78.30509232022774,96.70154611756223,66.56115477976132,79.52864166903292,20.47135833096708,82.71000000000001,97.57,4.27,43.85113268608414,71.7424117884417,34.90291262135922,27.56119482745616,26.69632925472748,0.261309180855947,0.03109008170210571,9.693270246488668e-6,7.526962490038421e-6,0.3579174293882505,0.05062834974196395,PP
2516300,251630,4049,3004,449.8888888888889,68.86991557304172,69.61792636699808,333.77777777777783,65.61931848983603,65.90413410215045,635.7516549294522,723.8381836174308,-116.11111111111109,-25.808841689305993,-3.2505970832056903,-4.719908622159101,0.3778444966091636,0.6072,8.388401422640752E-11,45.60916651617882,83.32915398558207,7.507860128044004,24.83068902247322,75.16931097752678,97.4865961850727,24.83211882405989,79.62475889882518,20.37524110117482,75.49,99.85,8.85,6.374881065651761,74.19486819802444,61.13225499524263,24.52410715300257,24.15458937198068,0.101615948867709,0.1979033811549206,7.415227756190287e-7,5.251708748622749e-7,0.09405794344461083,0.315288939103712,PP
2516409,251640,2135,1429,2135,19.2864784121748,21.9820322703203,1429,43.3704767859585,43.4679349853702,494.1994608112716,539.9522266618362,-706,-33.06791569086651,24.0839983737837,124.87504384719821,0.4538561837785144,0.5095,34.38046917399746,36.98129453411991,76.62862470707655,9.049360880103993,57.34796616952462,42.65203383047538,95.59103665556626,12.35771646758298,46.30486432412155,53.69513567587846,32.55,98.42,11.71,35.8997722095672,79.11716893835188,35.7630979498861,8.346888663152738,24.09638554216868,0.5622638121037725,0.01940166670144036,7.699383932619789e-7,9.013644935559938e-7,0.5544500777156341,0.02822654941097774,GP
2516508,251650,6645,4807,949.2857142857143,58.403394263028,58.99151504162466,686.7142857142857,54.19935739763327,54.49681089527637,520.4212827370462,602.0053830651071,-262.57142857142867,-27.65989465763733,-4.204036865394727,-7.198274892142824,0.3499170217453338,0.4205,0,39.73707236069063,82.47834377408707,12.48864905497491,40.35707741230391,59.6429225876961,95.9249674104845,58.64780047482773,67.65270568157577,32.34729431842423,75.12,99.03,12.14,1.296660117878192,80.99267581597098,41.13948919449902,18.6416669084255,28.08988764044944,0.09142400341774322,0.2215135010563707,5.193763886590245e-7,4.951487349941414e-7,0.1333204069433495,0.2276350719695591,PP
2516607,251660,6404,4451,2134.666666666667,69.18925266458822,68.5584282670937,1483.666666666667,66.7884733003997,66.0732491629838,587.794503232239,585.4139032591679,-651,-30.49656464709556,-2.400779364188523,-3.469873241479983,0.3094986367378103,0.405,25.35988846825292,31.56787190734795,84.74137922105828,8.543091684013065,52.91611176460729,47.08388823539273,92.20082935999007,27.14093471204203,59.140242604809544,40.85975739519046,32.92,98.66,9.11,11.85503685503685,79.7474639994325,36.17936117936118,23.23933448646019,17.14285714285714,0.441297602556262,0.07778183918754994,1.513692967466978e-6,1.4146855667834e-6,0.5858558880653184,0.1379051720054988,PP
2516706,251670,4424,3280,2212,90.16254252337615,89.77413504515721,1640,91.3265347562416,91.31987404262225,615.1590282951224,654.4222135789292,-572,-25.85895117540687,1.1639922328654535,1.2909931333887008,0.4045465976886449,0.6196,0.001884785537364241,35.35898207254461,77.61105236933483,10.13383385337824,32.20318991807441,67.7968100819256,82.59655946667704,33.30070365205135,71.99945164164781,28.00054835835218,47.42,97.05,12.09,1.011073663938373,86.06484337514566,51.27587867116033,16.17414467420865,9.950248756218905,0.1427775323810776,0.09602370358868513,2.61678954556393e-6,2.009479904655158e-6,0.1558268321073852,0.1924229950537928,GP
2516755,251675,2829,2006,1414.5,67.10005054737475,66.6010669494047,1003,56.1066635306684,57.90317834654999,557.4489060868252,578.8127141054447,-411.5,-29.09155178508307,-10.99338701670635,-16.38357486622856,0.4800490138125579,0.3847,0.4934996624862859,31.93094144371565,89.3909259734777,7.568401591035892,40.5783773578788,59.42162264212121,94.20024986082869,4.603326739688249,65.35087719298247,34.64912280701755,23.7,99.16,7.23,17.69087523277468,75.87719298245614,45.43761638733706,1.139187088355957,51.28205128205128,0.1364800812294313,0.3449211581786632,1.010541181797257e-6,1.327671456769696e-6,0.1546383737532102,0.4501354641925129,PP
2516805,251680,1641,708,1641,57.4486763964263,57.2801270652809,708,52.8473273259338,52.8185692955739,581.7565429464563,635.9520895074958,-933,-56.855575868372945,-4.601349070492503,-8.00949536024252,0.4580199335015487,0.647,0.1497117622749318,28.1274603434977,86.48424209029653,13.20780152764242,53.5930939513679,46.40690604863211,95.55499669607273,24.12565177297643,51.74612815062252,48.25387184937747,61.98,98.57,11.53,0.58167716917111,73.38799473630935,54.19292292777509,17.03970886389629,19.04761904761905,0.3654666728619481,0.02001954437548753,3.338369829665329e-6,1.629250133366619e-6,0.3646525176946657,0.06690674513453748,PP
2516904,251690,6019,4725,1504.75,55.60946141628498,54.99848286736957,1181.25,53.00640164620875,52.73670786517555,714.0810787496791,745.0663065600954,-323.5,-21.49858780528327,-2.6030597700762286,-4.680965619483476,0.3026077162432123,0.4842,0.4370935590054219,5.305103841535449,74.40231439551563,6.981094362374857,29.99905453868997,70.00094546131002,96.9092995172938,56.44263395809553,73.04569549755084,26.95430450244917,79.51,89.58,5.86,1.124081279723303,66.30208682815541,29.57198443579767,16.73941449245083,6.289308176100629,0.1906069537543846,0.02580891288240863,1.599417865225074e-6,9.429983461203009e-7,0.3449108240352282,0.05434360336730538,PP
2517001,251700,4978,3959,2489,73.63626524432641,74.67889284087721,1979.5,64.82151199284355,65.0110957126002,542.4359030830957,564.3711806678211,-509.5,-20.4700683005223,-8.814753251482855,-11.970668558807745,0.4565100906108598,0.5731,0.01244582333752028,21.54033749472013,76.33241033571788,12.79279944415209,57.61704115740518,42.38295884259483,94.84505133728767,30.76968330435573,45.40160421931656,54.59839578068344,41.56,99.42,10.76,108.7301587301587,73.99186902538183,35.25480367585631,16.94706591319366,9.00900900900901,0.4307415535406897,0.1188422803896983,1.230503682275185e-6,1.006595583696617e-6,0.295414682791268,0.147707341395634,PP
2517100,251710,538,386,269,43.80617548434,46.04123844693954,193,53.79602410235705,55.2524731026246,702.7043135502113,852.2102531974232,-76,-28.25278810408922,9.98984861801705,22.80465826465097,0.5343709199395507,0.667,99.53940794238947,61.82606536243156,95.04427168364317,13.28360097347138,26.64727871709633,73.35272128290367,95.1080955271827,68.54719594609548,77.63602251407129,22.3639774859287,74.67,98.97,14.7,120.3947368421053,83.37711069418387,56.35964912280702,82.20164505693697,0,0.1612627589873517,0.1545772132455647,1.01806738277626e-6,4.939179622561875e-7,0.245482017203436,0.2248414884100043,GP
2517209,251720,2460,2104,2460,56.6962309454047,56.6854857501827,2104,60.3476419214754,60.4141029552755,502.4460227211139,607.035576695677,-356,-14.471544715447154,3.6514109760707,6.440306375192391,0.6081405795288111,0.5266,0.2105186675353876,14.22712644251728,82.78187955097623,11.80031151653522,79.1493249112961,20.85067508870388,89.95985561352526,2.948663234072941,24.78896438130533,75.21103561869467,43.58,92.33,9.63,0.2279202279202279,82.14947498455837,15.95441595441595,18.33178517766723,0,0.2125286788196505,0.026753840158971,1.691652384504407e-6,7.709570837111655e-7,0.3552938219186596,0.04934272370061798,GP
2517407,251740,579,603,579,64.5911939962801,63.7244287982966,603,60.1776162580581,60.178025002369,493.3013435867322,583.6403760918083,24,4.145077720207254,-4.413577738221996,-6.833095140610313,0.5313913093083266,0.55,6.467650084662091E-11,59.81061353869286,102.9615084429456,14.84018269772201,29.09693045865721,70.9030695413428,98.360947783506,53.37012947352278,66.8918918918919,33.10810810810811,63.59,97.91,11.03,0,88.55855855855856,78.96995708154506,0.121052612074317,30.3030303030303,0.2015533677885892,0.915863661855068,7.302235976575817e-7,6.829431208745726e-7,0.1464127325795986,1.026953807915762,PG
2600104,260010,7872,7449,1968,75.08623729879875,74.25113683322367,1862.25,74.72183850086695,74.49988370169608,733.5200974246826,819.2397954495773,-105.75,-5.373475609756097,-0.3643987979317984,-0.4853070429960514,0.4759000001549989,0.6635,0.4959422946727899,35.66275923876817,73.6234610911906,2.370000044869453,21.90492499120862,78.09507500879135,94.30999997843682,72.93999976194155,79.85009586892103,20.14990413107896,76.58,98.43,2.03,2.531400966183575,73.6074105430912,48.19323671497585,24.39024384717816,14.84230055658627,0.3196584455352541,0.1526909224840161,3.212788854647257e-6,2.06053933986872e-6,0.3435545802234315,0.3206509415418695,PP
2600203,260020,12334,11908,725.5294117647059,56.30452099882419,56.06584492803653,700.4705882352941,47.49213192312845,47.45788111471853,543.805492880178,631.3348143957878,-25.05882352941171,-3.453867358521154,-8.81238907569574,-15.651299255134008,0.3079000645676365,0.6643,1.897284155304567,32.77722181361976,97.28191531694412,7.31000293209447,66.67233779487917,33.32766220512083,97.30999976740756,25.54001935599599,32.2300305777587,67.76996942224129,47.98,97.93,9.08,10.84142394822006,90.15610750496218,40.29126213592233,9.615388889177472,12.65822784810127,0.1452590975761004,0.2257405479258142,3.457590088081332e-7,4.944566979767816e-7,0.137407230508467,0.6935793539951194,PP
2600500,260050,4113,3935,1371,35.04499365976977,34.74739284120957,1311.666666666667,44.4604193807902,44.41786101684007,527.2101864683558,489.3328969506525,-59.33333333333303,-4.3277413080476315,9.415425721020426,26.866678340504173,0.4166999893211827,0.5531,0.2317803635855337,12.69638666374655,85.27897840666247,8.629999330707012,38.94868065709998,61.05131934290003,97.47999592187381,31.35997726220841,64.91701394743815,35.08298605256185,57.20999999999999,93.66,12.31,101.2104689203926,91.74716353913232,15.68157033805889,32.05918357565702,17.11840228245364,0.4530008815087129,0.01915415174649005,1.190338407324483e-6,1.13823424635342e-6,0.5499719736102563,0.07899719427324527,GP
2600609,260060,4090,2751,2045,46.98532752875115,45.82150900665485,1375.5,54.0470770504415,54.15154486116936,550.9083108974464,659.9811317056541,-669.5,-32.73838630806846,7.061749521690352,15.029690954839344,0.4181962998216022,0.5065,0.4654503355549567,22.91527796425841,81.45567571065632,25.97928414925076,42.37127108822757,57.62872891177243,98.36745407994832,50.61442760053316,60.52456594015515,39.47543405984485,69.21,98.49,21.94,1.505376344086022,81.18212042851866,29.74910394265233,9.255251893036595,10.8695652173913,0.5987361196604147,0.08739523043020286,1.363228025454599e-6,1.452229947210886e-6,0.6436052597081042,0.1304635444878628,GP
2600807,260080,1550,730,1550,17.6216441098542,20.8334185702943,730,23.7422847224218,23.938791500678,527.8185675281106,597.4613021540954,-820,-52.903225806451616,6.120640612567602,34.733652401621704,0.4904987104145258,0.4734,0.05655286001483276,16.40774918969054,69.57759964792014,9.3247812381967,42.82837404976338,57.17162595023662,93.23145217153863,54.79229062781242,66.71020803096275,33.28979196903725,62.16,98.53,11.52,98.48349687778769,78.16158684083211,38.89384478144514,23.52987812832386,24.15458937198068,0.46099334073771,0.04504367943924643,1.650846903092727e-6,1.155130105254331e-6,0.6108760975716406,0.05143169460585348,GP
2601102,260110,32267,30448,1466.681818181818,53.89830927935724,54.15938434777132,1384,45.49581758620285,45.27332983119356,665.6389735579156,667.6681895892118,-82.68181818181802,-5.637338457247331,-8.402491693154396,-15.589527399837205,0.3281883244353539,0.5599,0.08123507363619985,15.77185639563156,82.72124362969872,6.129988121103835,39.37153629304411,60.62846370695588,87.95308417806906,46.49762775409303,59.783694821607,40.21630517839299,52.39,93.05,4.16,38.16387088960213,78.51407747016988,10.88839096469448,30.9594710118845,13.6098509397278,0.1362852282420689,0.02156109041816379,9.87933070925244e-7,7.654547597735486e-7,0.1151832920417633,0.05096859478644777,PP
2601201,260120,4882,4319,1627.333333333333,70.0087180760228,68.46533413773433,1439.666666666667,73.6788546352803,73.16287175772597,909.0510386878689,921.5951443644541,-187.66666666666606,-11.532158951249452,3.6701365592575,5.242399318427858,0.5324799201883511,0.6496,0.4327068499892099,26.82197799394216,51.720732737151494,2.62433738238203,10.13803623968113,89.86196376031889,96.9313837632631,86.14703382912346,93.3260379619859,6.673962038014096,92.08,98.52,1.28,68.30601092896174,55.97503940803272,29.23497267759563,17.75015693008234,13.65853658536585,0.4091623626807215,0.2194294428121231,3.881506689413554e-6,3.644454373576376e-6,0.4456203536038976,0.5194723821874079,GP
2601607,260160,3758,2751,313.1666666666667,76.67897157988213,75.58606716589904,229.25,71.07496966924879,71.45282615694464,713.5229799963007,674.5486144623278,-83.91666666666669,-26.79616817456094,-5.604001910633343,-7.308394720442021,0.3565999934105393,0.4062,2.355444177626603E-08,28.15587473689822,88.3177805631526,13.49999949876858,37.87586885349353,62.12413114650646,83.93000017266216,43.60000298348562,66.11968056011376,33.88031943988622,53.91,97.7,44.8,111.4140773620799,98.30434306968603,38.90298034242232,27.56892178597783,33.78378378378378,0.04834405814445378,0.2826674323118082,4.055609315758576e-6,4.310218093474673e-6,0.02726287868340874,0.6907335623637129,PP
2601706,260170,17055,11558,2131.875,68.17910520647229,67.89162737593443,1444.75,73.9764786739349,73.56804800208413,750.3970802432804,733.7809474377902,-687.125,-32.231017296980355,5.79737346746262,8.503152761987659,0.448299986258103,0.5824,0,10.23933542062096,66.80887447140773,6.270000727665618,19.60322076595359,80.39677923404643,95.60999495345692,72.24999252708201,85.07947703856715,14.92052296143285,80.06,98.14,7.78,18.96507447354905,69.73448875229866,41.10169491525424,18.72340306071795,18.10344827586207,0.2928582709611605,0.05326038688124776,4.512760412155449e-6,2.766590233945563e-6,0.1772598819319683,0.07825411273965828,GP
2601805,260180,9670,7624,644.6666666666667,83.90566802422947,83.92552325625283,508.2666666666667,81.36851818840293,81.53034668959994,518.7193905558316,582.7454766722464,-136.40000000000003,-21.15822130299897,-2.53714983582654,-3.023812211463338,0.216400005873914,0.5538,61.19604082904259,14.07374096776113,89.91085531627093,12.42999981961755,69.07439678529927,30.92560321470072,97.78999983501907,34.50000072377927,36.48359486447931,63.51640513552069,60.55,98.38,5.72,89.80582524271846,88.78388017118402,19.36353829557713,9.433962922702953,24.09638554216868,0.08127195410091809,0.363788732062625,3.810709071120832e-7,2.314919305699788e-7,0.03483083437894094,0.3870092708771216,PP
2601904,260190,5166,4101,2583,40.27395827004315,41.54519662765485,2050.5,39.55641824242954,39.59287506574595,639.3795786708766,685.6394074212554,-532.5,-20.615563298490127,-0.7175400276136159,-1.7816476413924813,0.5094392565062621,0.6141,0.01435166786803027,14.04898719925598,65.46644130946896,4.837300830687251,15.31754534649465,84.68245465350539,95.80820436567912,73.94445109171525,85.86122846928826,14.13877153071173,80.54,96.2,3,12.21190781049936,71.0627234319142,27.60883482714468,17.92189687175893,10.75268817204301,0.4926762891830977,0.0736998207371673,7.810413094297655e-6,2.795448238303366e-6,0.3917841776018622,0.1431365069577907,PP
2602001,260200,25100,19139,1255,69.87380240792898,69.11960455409888,956.9500000000002,64.24992951059967,63.70100520708829,542.867893740023,586.9986548494445,-298.04999999999984,-23.749003984063734,-5.623872897329306,-8.048614364074073,0.5340746662812861,0.6025,0.0001461971565298789,16.71878916755058,93.22912617384786,18.80850115807755,63.47849369369933,36.52150630630067,94.44375448835018,26.67230750825437,42.85299497691705,57.14700502308295,40.65,93.52,20.71,98.84926394360357,83.85064312882902,23.15985900891561,17.96689955689853,16.9811320754717,0.369405602975319,0.02432998110738109,8.108198602741345e-7,5.930419545524417e-7,0.3630311431092121,0.04712302571882138,PP
2602100,260210,5507,3978,2753.5,33.96116410085234,33.27626118446825,1989,39.9183485530915,39.84003403880505,598.6171854461589,651.5238035109608,-764.5,-27.764663155983293,5.957184452239154,17.541166829701353,0.3974545548173287,0.5115,0.02470522167386302,4.683199232626131,76.9602002801738,10.56573498103937,34.56567236504949,65.43432763495055,96.00005945162101,56.83605733174248,68.72299513629679,31.2770048637032,66.9,96.67,20.99,80.16563146997929,77.26049089469517,45.18978605935128,21.43856936698523,27.54237288135593,1.72566508499246,0.01290575531110939,4.548522619121786e-6,3.63222148360182e-6,1.694125505605522,0.0515324436878079,GP
2602506,260250,4875,4337,2437.5,84.17367393010925,83.21839096129054,2168.5,85.4992035845668,85.43498165357249,566.7125325424607,599.3550991973804,-269,-11.035897435897436,1.3255296544575543,1.574755612494903,0.3956708600273094,0.7599,0.0002855657824267478,39.55809469087352,103.2058767744154,8.071128878591098,53.62736995581596,46.37263004418403,93.4009824916159,47.93437941965725,50.89470954356846,49.10529045643153,68.88,97.2,7.38,2.009803921568627,82.88381742738589,30.98039215686275,29.1110474945243,19.04761904761905,0.3366920028078931,0.1427920511178564,1.338101981187595e-6,1.273983860514666e-6,0.3710814533858029,0.1692493458125491,GP
2602605,260260,9076,7626,1134.5,65.62386819187209,67.10594568779449,953.25,66.0257126805849,66.2224348427637,546.4937984360052,599.105155632026,-181.25,-15.97620096959013,0.4018444887128112,0.6123450198605971,0.415300000121451,0.5573,1.077874989855985E-10,14.73107231936002,73.41965466256839,3.189999996625348,22.25763608617408,77.74236391382593,86.21000003319175,57.11000006602132,79.7760902224692,20.22390977753082,70.57,95.48,2.55,6.445047489823609,79.22660575003601,30.96336499321574,11.1731844075648,17.10730948678071,0.1728640197893486,0.04609707260077,1.9150083090995618e-06,1.020298479709066e-6,0.1424876955185291,0.1999211974044593,GP
2602803,260280,45125,21096,4102.272727272727,46.27801881672892,45.10027682677318,1917.818181818182,57.57946681848117,57.43798882854006,467.4550654325907,536.1977039761547,-2184.454545454545,-53.24986149584486,11.301448001752256,24.420768846022696,0.3640886761197905,0.5047,37.18731249871489,19.36052297418179,80.62553812846828,23.39271531823995,59.38963194644312,40.6103680535569,95.17260453472204,32.80924051115999,42.71511695117722,57.28488304882278,34.98,96.62,19.63,56.43072289156626,75.83137451350622,32.34186746987952,26.34919493333597,13.87137452711223,0.4328845604532394,0.122062948410638,1.303293824950953e-6,1.227517628886199e-6,0.3448694696614978,0.2752641043740129,GP
2603009,260300,11202,8497,622.3333333333333,78.41468291838216,77.83353647902632,472.0555555555555,71.47968217174095,71.45529225556585,631.5366770749085,632.854748807004,-150.27777777777777,-24.14747366541689,-6.935000746641208,-8.844007893087442,0.3477244957528703,0.6615,20.624771012383,18.92872597395195,82.61709769282733,9.890255517311225,35.88587623301579,64.11412376698424,89.12595616766168,65.05119263565705,66.07190060798308,33.92809939201692,78.71000000000001,98.86,12.11,218.8832054560955,93.63269891620408,20.39641943734015,9.0358168749942,14.19878296146045,0.09041399681562651,0.1637062366475888,8.079945577572444e-6,7.829872549221688e-6,0.07383008565512798,0.4113540671447131,PP
2603108,260310,2776,1909,2776,54.4043560856731,53.3524050845153,1909,64.1645577122748,64.0275362177258,597.1725763083755,597.4998093001959,-867,-31.23198847262248,9.760201626601699,17.940110551500414,0.5462999901172267,0.5964,0.09756099297296186,33.17073151504437,82.41139254282507,17.64999939419468,19.20399815205231,80.7960018479477,95.24999864210494,73.57999798143005,83.5896662645758,16.41033373542421,80.41000000000001,98.29,15.22,16.76798378926038,81.53397667872939,28.11550151975684,30.20134150464631,13.5593220338983,0.9590362610629187,0.04795181844457658,2.190855807134171e-6,2.010910269436916e-6,0.7655773564832659,0.09696922463633822,GP
2603207,260320,3273,3631,3273,22.8628887257412,20.5764322683901,3631,29.8511163993985,29.8106834462205,473.4946857347914,535.7104972354178,358,10.937977390772991,6.988227673657299,30.565812384807227,0.5259611275614103,0.6919,1.228042809556373E-05,3.922059959977289,85.08515737319813,15.46161673978941,71.61153259852452,28.38846740147552,95.74192577523434,26.76440422088561,30.40610898993405,69.59389101006595,44.44,97.99,10.94,55.68336425479282,81.52377646650469,39.92578849721707,22.58454089768633,7.594936708860759,0.502565012155447,0.02924009554434204,1.44147029250404e-6,2.004024287111571e-6,0.6813251507156335,0.2108863561738866,GG
2603801,260380,6253,5540,3126.5,37.31351218289265,34.2289824889021,2770,38.6192591268902,38.2556189162485,524.43670313013,561.8102401984307,-356.5,-11.402526787142172,1.3057469439975478,3.499394368445974,0.5150338014274453,0.5057,0.03517732248112478,12.64651977788831,83.81343864982166,20.61089336673333,67.80517737897175,32.19482262102825,92.98369285645578,34.62751428274554,36.68542087726006,63.31457912273994,45.58,98.1,22.89,19.33159895937563,85.51920030589392,54.31258755253153,23.57548681224489,26.11940298507463,0.636304621880971,0.01147376856557915,1.374908515802048e-6,1.41404605126561e-6,0.5656307905291803,0.297031359248493,GP
2603900,260390,11318,9130,2829.5,71.19832467640775,71.22915142750678,2282.5,74.3449864927162,74.13826301541977,574.5167690225177,602.8079285654512,-547,-19.332037462449193,3.146661816308452,4.419572834908472,0.4700999989830715,0.6838,0.09778363685929542,28.38983051259865,80.94648422868707,6.729999938229017,58.95337485099719,41.04662514900284,95.12999995832885,43.44000055388962,47.70947323248578,52.29052676751421,62.83,98.4,11.16,27.05410821643287,80.77459500053642,49.71609886439546,12.903226147401,20.49180327868852,0.2809914941850683,0.1910742173353925,1.282161171595148e-6,8.015050604452101e-7,0.2864317104184925,0.06406611008418645,GP
2603926,260392,8677,8033,867.7,84.49874398099088,83.33902625581965,803.3,86.18250205798456,86.50061546499629,485.7266891546585,604.6905937938321,-64.40000000000009,-7.421920018439562,1.6837580769936835,1.9926427277693823,0.2349000684063399,0.4542,4.691437560953339E-06,26.85228826531452,89.36512117321784,19.87999028331592,83.17768938626604,16.82231061373396,97.75999954938489,15.91002013505943,16.97034071411063,83.02965928588937,19.56,96.29,9.57,79.74747474747474,97.88381403709452,38.33333333333334,36.80980968072481,27.45098039215686,0.0751369768840417,0.6347165200369714,7.854580940953419e-7,1.027181959163621e-6,0.04034294338958589,1.232676471463728,GP
2604106,260410,19939,12711,3323.166666666667,33.97815340562482,38.9106339979616,2118.5,40.90444904908964,41.08610862692812,1013.826667198944,1043.865290234746,-1204.666666666667,-36.25056422087367,6.926295643464819,20.38455580790398,0.537999995614424,0.6846,0.1715266200778319,2.763484594503513,56.79682322642958,1.470001309795502,11.2167895910919,88.78321040890813,94.22999800340446,81.969996087579,92.16242565275486,7.837574347245134,86.60000000000001,98.54,2.25,17.44038705218293,57.77953103125838,34.86349498905656,17.53702229860903,16.02747567258157,0.3509918161747939,0.07219768805781702,7.970181559506546e-6,6.519233756588221e-6,0.2309216288972091,0.08387153534405127,GP
2604908,260490,10052,8380,3350.666666666667,34.8167412106532,34.92304515424903,2793.333333333333,35.86185710329307,36.1792311768289,544.1378391233185,593.8417974044216,-557.3333333333339,-16.633505769996038,1.0451158926398705,3.0017625323305297,0.5065000043787872,0.6518,2.42846084133055E-07,34.75344585501539,93.2549582935029,22.25999819503609,53.21538666638352,46.78461333361648,91.0399999721162,21.38999901751774,48.83677062374245,51.16322937625755,38.36,98.32,11.02,99.97571636716853,82.91624748490946,48.90723652258378,9.433964282420229,6.711409395973154,0.3147545348294671,0.06673060628925374,1.24174810950254e-6,8.054601083335365e-7,0.3176875320686904,0.1124125113473828,GP
2605103,260510,12140,9642,809.3333333333333,75.899383126539945,75.44194200246578,642.8,72.66806456035913,72.45468444017214,698.5011513681502,693.8751041380677,-166.5333333333333,-20.576606260296536,-3.2313185661808177,-4.257371315908514,0.3678999980623853,0.6127,0.08382233969819942,12.71304860613783,82.47821613802633,7.800001355460521,35.85585637934194,64.14414362065806,93.40999963732219,53.30999903085284,67.33561625653685,32.66438374346314,62.94,97.43,6,72.29508196721312,73.33758063231663,16.70765027322404,26.45502657579763,9.70873786407767,0.1917434600434995,0.4793586636010034,8.662339066535573e-7,8.143630965439529e-7,0.1805127813425616,1.086363718975113,PP
2605152,260515,9325,6708,666.0714285714286,53.18246417175884,52.71769835360232,479.1428571428572,43.92400144980046,43.99753093091051,521.4100801806985,641.8953978589508,-186.92857142857133,-28.064343163538858,-9.25846272195838,-17.408863741358655,0.2320345216154663,0.5833,0.1429144394062843,33.9049651046202,90.12321303046824,7.065626644926208,64.51177160500407,35.48822839499594,90.94412503494812,72.97603063080426,45.44079138783823,54.55920861216177,45.81,97.07,8.57,88.7743670177011,75.15274949083503,43.31167376204347,17.59210359125397,15.95744680851064,0.09375253475954833,0.2841535654637984,3.219436459905567e-7,5.442920325566556e-7,0.08415720795814458,0.8858653469278376,PP
2605301,260530,13878,12788,1261.636363636364,78.56484758434486,78.1237876169358,1162.545454545455,73.81397920956967,73.35493142197677,535.018246854702,590.1052460499953,-99.09090909090901,-7.854157659605122,-4.7508683747751945,-6.047066239993408,0.5666735486676333,0.5382,0.2925211914275346,22.90257059863652,94.66799003508044,15.62904646595021,48.46533459476342,51.53466540523658,96.17892839475434,17.61916828683907,49.17667022814405,50.82332977185595,35.7,99.14,19.43,29.59950708564387,93.09282886053674,16.72211953173136,19.67542170774885,27.52293577981651,0.3252338794607588,0.01090495544142557,7.182057694835919e-7,5.325973854948238e-7,0.3867300467183375,0.0245117749205673,PP
2605608,260560,14295,10954,1299.545454545455,81.50448985341212,81.46538721846622,995.8181818181819,81.18540610579106,80.98153308750115,532.8037186571204,584.9889892822405,-303.7272727272731,-23.37180832458904,-0.3190837476210646,-0.39149223336646205,0.4134000087978764,0.5123,44.83586166453996,18.81505355507218,77.15729231265205,10.77999936431493,57.76083738329721,42.23916261670278,95.18999998410575,33.48000156028809,45.2571991139552,54.7428008860448,42.86,97.05,8.44,42.91380625476735,77.59291164164411,48.54309687261632,29.50819411426508,35.71428571428572,0.1546810049076088,0.1411464066880542,1.773231289340594e-6,4.530307667036692e-7,0.1256782825476836,0.1063431621557323,PP
2605707,260570,8554,6875,259.2121212121212,74.47419881120047,74.33255543252007,208.3333333333333,74.94017445522398,76.35418232549836,705.7703302782163,732.0560877662246,-50.878787878787904,-19.628244096329215,0.46597564402351566,0.6256873540926711,0.3241001037738392,0.4402,5.996311385767252,26.15312356486165,73.55984036745825,7.199995926634224,31.79784472690461,68.2021552730954,97.17999682360767,42.14002510956578,73.3098568153882,26.69014318461181,74.3,98.49,4.91,127.7734877734878,77.98412012889938,44.73616473616474,28.66778194189613,20.17937219730942,0.06271939858299015,0.4808378609449992,1.006563703499873e-6,7.946315121347138e-7,0.03745347827364092,0.9630894413221952,GP
2606002,260600,11149,9515,3716.333333333333,28.5582223953436,27.6603818843397,3171.666666666667,37.39329930186827,36.45281985783534,992.7208789279066,1052.462743257842,-544.6666666666661,-14.656022961700584,8.83507690652467,30.9370687860643,0.5266999985805891,0.6585,12.48994887389832,3.296703324028164,57.77849956866847,2.320000373342835,10.85868049646429,89.1413195035357,96.12999998836816,53.79999945624512,90.9958544190204,9.004145580979596,80.51,98.35,3.91,141.6575620415171,66.41023655853434,49.68003745902919,17.42738591442378,13.67781155015198,1.059960546894518,0.01311475316438415,9.574079884628436e-6,9.205519528492642e-6,0.7825316830618726,0.05508200490815621,GP
2606309,260630,2743,2109,548.6,64.49530824283985,63.21013676463952,421.8,51.78663524057606,51.64060228569466,512.6269167647615,604.5257387922898,-126.80000000000001,-23.113379511483778,-12.708673002263794,-19.70480233137685,0.4363964692067754,0.4491,68.62856325342578,63.15599484984649,100.0289483645958,25.86827926671502,53.63807209597461,46.3619279040254,96.59924907162534,30.41808640157905,55.19078473722102,44.80921526277898,60.57000000000001,98.67,21.09,85.98070739549838,98.31533477321814,52.92604501607718,28.84734344582768,27.77777777777778,0.3903098465647979,0.04647801321070088,8.629263308277508e-7,5.360900595007373e-7,0.3895611434575934,0.09690214895973645,PP
2606408,260640,392,1540,392,45.0710018456829,45.0831698265467,1540,40.3690702300442,40.2913728004555,792.3160747373672,817.3153860780799,1148,292.85714285714283,-4.701931615638699,-10.432276681440289,0.5113950915087795,0.5659,5.215833655545324,11.57130722004,60.94567511001068,4.859358133618077,10.57632986768125,89.42367013231875,94.58475746655769,66.18016834663669,85.7209054470471,14.2790945529529,68.03,94.7,3.85,171.9365566641085,69.1503903987396,14.58173445894091,10.87662629001517,11.82266009852217,0.8630643050123231,0.2119259168196182,3.11880037458276e-5,4.311082669646207e-5,0.5845790711202261,0.2421108599473928,PG
2606507,260650,11167,8728,1861.166666666667,23.9782295402343,23.0850330302157,1454.666666666667,29.84506570520175,29.74210179281557,491.5998385677739,585.8455651382328,-406.5,-21.841139070475503,5.866836164967452,24.467345077013245,0.327299896199567,0.5696,1.601101134090737E-09,7.369312943661512,99.15028213158823,10.32004986212238,57.96295687749178,42.03704312250821,95.35000157191496,37.75986839379166,46.97208136620621,53.02791863379379,40.33,94.33,24.39,17.79523919574763,100.827650521653,41.71481395886295,21.94349348212832,13.93728222996516,0.314178040384543,0.0223270476327975,7.046891358461305e-7,8.898219009767995e-7,0.4633438407589853,0.04303965545631911,GP
2606606,260660,26944,13016,1418.105263157895,65.9077790831458,65.63038288767166,685.0526315789474,63.24009941392708,63.48051945561551,541.1794685090939,570.4997573513258,-733.0526315789476,-51.692399049881246,-2.667679669218721,-4.047594542448952,0.3197363793361508,0.5703,0.3432967789160972,16.84063715700463,86.7034572140307,33.48892466314197,44.61856384592633,55.38143615407366,86.2920368467327,35.17777652692055,55.89397989533526,44.106020104664744,64.21000000000001,99.13,31.41,124.1425052112943,74.86540416399986,44.38127724085655,29.72621024195309,7.832898172323759,0.07530426229734187,0.4533282062226638,2.030134373682242e-6,1.82369992571161e-6,0.03365149486770867,0.3296723078390397,PP
2606705,260670,3055,2330,3055,14.6229164416269,17.1385413750968,2330,25.1239493060436,25.2475064286424,487.8288783689992,563.2319181935363,-725,-23.731587561374795,10.501032864416699,71.81216487378346,0.484099991709779,0.6553,0.5636069137905333,39.21093870063315,89.97875993704521,24.29999736196246,58.32226668506695,41.67773331493303,98.5699977402545,48.70000456804295,45.91036414565826,54.08963585434174,70.84,98.55,21.63,107.5096899224806,89.41176470588236,48.44961240310077,29.41176255763869,0,0.5186375395027978,0.09063564228225987,1.061519984506678e-6,1.022332643918212e-6,0.6210059696106073,0.1141003427501529,GP
2606903,260690,5604,3966,700.5,87.53967869077096,86.63592844898425,495.75,85.38301112007922,85.28740982007787,536.8200186853556,574.7522474618825,-204.75,-29.229122055674516,-2.156667570691738,-2.4636457466448403,0.5005999943430928,0.5781,1.003541871477456,39.31522929186787,82.48577961013007,9.999999821850391,48.12802381901595,51.87197618098402,95.17000014344187,37.48000089541836,53.19052783803326,46.80947216196674,49.16,98.24,17.55,37.77561608300908,86.44251626898047,61.284046692607014,11.3636364874374,23.62204724409449,0.1740360665541553,0.1639428714694473,5.936566128481539e-7,3.08542626278179e-7,0.2033533145742679,0.1833043962359598,PP
2607000,260700,5004,5779,556,73.8263898017759,73.97372629342301,642.1111111111111,71.4316093237934,71.37228438771125,509.4890756644021,538.2719390481311,86.11111111111109,15.487609912070338,-2.3947804779825077,-3.243800061756373,0.1992977493972051,0.4829,15.82905218551815,11.35787079959047,82.20436261114705,19.85906350325644,57.37086429752068,42.62913570247934,91.0789719203461,27.63664175860711,45.45916373583431,54.54083626416569,36.61,96.43,11.54,155.6303549571603,73.33333333333333,40.82007343941248,18.87615768121093,23.88059701492537,0.06961468108920876,0.3645974394118292,2.302240924336975e-6,2.988604553334149e-6,0.03923335123232426,0.2189095952225902,PG
2607109,260710,2709,2324,903,79.90220920691516,78.92165106324607,774.6666666666666,76.51423512506787,75.8739579001975,540.0080327414698,612.8139574347545,-128.33333333333337,-14.211886304909566,-3.3879740818472897,-4.240150698554248,0.5588997620070874,0.7438,2.236545619175504,55.40568556985886,90.74068105580182,11.3708179705097,45.36870190247821,54.63129809752179,95.26102138750427,43.65924122190131,52.64594708105837,47.35405291894162,64.48,99.66,14.48,28.1591263650546,79.96640067198656,46.72386895475819,14.28849102190824,0,0.2600968813735322,0.1950151704551453,9.616595692667243e-7,4.160206266270384e-7,0.2702324760281406,0.197106109429716,PP
2607307,260730,8048,7547,1149.714285714286,77.09701594734798,76.86240120971078,1078.142857142857,60.08761742616314,59.30788849684532,531.8112328377562,541.8581357083415,-71.5714285714289,-6.22514910536782,-17.009398521184842,-22.0623305742483,0.3535383004351091,0.4448,1.283450729774106,34.85431853384119,87.05489719674112,5.740176446243146,38.56129221237772,61.43870778762228,88.40195100942466,21.83851246713699,65.05724927576217,34.94275072423783,41.25,88.07,5.35,65.75611888111888,86.2222375500069,37.78409090909091,35.36478423564959,23.66863905325444,0.0998424510582273,0.02600125074149057,1.030765572808712e-6,9.146041790799831e-7,0.1453252862867886,0.02255603113098715,PP
2607505,260750,11588,13075,2317.6,27.37979343393798,26.7605685810528,2615,37.70726400531318,37.77849670744626,486.0293919688337,573.0645306889164,297.4000000000001,12.832240248532969,10.327470571375198,37.71931514492006,0.3447655467981323,0.6354,21.69338262264674,5.578138263533982,82.48035902890356,30.14247056773685,63.52140489626037,36.47859510373966,92.9584017681835,32.44427829746365,34.13182835935343,65.86817164064657,40.69,98.93,21.68,74.13183069060412,64.82839002545778,12.26575809199319,26.88811163938955,5.361930294906166,0.8296960238099077,0.1448700155378507,1.11102367319441e-6,7.508437866058208e-7,0.6320085383523569,0.04349014405543401,GG
2607703,260770,3863,3241,965.75,81.5030100347007,81.13897418274692,810.25,81.45792234410065,80.97894388953554,627.1757960454578,745.8803618088019,-155.5,-16.101475537147294,-0.0450876906000417,-0.055320276614133856,0.5088778192854629,0.6245,0.1209989974832682,26.16382782906696,81.19535931313176,8.622490128256342,39.22306736349205,60.77693263650794,93.87623849718659,54.23919320801141,62.78934765256513,37.21065234743487,71.23,98.1,13.71,52.12938005390836,76.35875480734344,33.58490566037736,22.59520212921959,23.39181286549707,0.2724634238279942,0.1873934643950214,9.326231414080692e-7,6.966345093212601e-7,0.3014804758165759,0.2409515771970317,PP
2608008,260800,7820,6442,977.5,71.29148348441151,72.20231557170004,805.25,69.07510763250467,69.19085444614416,491.2103818645079,595.1520539303948,-172.25,-17.62148337595908,-2.2163758519068466,-3.1088928769331554,0.3192741701635914,0.4086,0,22.87283297008823,80.86360761447946,8.11203140670728,41.69980621119512,58.30019378880488,94.37354877185825,55.89454576194322,64.24503227439564,35.75496772560435,47.59,94.38,8.8,74.8698273499589,90.49487406657384,51.27432173198137,7.144871551624844,30.56768558951965,0.1472581499818998,0.2078854640191035,8.686298315926284e-7,5.395199529281923e-7,0.07137118314369986,0.4400553939313838,PP
2608057,260805,7029,5302,7029,48.242589869213,50.0296578773234,5302,52.4932264824473,52.5127160535366,850.6499622135756,734.3292572657738,-1727,-24.56964006259781,4.250636613234299,8.810962729732987,0.4833994386215855,0.603,1.549295412907642,22.34739902401421,86.63599524594794,7.170007528443643,56.44202034003126,43.55797965996877,97.38998462584397,70.26980229869581,59.80700500357398,40.19299499642602,59.02,99.97,10.92,40.66716641679161,77.7626876340243,23.46326836581709,17.69919507981916,19.8019801980198,0.1804269864034166,0.2428824224897927,2.830784626240972e-6,2.539166378588412e-6,0.05031141843562925,0.364324064533867,GP
2608750,260875,9977,3928,586.8823529411764,80.54048902150646,80.31882744775541,231.0588235294118,70.06122223545951,70.01836323725183,595.5467125468961,615.0400028595329,-355.8235294117645,-60.62944772977848,-10.47926678604695,-13.011178493401879,0.4335889615125895,0.5497,0.3460722561595025,18.64866001170095,83.91059664087827,45.60838077481281,54.25208633803932,45.74791366196067,98.08632326762472,40.52362462938444,70.66555740432612,29.33444259567388,64.00999999999999,95.74,36.18,27.54424778761062,86.30199667221298,27.87610619469027,14.11788476693591,32.085561497326204,0.04636528299618714,0.1801298774136515,4.685922254356397e-6,6.941556962727351e-6,0.03679134861720552,0.7253151584534802,PP
2609154,260915,13828,14967,3457,45.8993123406825,46.8393267500559,3741.75,48.55261610957098,48.67239758733477,458.1122948477442,462.0754275527039,284.75,8.236910616141163,2.6533037688884775,5.780704837568432,0.3482556090661859,0.5677,0.4355365885365504,20.94936664419852,81.62746196850686,19.28368772031855,78.57426595770363,21.42573404229638,78.09354789946386,6.277223908318168,23.04745063365753,76.95254936634247,4.96,92.8,6.41,74.94398805078417,64.59517494000254,40.70201643017177,24.83906458919131,18.93939393939394,0.4621623538389235,0.5964409551899815,1.147812095942756e-6,1.185060239121529e-6,0.2966807298724415,0.1023325449841974,GG
2609303,260930,7507,5909,938.375,89.3750914433186,89.00752556224323,738.625,86.71425028811788,86.67300066489345,544.68095292562,642.6051625643498,-199.75,-21.28679898761156,-2.660841155200714,-2.9771618828364628,0.3145000003819122,0.4577,66.28505983469786,18.25987403945893,91.15180312866913,8.299999998236522,50.09085823830318,49.90914176169684,96.63000000343234,56.07999995120802,51.32174158891716,48.67825841108284,52.52,98.84,5.48,125.356921166977,90.25303929884082,33.05400372439479,13.20132016090411,27.66798418972332,0.1016190889013424,0.2301186717217799,1.422190684073122e-6,9.400047613197689e-7,0.08129997505520387,0.6383588437658241,PP
2609808,260980,5472,5085,1368,77.80382480190492,77.78951664668843,1271.25,71.69747608966307,71.69615783742057,484.9671484019505,538.9612633831275,-96.75,-7.072368421052631,-6.106348712241854,-7.848391422644234,0.3480999998804766,0.5466,4.714505657039455E-06,5.130600294116237,95.8877055685281,46.34999157037956,64.96964431824695,35.03035568175305,98.8699977593756,38.87000596501466,37.76192926990662,62.23807073009338,65.88,98.01,29.05,6.00338218714769,104.4776119402985,8.596392333709133,37.03703055158103,35.17587939698493,0.09946592092439807,0.2220065291051247,2.08818742736644e-5,1.975142677606418e-5,0.07167142352980366,0.5419058852253447,PP
2609907,260990,29114,28022,1265.826086956522,59.18100155762516,59.27071964082071,1218.347826086957,50.24174327513779,50.24292006592898,651.5798706278875,659.3505435158027,-47.47826086956502,-3.7507728240708778,-8.939258282487366,-15.104945923875784,0.4339475332926627,0.5354,0.01325050844324829,14.85843613862922,85.83690735042,6.121937698336139,49.40893491443266,50.5910650855673,92.53814814589242,60.94652785467743,51.84321903944059,48.15678096055941,64.76,97.8,4.98,54.00148732910016,78.49628902655952,13.40884388764945,24.77632279409434,23.37938363443146,0.198975483830354,0.1164131453602954,6.739406781198528e-7,5.990067058597296e-7,0.1851664102511023,0.2497754799538653,PP
2610301,261030,7152,7668,3576,32.1481952829397,31.5036253681606,3834,40.89513165481265,40.44373207389795,474.7540370442615,551.5124288479204,258,7.2147651006711415,8.746936371872948,27.20817232472998,0.4282930134506145,0.6304,0.04033019161412225,0.04268825807982657,98.9059078595467,15.78268238254862,79.4483880511803,20.55161194881967,97.00609810530645,4.936040825518083,20.81726429802248,79.18273570197752,20.45,98.61,7.95,13.46672661870504,104.5950603101666,44.26708633093525,9.914807760463201,5.46448087431694,0.2689995493192978,0.0808083383641194,1.079610426900766e-6,1.290991386214099e-6,0.364791001852859,0.1335759832686973,GG
2610400,261040,13206,10238,455.3793103448276,79.85065372950378,80.40427879225192,353.0344827586207,69.61909708340298,69.58458379824292,599.749175055617,657.6187065318729,-102.34482758620692,-22.47463274269272,-10.231556646100799,-12.813366163238276,0.4374717757540473,0.5757,5.890984091443542,37.63905013580969,84.51935253173909,11.64663964241133,58.42215111344377,41.57784888655627,93.1642485394827,36.40587874779873,42.79262325931501,57.20737674068498,47.27,97.27,8.38,27.63572679509632,88.38647239098876,33.53765323992995,15.22258925511322,16.39344262295082,0.08885648941780816,0.2327123160374126,1.474485703817571e-6,3.28186376038147e-7,0.08545788121049248,0.5590966311650555,PP
2610509,261050,7456,5728,3728,39.4920732909653,38.49160403783135,2864,35.85111693669865,35.593476795918,562.1781062183676,680.610799917421,-864,-23.17596566523605,-3.640956354266649,-9.219461149687474,0.5206000000467249,0.615,0.8101853502400739,15.57870358546784,83.39737224151973,16.37999958834952,51.2889464272226,48.71105357277741,90.98000017742378,17.68000179941387,51.79277244494636,48.20722755505364,26.16,98.85,5.8,24.24873549538828,76.40104460756635,24.53138946742041,16.16161593160004,5.698005698005698,0.2665318438075181,0.1843356632850868,3.166355705152172e-6,1.599717854069871e-6,0.4178276055165735,0.1011213028477085,PP
2610806,261080,22273,9259,2474.777777777778,32.79327555177612,32.39476273043813,1028.777777777778,43.32876664409401,43.14416580607845,547.248882940623,574.43063905495,-1445.9999999999998,-58.429488618506696,10.53549109231789,32.126986142887084,0.3479227123786477,0.4431,0.373717571494946,15.61507130918714,83.75567829068136,23.64813354875761,44.79425753783863,55.20574246216139,96.35505773932826,42.27963999577056,55.27113062568606,44.72886937431394,52.92,99.23,17.98,4.57842248413418,77.47091108671789,45.71622846781505,33.55865102585326,28.84615384615385,0.5063090065403948,0.09128907516154558,1.618342076213565e-6,1.026538798224085e-6,0.4672774094850128,0.08255234234235227,GP
2610905,261090,21222,16587,1929.272727272727,57.87836199812435,56.50559031828644,1507.909090909091,65.5718632421616,65.45496458402572,651.2054900886491,675.1664234621161,-421.36363636363603,-21.840542832909232,7.69350124403725,13.29253451278834,0.3151304446722178,0.5042,6.04041210942384,12.21255408220398,72.05806320213838,7.09780310373805,28.42464846222728,71.57535153777273,93.64553309740626,63.37634667196442,72.34927234927235,27.65072765072765,67.25,98.08,6.25,201.0851011948305,80.69428999661558,24.4940258473543,19.51876444275057,14.97695852534562,0.4004107611702049,0.02861046775102323,1.617165103270801e-6,1.320774983388931e-6,0.3446641429360813,0.05848592271870904,GP
2611002,261100,4864,4533,540.4444444444445,54.24742652312751,55.11670452251626,503.6666666666666,64.43011122859045,64.875794578421,761.4558005886906,700.2490289273975,-36.777777777777885,-6.805098684210546,10.18268470546294,18.77081616235144,0.4416999315519665,0.6126,7.543000588376243,11.46891147362116,70.62659462552325,2.580008048203945,27.30215300272011,72.69784699727987,93.61000192132065,70.42992850377055,72.5389056592714,27.46109434072858,60.41,98.46,3.85,176.5005793742758,74.89815656047595,9.038238702201621,18.54718033852559,17.33102253032929,0.05677810219406187,0.124601539564787,1.041100968863114e-5,1.625460876048486e-5,0.03560045814384719,0.3012346458325531,GP
2611101,261110,29103,19471,786.5675675675674,72.4466827977608,72.25393689853914,526.2432432432431,57.618126249941,57.61257465934464,1138.055948265961,1162.106911607746,-260.32432432432427,-33.09624437343229,-14.828556547819801,-20.46823398279614,0.4804999942158899,0.6588,0.08903788219343634,3.173938831362637,62.36316325629263,14.92999987620482,25.42743710893345,74.57256289106654,97.33999983981136,73.91999986127591,90.3522658265297,9.647734173470287,80.87,96.2,11.93,60.58068671654363,59.10456902323698,6.971213397413665,19.61883402078684,16.65850073493386,0.05507076620738197,0.2273269982810298,3.09875469139179e-5,4.52227078116709e-5,0.03201791818542575,0.6190130849182311,PP
2611200,261120,4267,3552,1422.333333333333,59.88726242110204,58.99972164194163,1184,67.97110098718987,67.42394678982214,496.9832018758753,517.3725161010619,-238.33333333333303,-16.756503398172,8.083838566087834,13.498427276982012,0.424239463576337,0.5918,0.04726156420339102,26.11183411368041,84.25755673426211,8.607285847349383,37.76622619716835,62.23377380283164,93.32232583552324,46.8996226538911,64.35445450214388,35.64554549785613,66.65,98.25,6.87,87.2794800371402,94.9785612196284,48.79294336118848,8.855530173215278,6.711409395973154,0.6197538798598567,0.03077426186112777,1.257296854127226e-6,1.222737882737751e-6,0.527940342241322,0.2024043486206677,GP
2611533,261153,6860,5306,2286.666666666667,74.8461483022508,74.43670318854167,1768.666666666667,73.37783938098393,72.77019584361493,479.6555148929496,566.0297272932955,-518,-22.653061224489793,-1.4683089212668676,-1.9617695159641397,0.573199863937606,0.7453,1.445472156343414E-07,40.69659713146098,83.52870949849245,7.879998512847342,62.97669346872633,37.02330653127365,89.8900021255708,28.99001822044996,51.53411692871317,48.46588307128683,45.89,99.73,13.84,1.135135135135135,94.48939093268204,55.72972972972973,22.47189974570965,12.34567901234568,0.3014483206371752,0.06850075270000296,9.771163468122457e-7,5.891807832796662e-7,0.3494440835052242,0.1055364972530806,PP
2611705,261170,15734,13523,3933.5,26.35864872932303,28.64819912091433,3380.75,29.85521296559993,30.08195911125777,554.0680117420022,584.7711660823948,-552.75,-14.052370662260074,3.4965642362768996,13.265339479967727,0.5077000042367714,0.5542,0.4752851257913038,6.939162960078755,87.39170837451945,12.04999848852511,54.27407797514203,45.72592202485796,77.51000244495216,50.67000439205926,51.10475821300514,48.89524178699487,53.08,98.08,26.82,109.6500530222694,89.91181316018995,28.37448871383124,14.81481519385311,15.32567049808429,0.2367293653524127,0.08801475540719084,1.769617279003744e-6,1.680476929909409e-6,0.265531467372874,0.1253451777631695,GP
2612109,261210,6878,4481,6878,31.140781634091,28.9252373355199,4481,25.7067744055677,25.595479559934,541.9800523781893,633.9008471988556,-2397,-34.85024716487351,-5.434007228523299,-17.449810002760124,0.6013999938496546,0.6902,0.06716459921307938,20.21490073621414,56.46478713419447,20.09999338584561,67.11767703273308,32.88232296726692,99.76999727382079,13.08001359729465,35.8477387812118,64.1522612187882,12.23,100,6.66,2.708933717579251,85.6294744194168,40.51873198847262,10.41667048303724,0,0.2932572754497416,0.1200079624211771,2.115305951314896e-6,1.759649619635664e-6,0.3054735465531289,0.03382028551123927,PP
2612208,261220,9313,8676,582.0625,83.67515130127686,81.9078226387265,542.25,78.71191419451792,78.5710238258959,918.9434327648288,873.6236659969908,-39.8125,-6.839901213357671,-4.963237106758939,-5.931554385708295,0.4395792746228407,0.6789,7.173445110531788,20.12267763539155,71.21879029121487,1.102098645881717,19.28332881030901,80.716671189691,96.16014205846949,64.15618736548524,80.3667118600297,19.6332881399703,69.10000000000001,98.91,1.83,32.34438627108784,70.18045064239138,20.78243164630599,16.90225121223188,10.68376068376068,0.1176099332001559,0.1138412953192199,2.074251459807577e-6,7.995833497503535e-7,0.09750146785247052,0.3108367318120593,PP
2612307,261230,3881,2457,3881,52.8903781574139,51.6074387116088,2457,64.3121267254582,64.0587183319872,631.3770710665834,598.7915664981183,-1424,-36.69157433651121,11.4217485680443,21.59513500555915,0.3775000012380452,0.5906,4.78765808349124E-09,6.402997598324598e-9,82.8401597534768,15.13000000623089,49.91181725187156,50.08818274812843,92.80000010238581,38.01999924110564,58.56914816427224,41.43085183572776,56.48,95.64,18.86,28.53717026378897,85.18357277608474,54.12812607057212,8.097166048903192,22.22222222222222,0.5895025953721864,0.06060307165393758,1.863682600819893e-6,1.236175621307392e-6,0.5610226644770536,0.1577568125067286,GP
2612406,261240,3241,2741,3241,39.3514467479791,38.4936620908505,2741,45.0105925786569,44.5227599518018,596.0793416946714,684.6646121425974,-500,-15.4273372415921,5.659145830677801,14.381036272747528,0.2845802209241116,0.5305,0.01628310496911666,13.07565548910937,64.38388610920788,15.41740407664309,43.02578030672674,56.97421969327326,96.97100837992187,52.23026050314515,76.30759316936955,23.69240683063044,59.61,98.32,12.87,1.225836869401226,82.16088497476105,92.83356907119284,16.08646628660063,19.9203187250996,0.7916167296580278,0.06396977063325435,1.94403458339248e-6,1.747410870762853e-6,0.6465285839160159,0.1003523095820644,GP
2612455,261245,10139,8838,724.2142857142857,72.84193101329959,73.1213372009432,631.2857142857142,62.67344322828701,62.56529523684503,500.7076047143399,545.7388749351571,-92.92857142857144,-12.831640201203278,-10.168487785012573,-13.959662578352013,0.2678821480428928,0.462,0.0443300939363431,45.72607074409126,90.98844834912369,12.91791273155937,67.27076159039228,32.72923840960773,95.20043850348856,27.66710067139285,38.09179616913625,61.90820383086375,39.72,97.38,11.77,58.73015873015873,80.6866642573184,42.96853244221665,14.29636365878364,14.77832512315271,0.1121931697585764,0.386743862037147,4.344815020759139e-7,4.012390490608146e-7,0.0577091254900929,0.8402208249192626,PP
2612471,261247,5240,3874,5240,85.32880137491,85.6061540798044,3874,90.8581972199013,90.6518529887449,551.0566261571166,627.5246397114448,-1366,-26.068702290076335,5.529395844991299,6.4801049070134455,0.211200004187722,0.5706,5.47235090807931,23.67511505592699,92.93847626153186,6.960000288692358,55.15805592458261,44.8419440754174,89.24000029696886,45.66999758704353,54.932134520619,45.067865479381,55.6,98.86,5.22,24.58620689655172,84.84481715224345,52.20689655172414,31.24999898921445,13.79310344827586,0.4653648741769381,0.1131968632466951,2.941363908404539e-6,2.465144072206561e-6,0.3773229922607714,0.2177572913113829,GP
2612505,261250,2042,2879,510.5,54.5772025932111,57.00464096850847,719.75,53.4150283236354,53.52071178004918,816.1878976013153,771.531157480619,209.25,40.989226248775715,-1.1621742695757007,-2.1294134077151554,0.4593999949123033,0.5728,0,38.38709506832968,57.73218303178238,0.4800002793520807,2.26987476594239,97.7301252340576,94.26999990865717,87.59999706360722,98.00254296378328,1.997457036216726,90.58,96.1,0.29,24.95500899820036,71.30655018251917,27.47450509898021,34.28571261878153,18.45018450184502,0.2335766742383138,0.2876981003805529,4.853569572829352e-6,5.844455724143865e-6,0.1325690422463694,0.4014386575801642,PG
2612554,261255,9796,5372,1088.444444444444,61.30071386757852,62.18976834131518,596.8888888888889,52.42246374205957,52.43229246203636,476.745776692924,523.9338374803644,-491.555555555555,-45.16129032258062,-8.878250125518953,-14.483110498024054,0.5809302735048254,0.5925,0.0681530630516464,32.48847367038127,101.9909618069997,8.592327810016183,83.34335028798216,16.65664971201782,90.90206458254964,9.159913137183514,36.66776804890137,63.33223195109863,14.11,91.56,9.44,5.160427807486631,104.8405749215265,72.80748663101603,18.44801978077382,18.63354037267081,0.08236062525854765,0.1115546430239925,2.801767523575701e-7,3.264825250644231e-7,0.05159983399793233,0.3776240103692525,PP
2612604,261260,19676,17367,655.8666666666666,79.33080825859223,79.16003160249673,578.9,68.48412337022248,68.52270922257738,610.337590286181,577.6821869869752,-76.96666666666658,-11.735108761943474,-10.84668488836975,-13.672727060857795,0.4759730549264946,0.511,0.1334774989386017,19.1090672183916,88.04146267078387,43.67602047489761,62.27781228595514,37.72218771404486,94.21012834023396,41.31823272707474,36.7807864142374,63.21921358576259,41.46,98.81,34.99,34.1481974697993,97.46994791795225,14.49633786740226,26.24845557348857,16.86340640809443,0.04330376940663116,0.1576125745448852,1.165066958269346e-5,1.553254546382113e-5,0.0355985253963096,0.3721664018705094,PP
2612802,261280,9352,6877,2338,84.4215513904691,83.39365043650588,1719.25,83.58855515388956,83.1385886004007,512.5449348198201,605.3392079189026,-618.75,-26.46492728828058,-0.8329962365795467,-0.9867104108603114,0.5733279081197361,0.6761,54.24349177461664,37.20732707478219,77.9094098990533,5.940351201848051,37.36025591327658,62.63974408672343,60.97672918330216,52.752230939189,65.93374377015539,34.06625622984462,90.72999999999999,97.62,8.37,80.802163136548,74.8851754128799,31.81613339342046,31.77360935915205,15.625,0.2701050646252607,0.05641993582413818,1.007978160246745e-6,9.223949890180853e-7,0.2588563051708398,0.07669816449506364,PP
2613008,261300,24168,16166,3021,44.36271717349118,42.04359153533493,2020.75,41.6996245102895,41.52148652773553,594.9168902412772,638.1712847391758,-1000.25,-33.109897384971866,-2.663092663201674,-6.002997185197208,0.4019000034838258,0.5437,3.581582426080679E-07,7.346508285438996,65.15157272416283,41.75999866683109,47.5996383690889,52.4003616309111,92.29000007484707,48.05000087454362,60.41620230593099,39.58379769406902,55.18,97.79,63.79,42.76148929694633,77.67015865939901,30.05985593994116,11.15241672615261,13.38688085676037,0.8477396077977062,0.05183732250803761,1.969328254649311e-6,2.701548479074213e-6,0.7799662438160442,0.142619208877595,PP
2613107,261310,7412,5713,3706,38.57252087998115,41.77071586349095,2856.5,44.43839932587895,44.66740071435405,612.0819020437707,623.9837838523715,-849.5,-22.922288181327577,5.865878445897799,15.207402347773819,0.4105001588570931,0.5477,2.133484574227583E-07,27.61612192162393,72.77029256266258,7.129992979077371,23.23239429560314,76.76760570439686,92.84000170614125,51.33003810951123,79.38611883486759,20.61388116513242,74.19,97.88,8.55,49.3075317776513,71.04176227627352,33.69379624359704,24.05497471119352,19.8019801980198,0.5213986637567769,0.1493325913919573,1.785709474497566e-6,1.625326127084749e-6,0.503174603948159,0.2963364317417025,GP
2613503,261350,16417,12727,1026.0625,81.29323521025086,80.98068529579459,795.4375,79.91584213864348,79.42816522042435,612.3610418853373,705.8964740065289,-230.625,-22.476700980690747,-1.3773930716073721,-1.69435140334246,0.442499957003468,0.6132,0.04802404438862622,9.579832659755244,81.98791621057391,9.419998732726649,50.43075000737642,49.56924999262358,98.05999981109039,35.96000888807714,56.78501666092151,43.21498333907848,60.54,97.55,6.8,18.31835528745537,78.07078019073883,16.73027206697033,21.5264176410836,10.08064516129032,0.1507522436759817,0.03736037719964323,1.351671587142841e-6,9.907104588490831e-7,0.131088877456195,0.06488899434081655,PP
2613602,261360,5947,4852,1189.4,78.15503131306843,77.2099776837772,970.4,77.22946501503338,76.93791879387923,641.772463523752,692.556582247388,-219.0000000000001,-18.41264503110813,-0.9255662980350507,-1.1842696272841045,0.3326066279723787,0.6431,0.03421515490229169,19.29590861984904,75.74105202856764,13.21099706666911,34.13970465253973,65.86029534746027,97.5651046249767,64.5338949557507,66.61929065185089,33.3807093481491,71.27,98.84,16.67,2.30607966457023,70.62471735900252,38.86469924205773,20.56969474831497,19.75308641975309,0.272748903912813,0.07477533674249379,1.154168765056687e-6,9.4174876102005e-7,0.2814055820333982,0.126446561089897,PP
2613909,261390,18720,17887,645.5172413793103,82.74937320174544,82.58940861600449,616.7931034482758,81.65021643340155,81.34157182888886,821.2057591961881,885.3869721628578,-28.724137931034534,-4.4497863247863325,-1.0991567683438888,-1.328296186200845,0.274000016826467,0.5679,19.21890410171768,12.29188935777342,65.16433835692965,4.010001511429905,22.66383556056,77.33616443944001,97.51000063314181,71.83999104614078,80.11159478500635,19.88840521499365,79.24000000000001,98.75,3.45,41.09493505361346,57.6862536501699,42.5333449568477,16.41790870329368,19.59412176347096,0.1569863103608427,0.1974466683254715,2.286998115736783e-6,3.950568098337859e-6,0.1229995614179259,0.3019962915866444,PP
2614006,261400,15122,11741,945.125,77.7956530270726,77.34776489619742,733.8125,72.84712137352525,72.63791199354243,558.4588939466809,578.3093190779122,-211.3125,-22.358153683375214,-4.948531653547349,-6.360935940502071,0.4106849692425549,0.4899,0.07046927237075261,17.6501989717338,93.14868910604186,12.0964390360465,65.28834947877606,34.71165052122393,98.44794968907524,35.75972201696823,35.88729609490855,64.11270390509145,33.03,99.3,14.18,55.40201005025126,84.07755258966331,15.50610193826274,15.09474503097319,24.27184466019417,0.1514613330028937,0.1135106200169436,7.766251790503121e-7,2.971881582712008e-7,0.1763605014513849,0.184331276664593,PP
2614105,261410,14156,11514,589.8333333333334,77.70159827315767,77.4846287804214,479.75,76.35199586552423,76.40902520241093,681.5407888163593,731.2477925020503,-110.08333333333337,-18.663464255439393,-1.3496024076334407,-1.7369043077968014,0.4821999995645726,0.3984,0.04921260934739281,14.86220541739194,74.14094216128545,6.570000118005075,45.07650852691527,54.92349147308472,98.3699999477138,59.14999952712554,57.21488815548221,42.78511184451779,62.26,98.99,4.97,3.453392688520168,79.70908201931304,30.39255362201538,18.10865213692107,34.48275862068965,0.1070368253452761,0.5946490105143059,4.463901679387649e-7,3.942173693166986e-7,0.1010110461458896,0.5920722033708246,PP
2614303,261430,3584,3143,896,74.4627185438697,73.94456539995095,785.75,63.50211817737249,63.297272819646,475.0586671873668,569.8471024224557,-110.25,-12.3046875,-10.96060036649721,-14.719581262722464,0.4037136481669982,0.6185,0.1463295763384928,45.25732901779167,97.88241768678722,9.770549820597047,38.66249400846719,61.33750599153282,89.59875635200197,12.55325891626832,63.71664609248884,36.28335390751116,36.33,98.22,13.32,9.472049689440993,104.8713322571456,59.88612836438924,39.89384402141397,16.12903225806452,0.2993358573199748,0.1528619219768187,8.632896555200184e-7,6.415524962510112e-7,0.350078720768258,0.1188349411046224,PP
2614402,261440,1754,1246,1754,93.606717335855,93.0790053726907,1246,93.5191155572299,92.9634216559881,504.0653267264321,581.1557569384827,-508,-28.96237172177879,-0.08760177862509977,-0.09358492757607353,0.51839998634339,0.4723,2.316602064471773,33.8803067344049,87.23885829202226,7.600000063881414,68.12325783004523,31.87674216995476,79.76000176303518,36.88999888350605,36.85527328714396,63.14472671285605,34.8,99.36,12.5,77.66360194699837,86.95150115473442,28.44780962682531,28.84615157539338,26.66666666666667,0.3056236824866781,0.128500874948261,1.121869096042236e-6,6.65575642463307e-7,0.3059015797668258,0.1736498522745378,PP
2614600,261460,6699,6781,1674.75,73.49292264807818,72.1310533556489,1695.25,69.12378685351538,68.46183568388463,580.8926699046704,645.1855465110141,20.5,1.2240632930288102,-4.369135794562794,-5.94497488620021,0.4641212598477687,0.5788,0.06072254186884515,26.39464707651412,92.28748350990372,3.420278632867833,25.2508127417489,74.74918725825111,92.73471471788692,72.06002200387535,75.65670453723135,24.34329546276865,74.34,97.84,6.74,6.460481099656358,80.97546855778276,35.07445589919816,28.30333242665391,13.55013550135501,0.333861858085827,0.1111889220467094,2.042918670024132e-6,1.423303266495449e-6,0.4634090258025477,0.2460491801011722,PG
2614709,261470,484,700,484,73.7712702580005,77.109011816322493,700,76.5891948510233,76.702369389463,492.9564425129121,535.5674725559375,216,44.62809917355372,2.817924593022795,3.819813029066273,0.4690999998743532,0.4347,4.89825937086667E-11,36.53618023466142,84.16502941082568,12.74999997729046,44.32220028728038,55.6777997127196,78.31000007196474,54.46000003836968,59.52435573908389,40.47564426091611,58.15,91.7,12.43,138.5115372115697,80.18658713772273,58.07604809879753,25.64102562446616,38.16793893129771,0.397378311914777,0.06293606470051218,1.191809826033278e-6,1.038060392011323e-6,0.3629315104036901,0.07350936488176475,GG
2614808,261480,8726,7544,671.2307692307692,63.7969136855718,64.4736128513046,580.3076923076923,65.37041403011185,65.43422245677534,500.3479124471249,546.1724986367457,-90.9230769230769,-13.545725418290166,1.5735003445400437,2.466420793167466,0.3943966933669922,0.4842,2.557123726726819,17.46169999786094,55.4200491822882,7.770178691264976,58.34694695032768,41.65305304967232,94.68994896733908,22.15007691969189,47.90654831686484,52.09345168313515,56.89,93,5.05,89.31199411331862,73.21219226260258,38.61295069904342,45.45410495181081,28.46975088967971,0.05866749705036331,0.1851467849661654,7.162067670928757e-7,1.63010842129211e-6,0.03999979487883033,0.2209512479021104,GP
2615003,261500,4599,3137,2299.5,64.0813224049036,65.34363540445075,1568.5,57.6930777600416,57.7206567124236,678.4945979510551,678.6968809104251,-731,-31.789519460752334,-6.388244644862006,-9.968965066758933,0.3844000166152811,0.5674,1.475032468772099E-13,11.59921695596993,63.59876256735293,3.46999957437691,27.87615436296947,72.12384563703053,92.6499998960864,44.16000893068072,70.66834191221173,29.33165808778827,68.67999999999999,98.99,2.86,26.04966946578524,74.53491671057432,15.90137573700197,10.33592337743369,5.847953216374268,0.1937718589497857,0.2570237851975337,1.127246301502854e-6,1.04412376957758e-6,0.1819446924627501,0.2179280153733833,PP
2615201,261520,4486,2168,1121.5,82.43127250800501,82.71124323293547,542,77.14493908514483,77.06981599130225,549.2291454936499,636.6788943975534,-579.5,-51.67186803388319,-5.2863334228601815,-6.4130193093244054,0.3394443937685003,0.6185,4.738291812655524,27.5389461846589,89.70463294396548,9.022696005246322,46.1900249901656,53.80997500983441,98.18925880950447,47.28933329192251,68.06458847275174,31.93541152724826,65.50999999999999,98.77,5.08,86.98039215686273,84.64902444494281,44.70588235294118,25.52977910101506,8.403361344537815,0.1594058303817022,0.2744908696462184,4.989275205865641e-6,6.046415413065234e-7,0.1442305565932247,0.6950064341739283,PP
2615607,261560,5925,5839,1975,70.76923153696256,71.1694813482489,1946.333333333333,65.817330752448,65.54073632243254,683.3026906410796,630.4525403084343,-28.66666666666697,-1.4514767932489605,-4.951900784514564,-6.9972510326443205,0.3488900605709436,0.4286,0.1700389519783819,48.20430266665876,80.5432644827047,2.821553812628164,20.33478447352957,79.66521552647043,93.14735084058488,42.46762740140392,79.5892762810354,20.41072371896461,47.96,95.82,2.14,92.29525862068965,87.52311146328579,28.23275862068966,34.88107647977148,30.13182674199623,0.1972612258558433,0.04109954912676744,2.478485328362015e-6,2.115241004504385e-6,0.1458273174750244,0.07779648999907728,PP
2615706,261570,6831,5706,3415.5,93.28422413636926,93.96600674967556,2853,93.36187015834216,92.43623133482384,750.5666875284026,807.2149039323274,-562.5,-16.469038208168644,0.07764602197289605,0.08323596266329855,0.2262000078810263,0.6118,22.57383934524935,25.31645538830726,76.11622055727243,9.220000132037212,47.06117672149996,52.93882327850005,91.45000004873485,21.77000007524003,58.4702433703729,41.52975662962711,34.11,96.97,6.05,61.40402843601895,72.08398663848932,52.81398104265402,18.86792468403139,5.235602094240838,0.2514673750964203,0.04526413492572169,5.891029588845531e-6,1.211399294081944e-6,0.1902602130117433,0.08298423247934877,GP
2615805,261580,20957,11768,2619.625,50.61670250872663,50.3803125890372,1471,55.7034664898177,55.73135285542146,475.9303397837606,518.6684307088614,-1148.625,-43.846924655246454,5.086763981091067,10.049575987716857,0.3967996817420292,0.5614,0.02686967874016383,13.04353933754878,76.41764588897665,18.57004708142364,65.0603335055019,34.93966649449809,92.02003020788347,32.73000086086294,39.26806613412595,60.73193386587404,35.74,95.82,9.69,3.230739820302046,71.71094185398476,21.46817052188874,31.2499526598633,11.01928374655648,0.4443195336880335,0.07573676580029803,7.068750099162965e-7,8.154254137669567e-7,0.3407780148524558,0.1300377691505379,GP
2615904,261590,1266,1072,633,74.8972753675628,74.7493109752157,536,70.35837269036045,68.86287051048735,641.7958648632332,686.7070691083876,-97,-15.323854660347552,-4.538902677202344,-6.0601706202627685,0.4513420800170275,0.6335,0.001887695071568059,63.92242853189371,99.22961550698304,8.539001729086593,20.74592770479368,79.25407229520633,97.7951347230414,60.8914761113908,81.0228127350213,18.97718726497869,66.27,97.93,9.87,1.552106430155211,93.40686888944599,53.2150776053215,23.60863266429849,17.0940170940171,0.3594010604060947,0.2646624810645938,1.455296898580638e-6,9.751635025879077e-7,0.3242000248356913,0.1164547957398235,PP
2616001,261600,6283,4695,2094.333333333333,34.9971026993919,34.73885238770553,1565,45.54018217205357,45.5005027468992,544.6699931028925,634.8677470739201,-529.333333333333,-25.274550374025136,10.543079472661667,30.1255780034753,0.4827190680229441,0.5958,0.02186888385605238,30.71076586212141,88.96576330914178,15.51935080633706,35.92376703580426,64.07623296419573,92.26532440710761,56.22795575582708,65.32389133967959,34.67610866032041,67.95,94.99,14.66,1.952638138761944,85.89505456234038,68.79933527212297,33.86274589490644,8.298755186721992,0.455736603561915,0.1036340710156104,1.373966808842851e-6,1.912468947217214e-6,0.79174504822041,0.2535635454898039,GP
2616100,261610,6360,5646,1060,87.09251310351628,86.66203589490468,941,82.1915931680599,82.31705004219756,576.9551729794541,651.8478607250461,-119,-11.226415094339623,-4.900919935456386,-5.627257453957332,0.3726000005526646,0.4602,0.9982384884741601,9.042865604610128,74.1303873565297,8.54999999368327,70.55348899150366,29.44651100849634,92.57000001650351,41.30000006896994,30.12876473155827,69.87123526844174,44.93000000000001,96.29,6.69,50.9730069052103,76.44041903099084,14.40677966101695,12.42236031019539,22.22222222222222,0.1158146694967453,0.1828652650532845,1.708704048628581e-6,4.055072135676168e-7,0.08111093857337284,0.3716839677662098,PP
2616183,261618,5287,4696,5287,47.577179910783,48.5163855383795,4696,43.6874712934185,43.8223951557111,508.5780911567501,545.253220404555,-591,-11.178362020049178,-3.889708617364505,-8.175576241926295,0.4153001092568597,0.5987,2.012779981710831E-08,20.3312354422909,92.4552293069914,14.2100047485113,76.97193599418925,23.02806400581075,98.209997111297,15.70999770274022,25.80132450331126,74.19867549668874,11.67,100,4.3,14.22366992399566,90.13245033112582,20.08686210640608,22.55638297456331,32.25806451612903,0.4140000017251736,0.1811249249055887,2.656522091117715e-6,1.706049141638005e-6,0.5291434243442379,0.1940623805663464,PP
2616209,261620,2878,2513,1439,46.56735581045035,47.5254868795355,1256.5,31.7136201287052,31.89543793723405,659.2889084724403,597.2698857899752,-182.5,-12.682418346073662,-14.85373568174515,-31.89731395144357,0.3593000028468613,0.588,8.525225563331637E-09,37.19839101295962,75.35396787068076,5.960000112817968,28.9814517446216,71.0185482553784,83.6199998809792,39.8099995075293,74.68285114538651,25.31714885461349,52.38,93.68,2.56,38.28814113034956,63.22898603632381,39.66024175106174,38.70967715469367,10.30927835051546,0.3472867138838777,0.09470131390053475,2.165222595867956e-6,1.919839544394798e-6,0.3472381855279726,0.2807044352939415,PP
2700102,270010,15566,11200,3113.2,39.14724442454422,39.9166845999222,2240,42.04692403740234,42.19050039566694,535.0758753640888,627.5987134343751,-873.1999999999998,-28.048310420146468,2.8996796128581224,7.407110399423426,0.2907646769931975,0.5445,0.05437107010292489,17.38687464433142,89.07666368252411,12.90189086587518,73.46848744337952,26.53151255662048,93.7648791569284,29.06378343625953,32.17386728411304,67.82613271588697,31.93,96.26,17.38,43.4737747205503,80.1978634952376,26.50042992261393,27.38341696741727,34.61538461538462,0.2444101813925912,0.1089989198840857,6.039251091435843e-7,6.071072114340583e-7,0.2167560695857212,0.02714077137669815,GP
2700300,270030,9861,4975,9861,11.8190457756669,11.1858056028005,4975,20.0521845496275,19.9257075243538,882.5106508893151,972.4723623653417,-4886,-49.54872730960349,8.2331387739606,69.65992796906684,0.4251405558441381,0.7407,0.07650753480699131,0.01224727247606653,61.37234653487402,9.138721941686436,15.56167495063511,84.43832504936488,93.561277643113,19.13038938786906,92.18807437486643,7.811925625133576,43.11,99.29,22.07,18.60162985709224,44.5039538362898,10.06259596078895,18.44100843204768,13.61285053090117,0.9436091669486818,0.08600684884395005,2.51080489972065e-5,2.589377597650828e-5,0.7936783928133012,0.05357329151489783,GP
2700706,270070,2861,3117,1430.5,24.46994599393255,23.01694634639235,1558.5,25.72299092411125,25.333437342465,619.6115926051327,692.771780680819,128,8.94792030758476,1.2530449301786994,5.120750697567532,0.1489863509681354,0.6219,0.6524196545370806,31.06708602646446,73.5772876702509,13.00826196315956,29.9913341142719,70.00866588572806,95.09645703590724,20.9844130402368,74.19374467567239,25.80625532432762,51.88,98.23,15.57,30.56640625,86.57052452233175,48.53515625,28.56187176879308,22.98850574712644,0.495527362511008,0.05166868607200004,1.464739140684189e-6,1.663114747052631e-6,0.5162397039297725,0.01214681656305347,GG
2700904,270090,3905,3261,1301.666666666667,44.64881479362257,43.0303877388596,1087,40.43156063095373,40.22050915684663,504.0814060710144,561.0958835231273,-214.66666666666697,-16.491677336747777,-4.217254162668837,-9.445388824231927,0.3680595305776962,0.5917,9.649084532468777,22.18931368284014,90.17916268459769,24.55826556776457,83.08531241929695,16.91468758070306,87.98476576225127,35.54738780072337,19.64616680707666,80.35383319292335,1.84,100,51.63,58.1946755407654,96.6301600673968,29.03494176372712,10.80889412844528,8.403361344537815,0.3375202186503661,0.01377756779654696,8.39460393589581e-7,5.913539843371347e-7,0.3446414149117801,0.008616035372794501,PP
2701605,270160,7271,5208,1454.2,36.30211189065278,36.75155482683946,1041.6,33.988724176853,34.17011352952976,481.906350389594,532.7688465157682,-412.60000000000014,-28.372988584788892,-2.3133877137997843,-6.372598158388258,0.4113798560278936,0.5822,1.189357787406116,17.63268213500078,97.32320345995944,17.31349971144507,67.74636441355415,32.25363558644585,87.20900324748531,7.782344688106972,35.11096815696365,64.88903184303635,6.14,95.85,13.6,103.1285988483685,102.4959794146028,63.93474088291746,17.72103257929837,40.16064257028113,0.4283771570592863,0.03301116192253105,6.42919693935188e-7,5.042194605189962e-7,0.3309540894463004,0.02794886399457388,PP
2702405,270240,16140,10495,2017.5,42.53158069243143,43.42125208613745,1311.875,46.07963297018426,46.28555763217249,733.7458033676877,825.7021930279362,-705.625,-34.97521685254028,3.5480522777528236,8.342159449493975,0.2600510509010806,0.6526,0.04055897005552899,10.02575258688872,61.22832724761038,3.102010116502526,28.95639688466999,71.04360311533003,95.84808501866155,72.12681664671005,79.88592190338522,20.11407809661477,74.85000000000001,99.25,6.69,9.451491870644988,65.56169788838318,15.27604073610863,24.58992823986668,12.71186440677966,0.1939126016340962,0.09415958679664332,3.543770464917793e-6,3.047321257616052e-6,0.1387323706219001,0.1020374976499822,GP
2702504,270250,2757,1842,2757,24.2358144368957,23.8219354811042,1842,29.0219893822807,28.9702376909474,487.5023234368965,558.362488558292,-915,-33.18824809575626,4.7861749453849995,19.748356127445444,0.4519570655540072,0.5109,1.041366268711779E-08,50.64529455994506,83.5604934435937,13.60351522622706,53.28258510303941,46.7174148969606,91.83233631698792,1.052467053995729,56.99133095359511,43.0086690464049,0.5800000000000001,99.45,23.77,91.19363395225464,83.79398266190718,91.9893899204244,31.17813462857885,30.8641975308642,0.6852220835317021,0.05148581711845209,1.965470207186894e-6,2.231059392534354e-6,0.8464442156932632,0.128659520785376,GP
2702553,270255,2628,2148,2628,23.7854494314796,22.2974254548471,2148,23.5487508755605,23.5755161654612,462.2299213971547,521.0349654388347,-480,-18.2648401826484,-0.23669855591909794,-0.9951401448224553,0.3283252974381074,0.4748,1.383495204144706,24.64650047954206,92.19053212660022,21.89339574581993,76.6391098184123,23.36089018158769,98.36463076408775,6.348650418477703,27.32399844418514,72.67600155581486,2.15,99.73,22.68,13.95225464190981,87.45624270711785,29.70822281167109,11.69588233184099,35.24229074889868,0.511386400597001,0.03008096279805087,1.086513589896421e-6,1.204424861651152e-6,0.4856744960485685,0.01338473020606291,PP
2702900,270290,2769,901,2769,28.9332558753877,25.7997460800755,901,22.8491411750695,19.9127145910154,461.9524881175507,560.9558195098733,-1868,-67.46117732033225,-6.0841147003181995,-21.02810249396681,0.3153079636876693,0.5643,0.0185340994972852,6.10172674898108,81.58972163677868,27.04090717500943,68.98000014848435,31.01999985151566,96.92331442376275,2.770830778171052,34.73803455111867,65.26196544888133,9.02,98.38,41.35,68.88598781549173,75.68111016709148,48.04177545691906,19.40776885543693,7.692307692307693,0.5259142359719747,0.02821476681863777,1.08821628669596e-6,1.31856043741127e-6,0.595221552907071,0.07090413482905548,PP
2703106,270310,20678,16209,6892.666666666667,22.87438658095643,19.17972209009357,5403,24.84106103808497,24.57800877966947,527.8359759346586,548.4797908864714,-1489.666666666667,-21.6123416191121,1.9666744571285406,8.597714523045843,0.2920129815773148,0.5301,35.02654557325531,10.32487559604584,88.21780253896142,26.70961708819277,75.13725200105034,24.86274799894968,97.17228198169222,6.101761251816813,25.22721587592762,74.77278412407237,8.18,99.29,37.6,80.11460619361131,85.31643458684232,56.49841502072665,25.79575620220205,24.73498233215548,0.6668080735394024,0.05795174494327346,1.254684903260443e-6,1.09550997321775e-6,0.5439546367639531,0.01717751484517747,GP
2703304,270330,9250,5721,3083.333333333333,25.31144804014887,26.334673676182,1907,29.64736783624847,29.79589780540767,482.867021401794,543.0601772057987,-1176.333333333333,-38.15135135135135,4.335919796099599,17.130271603671147,0.327720295640652,0.4631,0.0004355541745283279,22.27908591636742,87.61139420385261,16.61664190863274,62.94332113621652,37.05667886378347,80.21219983154855,13.83738737805745,43.37333509165238,56.62666490834762,28.27,96.19,22,92.14322514167954,93.99973625214295,63.29211746522411,28.42746194541063,41.98473282442748,0.5780282295724577,0.0282618400952984,9.675664938427679e-7,9.290731318397041e-7,0.4499801257639739,0.007238979328578725,GP
2703700,270370,1653,1221,1653,27.1555650442862,26.6120455982965,1221,24.2600899142203,24.206226213006,490.0059028073562,650.0182172636349,-432,-26.13430127041742,-2.8954751300659005,-10.662547898907142,0.1845457813811943,0.5548,22.03982299480906,30.30075736921484,99.73720005057956,21.60762012971318,46.69771316767423,53.30228683232576,99.11838020729125,2.843549085299026,50.8930363234999,49.1069636765001,32.22,100,40.59,70.39055404178019,88.90226771021473,35.24069028156222,48.32168001664129,21.05263157894737,0.5837823585514053,0.03772081052974215,1.223599901591659e-6,1.090414620840501e-6,0.5759376634618876,0.009094231224725842,PP
2704401,270440,3261,2249,1630.5,26.1608282062877,24.3250680562929,1124.5,26.36213018088215,25.70354884253415,584.2811593316318,631.2428043472039,-506,-31.03342532965348,0.20130197459445043,0.7694785998635468,0.3098879072130463,0.4764,0.00627887972066169,16.84430434090224,81.72714723593523,23.70758521816536,50.58936167162191,49.41063832837808,99.25699984821951,23.88799188542245,55.87536756389957,44.12463243610043,5.51,99.23,32.85,12.99052774018944,76.30061072155621,31.90798376184032,30.33784501427162,22.12389380530973,0.6130068281199249,0.02351060927721238,1.244446665536553e-6,1.523296562193876e-6,0.7081086989764629,0.0151582901921567,GP
2704609,270460,3434,2093,1717,30.93953159002325,30.16589878473585,1046.5,25.8743724461083,25.95596680771085,547.0489631945156,591.9322438915941,-670.5,-39.050669772859635,-5.065159143914951,-16.371156522448,0.4404243888954128,0.5376,0.01475565730723276,52.55259130136871,94.1772370824425,12.41839146077809,50.58485976363146,49.41514023636854,93.16171255071873,12.40145897069534,53.61376271897619,46.38623728102381,0.59,99.89,24.38,97.0404984423676,96.42295185146334,61.25389408099689,27.53194984153657,16.21621621621622,0.3511391213958248,0.01921716980125765,8.279509722441788e-7,6.932205832864945e-7,0.3382476779743662,0.04334656274767615,PP
2705002,270500,18001,13173,2250.125,43.37193545264891,44.3094462507307,1646.625,44.40121876944785,44.60101764242979,517.1337246558452,547.8328359891726,-603.5,-26.82073218154547,1.0292833167989386,2.373155142967169,0.1614391607051013,0.5808,0.2882379200670014,10.84341845502832,80.7890270685908,19.45647542940258,76.62567745137588,23.37432254862414,92.7172823249023,21.46118668154648,26.47435897435897,73.52564102564104,12.28,93.63,48.35,22.30769230769231,71.79029304029304,12.05548549810845,26.29384814602625,13.79310344827586,0.2733364825644602,0.1036125597440273,7.791418227496049e-7,7.76452355983967e-7,0.1994206214595341,0.05027322243429003,GP
2705309,270530,2586,1557,2586,41.0710707028814,40.331743337731,1557,47.5907255299774,47.107553798236,578.4119363083487,592.890760820079,-1029,-39.791183294663576,6.519654827095998,15.87408050367336,0.2910000506201305,0.6192,1.819498321289168E-07,32.60338056291754,88.28436792996608,23.99998659679495,57.30805688639509,42.69194311360491,96.1399996630109,0.7500391380053979,46.19037786495974,53.80962213504027,8.39,100,37.74,0.0859106529209622,85.79392938261408,60.13745704467354,2.268240877906672e-5,0,0.7870763810331562,0.04915653755305373,9.72482749862728e-7,1.0823539781472e-6,0.755148221032679,0.01458809063358584,GP
2705804,270580,4605,3571,1535,43.90861573841376,45.35786316057163,1190.333333333333,41.34306750423404,41.29271858314763,549.3372293532658,553.9373593897366,-344.66666666666697,-22.45385450597179,-2.5655482341797153,-5.842926703642874,0.4226896382976563,0.5542,7.861784399990041,46.23572661160534,81.22132128418129,19.04731030635095,52.410595688050734,47.58940431194927,95.87914556394948,13.92459130987383,53.18868376888036,46.81131623111964,34.5,99.47,15.58,104.9425861208188,83.69695516662671,53.17024463305042,22.09947889915004,7.352941176470588,0.2808361252397187,0.01529491470158374,4.887167414694991e-7,4.815585746805157e-7,0.2210090633855165,0.02202748140054982,PP
2706109,270610,1414,745,1414,22.4697729469597,22.2041526058998,745,23.766856660642,24.1852351710369,551.1741757187917,630.002580684537,-669,-47.31258840169731,1.297083713682298,5.772571519721571,0.3593542382272815,0.5847,1.807257896383708,49.39090111604912,92.70602302981841,16.26462243335796,38.9990388657601,61.00096113423989,85.44468245904174,5.278517058374794,65.99685479643543,34.00314520356456,6.95,93.02,15.59,143.9692455550216,89.53346147125633,86.92936088419029,14.87517405347068,37.03703703703704,0.447577516261982,0.05392163138669744,1.088016321079045e-6,1.129854006945861e-6,0.3820930325277078,0.09780721789035558,GP
2706406,270640,16730,14790,2091.25,41.10903278237311,41.6095848644891,1848.75,43.49909334593983,43.59522941678343,621.2371904362894,695.8424546492362,-242.5,-11.59593544530783,2.3900605635667205,5.8139547486301835,0.3266394191303056,0.5443,0.002266593087947866,11.19014579476416,76.74694347397045,12.86339776782926,54.50258202168808,45.49741797831191,95.58502183537702,18.93950481052395,47.05536419390069,52.94463580609931,16.27,99.29,24.41,53.53299856527977,69.24724859279173,27.61836441893831,23.32254968559361,20.23121387283237,0.3174146674913706,0.0188694487233124,8.507230592767957e-7,6.909331248476129e-7,0.306603339981894,0.01990640912480835,GP
2706422,270642,4174,3722,2087,45.1385340048885,45.88922670012245,1861,48.49175949859605,48.642860844972,497.968072121171,570.7472413045346,-226,-10.82894106372784,3.353225493707555,7.4287425757876875,0.3831837697680733,0.492,2.513433293377134E-06,28.48677078824306,82.54161234160505,16.66829033850816,72.7664936852712,27.23350631472881,91.16542055680462,4.456103700298457,31.50775633749527,68.49224366250472,16.5,97.11,45.34,74.69806763285024,81.9712447975785,34.54106280193236,15.84735681152514,36.14457831325301,0.2154964146342995,0.1077684335660976,6.54174889599874e-7,7.953844235460655e-7,0.1772308141105575,0.172087111438975,GP
2707107,270710,1935,2517,645,52.10869562887873,52.3694082274219,839,48.6210382354588,48.5238042846173,739.1509626009157,780.5622500881394,194,30.077519379844965,-3.48765739341993,-6.6930429774317055,0.3755765639357855,0.5307,0.01068751841031333,29.77347215370065,81.39511058597849,9.140969249621973,43.01137324127846,56.98862675872155,98.71329279265034,51.20977353832954,75.27662211206516,24.72337788793485,65.92999999999999,97.16,31.2,30.78324225865209,80.3443392050987,48.26958105646631,20.02946820342357,18.04123711340206,0.2971652525901979,0.02003774913631418,1.138289311515125e-6,1.193793757126828e-6,0.3149937335044906,0.03048019193269942,PG
2707206,270720,9445,6990,3148.333333333333,28.08352445523166,27.68615303406877,2330,34.21151516778004,34.3052746241755,453.5127888500255,472.2663912660372,-818.333333333333,-25.992588671254623,6.127990712548382,21.820589941683057,0.4370075116275749,0.4236,1.071535280023095E-05,44.75014443979988,82.63712602589274,11.70269556464402,84.50932213417535,15.49067786582468,88.19839539549646,3.054051009878481,18.125,81.875,8,98.83,24.08,76.54179990863408,88.99038461538461,84.23937871174051,18.61358853557464,20.40816326530612,0.4253072541083562,0.0233045268219177,8.4536647771409e-7,9.817884873628737e-7,0.45368169155588,0.04188246705846421,GP
2708006,270800,10635,8111,3545,22.4934305436602,22.2128707074621,2703.666666666667,38.29155678664436,38.1048950153499,663.0542877249948,694.2039465807298,-841.333333333333,-23.73295721673718,15.798126242984157,70.23440116135099,0.3864955847838218,0.6074,1.283588537431345,26.67933829231375,73.63140191296576,5.163438370119176,39.50025801745126,60.49974198254875,93.19114989358758,6.295544812982967,66.80623955915215,33.19376044084785,42.36,99.43,8.91,27.88180222352253,70.62677630008895,63.70684610883558,28.20767987470579,13.05483028720626,0.5630354178126007,0.02778686836200792,2.443268762893293e-6,2.641596796284331e-6,0.5085273566116842,0.05034009396995343,GP
2708402,270840,8852,3914,4426,29.68456300582915,29.9543367010053,1957,31.36453099529485,31.41901370210955,478.7383806878787,587.9684296037459,-2469,-55.78400361500226,1.6799679894656983,5.659399429716393,0.3845967653760123,0.61240000000000006,0.07366656774617628,24.95866290879414,84.97623905685796,12.29891746761742,61.31716828989165,38.68283171010835,94.46148853554438,4.626000491363402,44.05034324942792,55.94965675057209,22.94,96.86,19.88,61.8682021753039,86.56423667865315,48.62444017914267,23.18285950977809,11.1731843575419,0.4688630900334526,0.03366987596888955,1.24174104516225e-6,1.381627837759899e-6,0.4760139520145886,0.01174569712159702,GP
2709202,270920,12723,11512,2120.5,36.38114077714525,34.94354702793837,1918.666666666667,33.77940321771852,33.02796648034258,506.4737455918287,545.7971801996802,-201.83333333333303,-9.518195394168028,-2.6017375594267307,-7.151335840082153,0.3280790807625181,0.5891,0.04684294051343882,8.04365516974859,76.33044783847706,21.17294592209933,68.77884281059833,31.22115718940166,99.14330504412631,10.31925300856098,30.91859279401767,69.08140720598233,7,98.93,40.68,69.67190128996073,77.387831407206,15.6057206954571,21.05533465068524,17.34104046242775,0.3591853995665361,0.010875105396482,6.555367462431722e-7,6.997175861412442e-7,0.4037406021990709,0.003375639941744539,PP
2801108,280110,1297,643,1297,24.3402230231054,23.7849525994476,643,31.528859323611,31.8703552892659,579.4797953626205,638.7335327648669,-654,-50.424055512721665,7.188636300505603,29.533978771195564,0.313388245880161,0.4449,0.09416764655736236,1.504500711995291,103.8379247162065,22.19749285823202,61.94215875823703,38.05784124176299,99.07105897604296,4.320271975551389,41.03038309114928,58.96961690885073,15.77,99.44,42.72,4.058441558441558,109.1413474240423,6.412337662337662,0.2637892338471997,18.51851851851852,0.6230141936829484,0.003983176491233463,9.568348137026452e-7,9.264023946229096e-7,0.6058826896177557,0.00458538867016465,GP
2801207,280120,10242,8488,1280.25,56.50566876701667,57.93058634523375,1061,51.98913220172274,51.98712689009584,631.6284211781509,639.3587216590621,-219.25,-17.125561413786368,-4.516536565293933,-7.993068065288191,0.5177328361616849,0.4892,1.596771673899898,19.73065823513182,96.99836380902855,2.016346175960388,44.1294062963245,55.8705937036755,96.38683292432798,45.33395122842089,66.7837131116922,33.21628688830781,75.02,98.08,1.22,39.57662218131615,87.7512140455734,12.01104463874827,19.44029035558673,17.64705882352941,0.3333212745550101,0.03721110814739407,2.624962235745802e-6,4.24244752597153e-6,0.2657330257248652,0.01412157661920347,PP
2802403,280240,5830,5290,1166,26.09508701582106,25.62685553040048,1058,25.0973595065523,24.83890021203378,519.6467158242966,613.8110485083504,-108,-9.262435677530018,-0.9977275092687599,-3.823430474341214,0.4679478428186872,0.5449,0.1036128409595328,29.24855364936873,92.93371843570603,21.0644914468088,75.0992805293908,24.90071947060924,93.96692510368945,28.89321695022386,28.23412339424642,71.76587660575358,19.93,98.83,38,40.95932283094286,83.13732585489416,16.45897013872561,25.59668124745893,22.72727272727273,0.421222915882114,0.006633274177111564,7.470072156149229e-7,6.735663902016888e-7,0.3498881056348893,0.009495919359610775,PP
2802601,280260,1757,1468,1757,17.3907867188247,16.9849379521388,1468,20.450952806194,20.1570040644594,554.1067667751139,575.7812647057233,-289,-16.44849174729653,3.0601660873693,17.59647873811721,0.3255679571686327,0.6431,0.231578749094535,0.1543615963595502,94.13924676297901,41.70680073875356,52.18420608690877,47.81579391309123,99.1286602711368,23.57447225542383,49.80243944339461,50.19756055660539,30.26,98.12,34.53,1.78468624064479,101.5804844528432,0,11.97184044317771,0,0.8435953413245904,0.006054091059344869,1.644764214426601e-6,1.458988111090642e-6,0.7442595660834527,0.02877982135034934,GP
2803500,280350,6521,4962,2173.666666666667,19.9775193928661,19.7109522580301,1654,32.03977048182107,31.76387667051203,694.465230065883,766.6896415906136,-519.666666666667,-23.907376169299198,12.062251088954973,60.379123412401036,0.4579987539318529,0.569,0.0007906248975188001,1.07244263786317,65.21857283545533,12.43123305988041,48.50744996617451,51.49255003382549,98.36079145000502,28.60017752980588,74.25070000394368,25.74929999605632,50.92,98.33,7.63,24.13740805338591,72.11618093623062,1.054068400697657,13.75974640230143,19.12777352716144,0.8131566300001845,0.01783519703436276,1.01337459917598e-5,2.205619909924335e-5,0.7681745973779364,0.0136537892791011,GP
2804508,280450,1140,1357,1140,13.5607231739612,12.9600906144664,1357,21.7426252739177,21.1435929220264,698.0065584956011,793.428750347684,217,19.035087719298247,8.181902099956499,60.335293295176804,0.5007761162990734,0.5561,1.37752490005354,14.82379958707869,72.94201771235731,10.99033227578718,33.54958037218759,66.45041962781238,96.9954527037646,34.97099768214996,69.56756358998258,30.43243641001742,77.32,99.35,15.41,40.44712224512447,65.06168902842846,15.95053115585857,8.065081609108255,15.30612244897959,0.5379600833317265,0.009896660078268473,1.490486116159312e-6,1.812586546802236e-6,0.5649045936236325,0.00950591081933418,GG
2804706,280470,3768,2799,3768,24.3432504115954,24.213621074852,2799,23.5073563317542,24.1978930757354,607.4599415862111,692.1356729199672,-969,-25.716560509554142,-0.8358940798412,-3.433781708308926,0.530455507941952,0.5802,0.0005757218432338243,16.18638107478796,83.50788736022419,13.17320622807554,47.86824212910614,52.13175787089385,98.1227148248894,14.39861865839295,55.87387964148528,44.12612035851473,22.19,97.48,24.18,14.209726443769,80.15364916773368,10.18237082066869,20.77935667646806,23.25581395348837,1.202292529446327,0.008943120312402178,2.644002837346899e-6,2.74711562647017e-6,1.029097737826608,0.009157710681438112,PP
2805406,280540,7344,7449,1468.8,22.6725931722511,22.77596643129616,1489.8,24.31198044264692,24.3272425107835,514.3541472409512,561.8899115651934,21,1.4297385620915033,1.6393872703958188,7.230700334720681,0.5595750412453883,0.4998,25.62876697768671,24.700565470296,78.32386892693657,15.95135010806903,72.33503927381621,27.66496072618381,98.84294087459355,42.43098594875125,44.31596920588323,55.68403079411677,35.12,98.49,20.81,58.95597625182032,73.46853188748764,23.49053433404279,21.9215365319678,18.86792452830188,0.3103278549982467,0.01557090378112622,3.237797143549439e-6,7.099434782333803e-6,0.3687482706628096,0.01671112299711749,GG
2805505,280550,1244,713,1244,49.1697527478651,48.4313718385345,713,42.5738209724828,41.9373286151782,545.4915909115831,604.52866934822,-531,-42.68488745980707,-6.595931775382297,-13.414612453321084,0.517527296415176,0.5858,0.0617324095139423,26.74021709601794,86.49847883902191,24.58270714187181,44.18502454386422,55.81497545613581,97.57461986855212,45.04981866325816,59.92461156568907,40.07538843431093,74.42,99.19,8.13,145.6071076011846,76.92838098740461,36.68311944718658,3.746962255893242,24,0.4025036041530495,0.05644480983282149,1.560304300740388e-6,2.854808569785026e-6,0.4438695624897103,0.0170391386752288,PP
2805604,280560,7011,5415,1402.2,36.37768896822138,35.6840774222594,1083,33.60175478998116,33.37182351696028,543.2501711571246,634.07661913978,-319.20000000000005,-22.764227642276424,-2.7759341782402203,-7.630870066169419,0.4428909283006273,0.5931,0.008993317618175038,29.46888279069809,84.53674226149694,17.32272833439189,63.3448217176157,36.6551782823843,98.73260193176533,37.81224186923706,48.13543984012669,51.86456015987331,53.33,97.74,22.17,19.96662295863631,80.64175558990988,19.71629514840863,28.7109928421021,7.228915662650603,0.4117785165024995,0.004540285371307346,9.890515259642843e-7,9.925085451201677e-7,0.4341651449059322,0.01553715992354899,PP
2805802,280580,2839,1870,1419.5,26.0683501109076,26.3195528394303,935,37.2786156780116,37.14672039058965,494.1235049504751,596.6334667588176,-484.5,-34.13173652694611,11.210265567103999,43.00335663519175,0.4004209487366797,0.534,0.001093176973682553,6.656245383100364,87.56721750036733,27.58564563155775,74.66488034384146,25.33511965615851,99.29215162304399,4.330329566069099,40.13876748251749,59.86123251748252,16.8,95.93,43.71,8.450704225352112,88.68006993006993,13.49765258215962,9.470698509053909,15,0.8910001507613499,0.005948936698848654,1.638230653248863e-6,1.333980146993116e-6,0.9328436692560574,0.006045478837106035,GP
2807105,280710,5626,3463,1875.333333333333,27.73655651173483,27.91299911034043,1154.333333333333,30.59077839888633,30.3728361536293,615.5529003397788,655.0908414134301,-721,-38.4464984002844,2.8542218871514997,10.29046949625463,0.466803401869907,0.5134,1.356198641627529,14.57011045482572,70.77980910444396,14.79073934216403,47.69713857423568,52.30286142576433,98.23442062657227,48.44002363416826,54.02071563088512,45.97928436911488,53.72,99.13,19.98,11.34991300788046,86.1346516007533,37.00747108791321,16.78129093633456,16.69449081803005,0.4764173860357157,0.00730446812326261,2.263819758504133e-6,2.348759151023711e-6,0.6805620346135588,0.009624109580393761,GP
2807402,280740,4870,3507,1217.5,33.0616492577718,32.2645768846749,876.75,37.15928719441385,36.8981860942476,637.5444110996871,684.4259955125526,-340.75,-27.987679671457904,4.097637936642052,12.393930819040493,0.4365578825862305,0.6148,3.253548623593216E-05,15.50178918909487,70.72653696839542,5.283894711639055,33.15941436468416,66.84058563531582,96.70906167405896,64.89731933571277,75.40334613165696,24.59665386834305,78.95,98.24,3.88,8.296082040494348,79.67055921379831,42.97922692611096,16.72670286999246,11.09350237717908,0.4906077547011019,0.009933210576083035,1.290599583167293e-6,1.174050567915458e-6,0.499278145142046,0.01410629330231243,GP
2900108,290010,2413,1850,804.3333333333334,55.85257737193657,55.14645268562766,616.6666666666666,57.39880126854796,57.60154210075383,616.8148745466767,659.2489207213639,-187.66666666666674,-23.331951927061755,1.5462238966113944,2.768402049407129,0.3673803188870335,0.7411,37.27151856899047,8.71704585923324,79.22541152597955,9.91015342428804,55.22704287498317,44.77295712501684,96.83936378497927,12.55078969562618,48.56475758824337,51.43524241175663,29.87,97.08,8.43,148.7516425755585,97.2943277022387,18.13403416557162,21.74197026981661,18.51851851851852,0.07447432251879171,0.0361239820249034,6.561166289523128e-6,1.610510225586081e-6,0.03975109042933117,0.00421492366526729,GP
2900207,290020,7734,7326,773.4,65.71041296086378,64.4506218332089,732.6,58.25942992956975,58.3673652934973,543.1826801443218,561.6936710149685,-40.799999999999955,-5.275407292474781,-7.4509830312940295,-11.33912068964128,0.3705047158879219,0.5504,0.2407876843258479,24.43333368169814,90.30268634463815,9.863800988454612,47.85470321175452,52.14529678824547,87.8798312847771,45.57426895597031,55.88769143505389,44.11230856494611,72.28,95.95,13.19,188.7740453631926,86.65910380034033,21.41831754234855,22.48239275794961,7.168458781362007,0.04188418213927091,0.1672353038496981,6.308944611555873e-6,7.931425509843387e-6,0.03524466021319307,0.6750991226039332,PP
2900355,290035,3590,1804,1795,26.6097142628131,25.77677164005,902,25.17258414248895,25.1366219056263,494.4321247105419,610.8097749644294,-893,-49.749303621169915,-1.4371301203241487,-5.400772462756312,0.4854458597171762,0.5876,2.292530619424481,15.96130032929151,80.445403200734,41.48867384869659,64.50332442154654,35.49667557845343,89.27386065257846,25.03129651930362,50.43380122734006,49.56619877265994,41.22,90.35,46.28,79.05312413982935,85.46236862523806,32.5626204238921,10.50875359830589,20.54794520547945,0.1959953910893521,0.01524639006163082,5.60606816502605e-7,6.171019037666582e-7,0.3087573523612487,0.04071424530317999,PP
2900504,290050,8449,7525,1056.125,77.15922405981662,77.0572959935484,940.625,77.02561762640184,77.17168856096383,663.3082464300458,668.2978968348217,-115.5,-10.936205468102735,-0.1336064334147835,-0.173156787205645,0.3842274097040913,0.5874,0.04252310256652029,6.406529553395658,81.24733465665817,12.66929032060101,78.85034415614369,21.149655843856362,95.49314181995979,0.9008003609347693,21.5188679245283,78.48113207547169,0.48,100,9.61,0.06064281382656155,67.95283018867924,33.17161916312917,10.18720173647769,16.94915254237288,0.1051050543820633,0.01054316989986203,4.817830768717962e-6,1.135388386415439e-6,0.03865787531694419,1.332570676213175e-4,PP
2901155,290115,1445,1562,481.6666666666667,35.36761622762017,35.79615743555133,520.6666666666666,33.64256672010593,33.6779860881092,434.5089433683383,556.9702656675854,38.99999999999994,8.096885813148777,-1.7250495075142354,-4.8774831088759285,0.3158153028751312,0.6676,0.06853929683774719,10.78066964720121,93.60602480218635,23.34609313582173,32.37107755011257,67.62892244988741,95.53898201541963,2.825218293911924,77.51855779427359,22.4814422057264,80.48,96.85,29.16,43.24801412180053,85.22667020148462,33.45101500441307,19.6024528112916,0,0.1007390217085482,0.1112080083139696,2.857385410902317e-6,3.942327234259997e-6,0.1957367700399653,0.01888896681607584,PG
2901205,290120,20619,17918,1212.882352941177,46.82499531074727,47.25066482349405,1054,57.028792602053,57.10080406028452,502.6559014440709,570.1254302039414,-158.88235294117703,-13.099568359280317,10.203797291305733,21.79134717171826,0.3010436491474526,0.5518,3.207001135708431,13.8637658682693,72.82960935955765,13.87898037518067,80.65461986190118,19.34538013809881,76.72857654113058,19.98059268297818,25.61863173216885,74.38136826783115,26.81,97.35,10.98,11.69395593288862,68.83827058499547,20.57812815847988,18.19446280294465,15.5440414507772,0.1777135267686488,0.1200347686512815,1.086106291327175e-6,1.366470408620958e-6,0.1587065621174817,0.02762386294896996,GP
2901304,290130,3607,3197,257.6428571428572,69.26746558371975,67.60277046923973,228.3571428571428,70.83951378950317,73.192023229197,536.8746899908239,639.7430061401336,-29.28571428571442,-11.366786803437808,1.5720482057834175,2.2695333119751147,0.2543242772920263,0.5955,0.4499125663960359,2.960777687708629,86.09808822318273,12.34612360864786,44.7468678828181,55.25313211718191,90.04741084219802,13.83342066974926,61.90184049079755,38.09815950920245,31.94,97.53,11.35,54.10934744268078,89.84662576687117,47.76014109347443,16.30745863139478,6.578947368421052,0.1224599661320359,0.00486266173762154,5.285993918862036e-7,4.984641926674056e-7,0.1379480875263889,0.008966840647723955,GP
2901353,290135,7424,6950,674.9090909090909,63.52597869167742,64.15930121966636,631.8181818181819,53.25749281058521,53.22065138432982,574.9014313017856,637.8387118428569,-43.09090909090901,-6.384698275862057,-10.26848588109221,-16.164230906115094,0.3854951341627834,0.5621,0.1266089621226489,9.572398910939764,90.72854336518687,5.739001897015959,59.53749683649517,40.46250316350484,92.73431665454036,33.42111402630378,44.33773509403762,55.66226490596239,48.03,95.43,5.47,50.42448173741361,76.0437508336668,34.27443237907206,26.31566513085452,23.95209580838323,0.1136557413033818,0.3721525422261471,4.821392494766291e-7,5.594301125083694e-7,0.1449018400595202,0.2262995183926699,PP
2901403,290140,5370,5666,767.1428571428571,54.42884860914024,54.57177699286507,809.4285714285713,46.43462845540505,45.65975837573252,598.8312096347572,670.9724786823755,42.28571428571422,5.512104283053996,-7.994220153735192,-14.68746879277678,0.5671113843504549,0.5754,0.05009609543908878,0,84.73170432089309,32.35432884646515,53.58450411324641,46.4154958867536,91.79709137367132,19.23845077801266,46.78725111224564,53.21274888775436,1.27,97.64,33.92,1.206399160765801,90.2341185909124,6.635195384211906,13.15471329099683,42.5531914893617,0.6851305728671129,0.01335205821458526,1.219408486258945e-6,7.353580955212473e-7,0.9691310318605921,0.005577191564028561,PG
2901601,290160,1420,1126,1420,52.6358978887742,50.515387031564,1126,39.5585172593619,39.6453224283884,596.442320523167,686.5446954777798,-294,-20.704225352112676,-13.077380629412303,-24.84498441927662,0.2783708469830418,0.4765,0.0009979913036674032,2.127264411118102,57.27523945896651,15.84760922273165,62.74346281055776,37.25653718944225,91.19919092815944,52.17677781749251,60.30996829869672,39.69003170130328,75.87,99.05,16.24,19.00715563506261,59.42233180697428,14.22182468694096,25.78919614939787,7.299270072992701,0.5936765455200577,0.01204273433689235,1.047300305354359e-6,1.037382634849392e-6,0.5899717849264406,0.006034282345570631,PP
2901809,290180,8591,6412,1718.2,75.72151731694946,77.01480227907965,1282.4,78.41118387070368,78.30359635028071,537.0094531725432,649.6795497688344,-435.79999999999995,-25.36375276452101,2.689666553754222,3.5520505254748356,0.3524825108120609,0.3968,3.19893796427899,8.093157037331798,77.10410319134938,13.7910230317743,47.81114721188218,52.18885278811781,95.80730351915429,13.02259378027028,51.40858037193887,48.59141962806113,20.74,95.64,9.99,30.90353557398516,79.75510955625114,34.22086425141859,1.406928309962022,31.25,0.227708270484087,0.08697364844559291,1.191201197974045e-6,1.368983297121061e-6,0.1528205060964983,0.0140080766377646,GP
2902005,290200,11020,10474,688.75,37.98867208347026,38.02507472448171,654.625,39.83967438998121,39.81169692854644,547.6046764564522,603.5983664920589,-34.125,-4.954627949183303,1.8510023065109493,4.872511211878771,0.2772002430465813,0.6853,39.85872556066407,11.06316367872869,88.65604033064571,15.62999777899964,71.34539854873759,28.65460145126236,88.74000664486155,1.260011826337788,32.88841047721564,67.11158952278436,21.95,95.52,28.04,42.34119396643298,88.41765339074273,20.05523688124071,33.78377462433147,17.5438596491228,0.1842954891378347,0.1283101357496485,7.35642643939417e-7,1.21799264680527e-6,0.2698088886116082,0.03892471246763121,GP
2902104,290210,18088,12961,1808.8,41.25386608676358,40.17703193279661,1296.1,42.13430615837257,42.08196464601404,486.1775561694315,547.4428140582204,-512.7,-28.344758956214065,0.8804400716089873,2.1342001492836546,0.3197001066961595,0.5347,1.139884385105596,13.81509382318983,80.07213780275102,21.98708870370031,62.00975384256686,37.99024615743315,92.60946269874995,34.39332454435733,48.49175909609205,51.50824090390795,46,97.55,15.78,44.28850466613616,82.23903804291488,27.1721044635752,18.90921291260736,21.73913043478261,0.1288689495587995,0.04426050219900102,6.209193796109785e-7,6.865916525538607e-7,0.1686556153768017,0.198070862931106,GP
2902609,290260,9289,7719,1327,41.98268758640936,42.876309303923414,1102.714285714286,49.83584741162344,49.81579966201953,543.4003164291147,596.1696905956959,-224.285714285714,-16.90171170201311,7.853159825214078,18.705710083592418,0.3078307619500327,0.5565,16.61491535736227,18.84580701635337,73.00183295979927,15.46441698599102,57.8185943018962,42.18140569810379,95.88403753435756,37.37649299545127,44.37899141158335,55.62100858841666,56.93,97.79,13.59,52.35240690281562,77.64809513323057,35.45867393278838,37.53865090529989,20.54794520547945,0.351777092098725,0.08956585425133513,6.347410004983586e-7,5.408074937789906e-7,0.4005930495155622,0.009851967188447374,GP
2902658,290265,9878,8081,2469.5,49.11358976814417,48.29033810252705,2020.25,42.13849246395657,42.0093840450039,540.2130553991714,597.5931746383907,-449.25,-18.19194168860093,-6.9750973041876065,-14.20197003948541,0.4087808036972581,0.564,16.11654362788946,3.934462024558457,87.24800608553154,17.33241107946569,63.36673985978674,36.63326014021327,93.27174736841049,20.23430064482697,36.98147992960697,63.01852007039302,12.66,96.99,17.6,70.50963331261654,89.21478253582502,21.00683654443754,11.5411846292106,8.403361344537815,0.390150099003277,0.04729607687284802,8.841099727094142e-7,7.312351252956418e-7,0.3759442913819355,0.03270517121863938,PP
2902708,290270,23101,22182,200.8782608695653,85.73356256236339,85.86845550583328,192.8869565217391,85.63546265721864,85.74462214739067,573.4032714477845,626.2535435127442,-7.991304347826201,-3.9781827626510227,-0.09809990514474975,-0.11442415573643167,0.24572475725263981,0.3722,21.61092310359297,2.849323766063615,86.75134106751246,12.35413784058104,54.42282024030622,45.57717975969376,95.80371805223132,17.61297562273726,48.20373967469146,51.79626032530853,51.32,98.65,11.6,24.03387082244843,77.22644063805993,7.954238356904783,15.94704733012876,28.22085889570552,0.02799535134121283,0.007988650901134674,6.119165131802115e-7,6.419526537588769e-7,0.04004818527958554,0.003285996118745327,PP
2902807,290280,12207,11351,678.1666666666667,57.55331103148452,57.37931750220235,630.6111111111111,57.16358630745873,57.39338391612987,596.5447827835761,679.6696346571587,-47.55555555555566,-7.01236995166709,-0.3897247240257897,-0.6771543062267799,0.349794850552477,0.5881,0.02317623749499572,7.361684261412881,78.86117732480311,20.78295316669336,51.57466676613236,48.42533323386764,95.08465973787769,40.9971821504141,54.13904732542007,45.86095267457993,54.97,95.6,34.11,19.70712773465067,77.87883459226144,25.81157374735356,23.65632586074581,8.356545961002785,0.09775523564976,0.05836832758371941,2.655768075259841e-6,3.490508233756415e-6,0.103992741059935,0.04180094599854054,PP
2903003,290300,6329,5092,486.8461538461539,78.30622601566539,78.7944455821374,391.6923076923077,79.5851870407702,79.68105959774047,618.3235578773844,697.8554150540299,-95.15384615384625,-19.54495180913258,1.278961025104806,1.633281400701071,0.3128602629444175,0.5922,1.680834505583797,4.916760664835842,87.12833539266585,13.38603772618117,54.92791142188761,45.07208857811248,95.14428746883603,2.564156582485382,56.61892361111111,43.38107638888889,10.29,97.39,8.87,52.47933884297521,88.6863425925926,57.96143250688706,35.13796195714695,11.76470588235294,0.07250582417934555,0.05546170736928194,5.945072246302814e-7,5.494811439453802e-7,0.07927245632453563,0.02138350977262254,GP
2903235,290323,1944,1490,1944,40.796639483404,44.0283897614089,1490,30.1056270451497,30.1056270451497,478.8746287738805,591.7825862989032,-454,-23.353909465020575,-10.691012438254301,-26.20562030018033,0.2577645075401945,0.3752,0.005271271719806206,13.06344733925235,77.53643788381497,13.70026214466515,51.06110697892239,48.9388930210776,97.73172464471328,7.050254419224501,55.87863463969659,44.12136536030341,1.98,95.98,12.93,2.102870133560671,83.55023425299322,45.32537652742256,23.99398249951906,14.18439716312057,0.1375849371408989,0.059327493715228,4.804486860474706e-6,6.991873179526714e-6,0.2116323591943153,0.05671548887479029,PP
2903276,290327,1747,1517,1747,38.2377631431191,37.0956381630865,1517,36.520106476191,36.3486911421452,585.8379401214578,581.0930426083826,-230,-13.16542644533486,-1.7176566669281002,-4.49204274972657,0.2790132553415192,0.6254,22.13261937610449,7.855913068829454,86.50282378104373,5.627247487474554,59.07876895878046,40.92123104121952,92.44078686929458,28.54617379949203,46.875,53.125,63.39,94.74,3.74,16.86264698523893,84.48026315789474,19.28946710032524,17.56947196522455,30.15075376884422,0.3214515175909338,0.03442978320111508,1.75026465305969e-6,1.882535571660941e-6,0.310453528901074,0.07810386703620158,PP
2903508,290350,3027,2396,1009,33.5192246094934,34.74420042844943,798.6666666666666,40.5606791325153,40.7505234310824,616.3552517504565,606.1220875372363,-210.33333333333337,-20.845721836802117,7.041454523021898,21.007211846504347,0.351563847978841,0.6037,5.339321339890189,13.08990119591457,90.00998930972543,9.114337500885393,41.62717821529247,58.37282178470752,82.36994740418623,7.947961339196715,55.9327566508895,44.0672433491105,3.84,97.49,8.56,18.83031733543142,78.25471954735869,44.74167322318385,19.59423238389962,16.46090534979424,0.6899878153751903,0.09375381603183074,6.256306142720311e-6,3.804917769962973e-6,0.4729927808886857,0.04958868259556146,GP
2903607,290360,6237,5481,1559.25,49.9386912254686,47.93276297920375,1370.25,36.38678275349065,36.28524749983797,517.7582746270115,551.8024050980823,-189,-12.121212121212121,-13.551908471977953,-27.137091780784424,0.3489733679995823,0.468,0.2529501581249076,1.72282904163978,84.55806381418348,17.38870685592921,74.78987822991266,25.21012177008733,91.72772155532198,18.4679293937723,27.36647276573242,72.63352723426758,21.89,95.01,9.48,8.093183779119931,92.10735060814383,21.81190681622088,11.0617871726037,22.3463687150838,0.2552896092907382,0.007375723596046759,7.221636780019913e-7,6.05856806573388e-7,0.2698414207604902,0.02829222067387186,PP
2903706,290370,2689,2325,1344.5,34.34645169300275,35.28751248732365,1162.5,49.23100904605185,49.35455835196615,507.9517576360112,589.3289137531225,-182,-13.536630717738937,14.884557353049104,43.33652129801073,0.4755662439942493,0.5855,0.04704821092882343,13.24300758852251,89.33746931301819,19.88156306483913,61.76363701182557,38.23636298817443,97.61203592506573,34.09046537927691,53.6356986100951,46.3643013899049,32.08,96.97,15.7,21.290151314043,92.47988295537674,18.29041677727635,18.80464309818122,7.194244604316547,0.5152649001051608,0.0350467227630608,4.588026995588968e-6,7.934285374673471e-6,0.5042162734023234,0.02465913391427134,GP
2903805,290380,10451,7882,337.1290322580645,65.69943479034619,63.23884269750914,254.258064516129,68.64090744578405,68.46188321487955,499.3286892181852,542.1117700363314,-82.87096774193552,-24.581379772270605,2.941472655437863,4.477165845983929,0.227813703576508,0.6537,0.06813540175556759,16.117977069093,87.43793843722054,28.97410441076542,62.19704765653177,37.80295234346823,96.21097150876837,5.844469614370678,45.99025781157182,54.00974218842818,11.66,95.64,20.94,28.41907151819322,91.83200665320186,35.52383939774153,25.66708686021419,5.376344086021506,0.2155528653086023,0.01624125037736586,6.682099798208556e-7,6.904196691130273e-7,0.2231683847902647,0.01400090871865561,GP
2903904,290390,17184,15503,440.6153846153846,66.02966788190831,65.92800375474226,397.5128205128205,65.33860480955846,65.22815351839898,835.093008094396,833.3326336993636,-43.10256410256409,-9.782355679702045,-0.6910630723498485,-1.0465948027874228,0.3922971726251855,0.6136,0.0004587189781262799,17.08469241749885,76.61101279675968,16.81701160671856,32.11171966149784,67.88828033850221,94.59152226906899,37.50759433215697,73.13634134379598,26.86365865620402,60.87,98.07,22.47,84.12440524544506,72.003739578224625,15.68991528374144,23.64877924211294,15.51189245087901,0.1211237654051845,0.02513633917787426,9.56636664220591e-6,1.357057027929198e-5,0.1821599588824732,0.003432487274861867,PP
2903953,290395,9385,8546,1564.166666666667,36.27435898270592,37.177956022428,1424.333333333333,53.2877062537963,53.41261459275984,467.5550156352559,536.6136361678455,-139.83333333333394,-8.939797549280804,17.01334727109038,46.901855051943514,0.3596843298148488,0.6827,4.683770765863889,31.56749543713751,87.09501603112288,10.92332188301429,72.86549082570055,27.13450917429948,88.64823055796451,5.106071085805477,35.29653612909857,64.70346387090143,0.79,96.18,10.07,29.46330777656079,90.26621441052524,44.65133260313983,20.59583964392573,0,0.2454508225691399,0.1618573795751742,9.018952462308422e-7,6.819900981545432e-7,0.1884472842107479,0.07087084467001595,GP
2904001,290400,6804,5368,850.5,78.58000456226314,77.7884222297681,671,74.38899890385524,74.54543627862238,609.7187116974574,624.5820284286963,-179.5,-21.105232216343328,-4.191005658407903,-5.333425063735069,0.3425653532131941,0.3578,17.74599435261909,5.132938292818206,82.5762684432914,9.756197019721105,65.1956790805891,34.80432091941091,93.32002471127817,15.23458770946723,46.83161004431315,53.16838995568686,1.45,96.49,8.87,62.25445754004231,81.99409158050221,31.39921426412813,11.61862146767793,50.72463768115942,0.14370720409053,0.002967769446459357,8.17001645844425e-7,1.120492265146495e-6,0.1067548005871363,0.008239610963329373,PP
2904050,290405,8663,7176,1082.875,80.27611269358235,81.18065952242874,897,73.2916488604589,72.93436717622247,509.9217708831451,575.1894109926454,-185.875,-17.16495440378622,-6.984463833123442,-8.700550635509053,0.418698014419643,0.514,22.50231443950134,4.039098782843074,90.07813702930278,35.48938579967849,56.21230074768783,43.78769925231218,91.04247763435333,6.723089873916149,50.879746835443044,49.120253164556956,8.17,95.77,37.66,23.63481228668942,88.34810126582279,13.22525597269625,39.15518117105465,13.95348837209302,0.1363448749177265,0.02302637356831975,4.947490202940935e-6,8.375262080457393e-6,0.09030368413982592,0.01074161952442556,PP
2904100,290410,11005,9886,1222.777777777778,35.25539223858704,35.67964566016427,1098.444444444444,41.59042121463607,41.52267429824648,553.5927724002119,591.9901904842781,-124.33333333333417,-10.168105406633414,6.335028976049031,17.968964671212305,0.1804304539784505,0.5604,0.0357692295699208,13.26265413602887,81.07101049182373,12.92942008309616,66.58357176873068,33.4164282312693,90.21073060973352,3.363638906812879,36.57261195961688,63.42738804038313,14.96,95.3,10.05,0.9288413098236775,83.18405384416256,9.036523929471032,29.52065579750808,27.14932126696833,0.08517805295237117,0.0623441624485741,4.212432035941658e-7,5.349627444373138e-7,0.1169351156553657,0.04710604364421322,GP
2904209,290420,4896,3999,1224,39.93953581561563,39.96505219967312,999.75,40.21113741334455,40.1914050752079,543.4476289874126,592.3280895086004,-224.25,-18.32107843137255,0.27160159772892456,0.6800319337280162,0.410307487818755,0.6301,2.101597271741565,26.20428994679795,85.72407235587491,11.4133270288187,63.58787832237511,36.41212167762488,86.65198426885041,32.51490413120783,43.66606170598912,56.33393829401088,43.42,92.89,13.81,12.89463674400913,82.31397459165154,39.82502852795739,30.78206800932634,15.625,0.1937008259307627,0.09504154154307379,5.458918757688481e-7,6.827499752987531e-7,0.3403756298630953,0.00908590337676693,GP
2904407,290440,8134,7796,508.375,58.98640934063455,59.87436851129388,487.25,60.94242814969697,60.04086134867861,505.4384116830138,634.8664915701178,-21.125,-4.155397098598476,1.9560188090624209,3.316049969691847,0.4666339008461264,0.5048,2.043386591770222E-05,13.56174073874598,69.41547454812265,42.32330675061009,82.08305348642291,17.91694651357708,85.17979684706104,1.181787676200584,21.31868131868132,78.68131868131869,0.44,98.25,41.61,24.17642254288048,84.16483516483517,14.18459025319902,0.002408894148667337,22.22222222222222,0.3051390513450401,0.01043578568331482,3.156664153816422e-7,4.170087821313981e-7,0.6030866688279851,0.003958145910752447,GP
2904506,290450,9556,8582,353.925925925926,84.5232464446094,84.48186472564966,317.8518518518518,85.98269258688751,85.99275355554741,595.597481183129,631.6454499113328,-36.07407407407419,-10.192549183758926,1.4594461422781109,1.726680178138365,0.3043861732788705,0.5529,3.504052956873278,38.29657581403333,93.63957286312133,10.58554521719148,69.8126864924304,30.18731350756958,87.95246213162812,20.75074061016776,32,68,42.71,96.7,10.65,9.487014380768406,85.13432835820896,35.07190384202619,25.07183014895315,9.174311926605505,0.05869290275692095,0.03156536986184879,1.71473292726891e-7,1.181985495012265e-7,0.04706380403123235,0.01204998355528494,GP
2904605,290460,14178,13287,834,43.68183629701208,43.32090415454182,781.5882352941177,42.65738305267617,42.56227172152361,858.1606987345083,887.2256669198619,-52.41176470588232,-6.284384257300038,-1.0244532443359162,-2.3452613973693928,0.5149301221834075,0.6713,4.549113657451201,14.87372086747967,63.11679182060956,2.723878548578265,30.1472366564855,69.85276334351447,97.35868491158755,63.37789647791585,74.09667622264483,25.90332377735517,66.87,98.96,2.92,21.48851148851149,56.24733899122931,33.00699300699301,23.20407948627136,8.958566629339305,0.2112178322975264,0.1308373842275248,2.239015305466524e-6,2.867955850787367e-6,0.2877967366061627,0.02900043515106615,PP
2904753,290475,11738,10986,279.4761904761905,91.47309037057524,91.66826218013249,261.5714285714286,92.22973516708082,92.18789174370185,519.7091275441096,543.8324466123881,-17.90476190476187,-6.406542852274651,0.7566447965055829,0.8271774720196596,0.3286854268325404,0.5313,1.734925917387409,15.04752156318598,93.69914518747512,11.12917186928432,59.8827612567145,40.1172387432855,95.15785351868215,3.523329905241509,41.75010216591745,58.24989783408255,9.17,96.46,13.59,132.2719060523939,102.1199427870862,60.56910569105691,15.63290977496875,14.92537313432836,0.05436824478033043,0.02146504447028861,1.240943739284249e-7,1.3285297192252e-7,0.07447077438134507,0.01931282389225161,GP
2905008,290500,7280,6476,1213.333333333333,45.20928522866397,42.04782119858865,1079.333333333333,42.40980629944898,42.2308121397327,716.55248266057,789.4126265030679,-134,-11.043956043956046,-2.7994789292149918,-6.192265405337668,0.3992590001268528,0.6345,0.1060034698940747,9.919629571054989,66.11090100799373,9.173732816108506,41.5077896719343,58.4922103280657,97.98866620062573,17.79996279937573,67.36668450151596,32.63331549848404,29.77,98.39,5.37,35.33147066294133,60.72320313893348,39.47167894335789,13.67305424141628,18.05054151624549,0.3363610646779224,0.04739771443841023,3.035606668589298e-6,1.929501768405272e-6,0.3627615777948693,0.00807957286711031,PP
2905107,290510,9605,6932,1372.142857142857,45.33746408662044,45.6351564340662,990.2857142857143,56.10835024624427,56.03531513324196,520.4475903972132,625.347572916907,-381.8571428571428,-27.829255596043723,10.770886159623828,23.757142964690935,0.2940790268656654,0.3684,0.8129572330787359,9.481696300260895,97.6268147709022,23.61624862533327,64.54981016165932,35.45018983834068,98.25946707335397,8.898009953899168,48.64083285135916,51.35916714864083,24.56,97.85,25.51,1.213418986438259,89.11702332754963,46.82369735902927,30.31970395238272,9.5238095238095255,0.1094086769878491,0.05592470241902545,1.154570447281268e-6,1.091253323891044e-6,0.321202635507933,0.01660338444073825,GP
2905156,290515,9347,7316,1335.285714285714,34.05910205314922,34.66175635093564,1045.142857142857,36.36616077485601,36.47538002109016,546.3082331487808,560.0606948403413,-290.1428571428569,-21.72889697229056,2.3070587217067953,6.773692148743765,0.3475240036187747,0.6963,0.04064559207664285,11.83161708200864,60.61351286364184,11.36336463237197,76.06123377630047,23.938766223699542,82.69384152676494,10.81583146160224,32.60695543893979,67.39304456106021,25.24,94.56,11.09,49.70022088987062,92.41305701325268,38.0561691385295,38.22829334212506,8.264462809917356,0.1279722937719613,0.1272469829976867,7.703982094008073e-7,1.226337021117752e-6,0.1662837675752888,0.2855577018536617,GP
2905206,290520,5019,4433,1673,67.98012589810666,66.37495509973404,1477.666666666667,79.46691318530213,79.4355517279915,770.1164026913224,888.0629689300334,-195.33333333333303,-11.67563259613467,11.486787287195469,16.897272747644898,0.4777232018722637,0.6507,14.80006135828863,12.37452008948295,75.43910999674985,7.6875090170550084,41.77653342758129,58.22346657241869,92.68692733461033,34.1311741822486,63.32221943839498,36.67778056160503,55.94,98.27,2.86,30.16176027328444,72.13752963169966,11.30312468602432,20.72662749759934,20.50473186119874,0.348135258866365,0.07479492026067526,6.155311345014987e-6,4.547831449856403e-6,0.3932889989867904,0.004764313940541956,GP
2905305,290530,2976,1657,992,61.12884917599514,61.49346350917603,552.3333333333334,56.42686547900843,56.33600975213596,486.3558429037263,549.0940717806434,-439.66666666666663,-44.321236559139784,-4.701983696986716,-7.691922488920584,0.1198458029193474,0.5562,41.50451776057457,24.45624799143274,87.39291590644568,14.63299393603675,38.95296992074879,61.0470300792512,92.57687019407233,4.776263555252585,68.98052691867125,31.01947308132875,27.4,97.14,15.99,169.2184497117233,86.22565864833906,49.26329276105061,23.65270712307329,14.76014760147601,0.1249942200474106,0.06205032591655403,2.006907395367035e-6,4.675190341891939e-6,0.2138882910878346,0.03289654466351272,PP
2905503,290550,5987,5024,1496.75,34.6583369810108,35.23688844227585,1256,52.36344239531425,52.31120459598172,477.3235670155964,538.7466451208356,-240.75,-16.084850509437114,17.705105414303453,51.08469406366506,0.2712872504633058,0.4289,0.0599871843920896,8.5785703760409735,88.99799060831822,12.61916792277296,62.90803007452732,37.09196992547267,97.07295617298888,7.92635993738386,58.02799663428441,41.9720033657156,36.44,97.83,8.93,0.4748982360922659,88.05935898416584,40.46811397557666,16.35805578697473,29.85074626865672,0.2764634955821133,0.06518998385626365,8.03247311581616e-7,7.222371158288814e-7,0.2691235728086086,0.01509044639329028,GP
2905909,290590,19501,20109,629.0645161290323,83.96028494942257,85.51054215329653,648.6774193548388,85.93836400026407,85.69423944448374,487.9803316034437,582.6521579281482,19.612903225806463,3.117788831341984,1.978079050841501,2.3559699112897126,0.2366236192978022,0.4185,20.15820061981744,24.85475218856618,83.0220409622936,12.31844693358769,70.68639137164676,29.31360862835327,86.37662202045497,5.52049104260302,31.12591431556949,68.87408568443051,0.9099999999999999,90.74,14.73,51.04166666666666,75.41470741901777,48.2311320754717,8.264042073477999,21.1864406779661,0.04977176490422749,0.1308703075117452,2.307492015000848e-7,2.902023441631642e-7,0.05815553743132425,0.2466662045407122,GG
2906006,290600,30239,19558,530.5087719298247,73.90289608680598,73.85993206087704,343.1228070175438,65.85684937398088,65.94733387049388,582.2078455773814,645.5554240917432,-187.38596491228088,-35.32193524918155,-8.046046712825103,-10.88732260691686,0.247163172333095,0.5391,0.245405024471433,11.65118138504328,84.95976983802144,11.48402736568946,61.67696657519301,38.32303342480699,93.9492559827047,14.3839023734666,57.09534834771627,42.90465165228373,40.32,98.61,4.94,22.06490706752898,79.83442082368623,34.15486803006467,15.79617050799721,19.23076923076923,0.04729917095304332,0.0943073690895318,5.198340218771694e-7,3.082298395242273e-7,0.03387215995823754,0.02517994295694314,PP
2906204,290620,3515,2539,1757.5,21.1840777535634,21.55100145721315,1269.5,23.96572755996425,23.79232834628025,506.0868774880889,582.1514250028704,-488,-27.766714082503558,2.78164980640085,13.130851570505332,0.1965302230511869,0.4605,0.5357732717893312,9.090808289910532,90.10237024936197,21.49393218155069,52.21217880363752,47.7878211963625,95.36709436368146,1.749641744691178,59.93698698283725,40.06301301716276,16.65,95.85,20.54,1.183198580161704,78.4056048420529,45.17846578584106,8.973821937911184,27.4390243902439,0.2011970943840021,0.04151094437615498,4.238726174402655e-6,7.670721876386202e-6,0.180792669611566,0.06473032300074363,GP
2906402,290640,999,690,999,16.9115165238084,16.342772719332,690,25.3507196775752,25.2519938200683,513.7739467446984,578.5356059664766,-309,-30.930930930930934,8.439203153766798,49.90210748921247,0.3793294767856679,0.5086,10.86926938770574,15.71375892338187,90.56875734097747,12.41887194344919,60.6372922108896,39.36270778911039,96.40430507330959,0.6773368908078352,44.07412173465449,55.92587826534552,5.92,98.76,18.83,59.64912280701754,95.05855102303435,27.7511961722488,22.03325076385008,21.50537634408602,0.4028790576076945,0.01262881713714825,5.45105460728717e-7,5.66187816789295e-7,0.4821942073251252,0.02385462429590455,GP
2906600,290660,2680,2421,1340,34.9264242747045,34.96978864686155,1210.5,34.51601918046325,34.36178709399005,577.7761295954807,663.8066751216139,-129.5,-9.664179104477611,-0.4104050942412485,-1.1750561437761746,0.4302063378489807,0.6658,2.208459595156028,43.28696240278084,78.23635119592757,19.40604962329496,40.66277004013352,59.33722995986649,93.36057685533693,3.274934832810404,59.56645399338919,40.43354600661081,1.29,98.55,20.74,5.031055900621118,81.90483511415174,26.18012422360249,19.87632508362732,0,0.515602556803995,0.007448582884510886,2.238354798522597e-6,3.912803035512481e-6,0.6562970412645083,0.03527285099236587,PP
2906808,290680,6335,6381,1267,54.76715065691174,54.54990384954994,1276.2,50.21871783896422,49.93873807947346,476.1420466012009,566.5579420639583,9.200000000000045,0.7261247040252601,-4.548432817947521,-8.305038263613772,0.2223157007389627,0.4391,0.7335270706625854,9.98330078432268,90.7624836705719,20.47393631033502,67.13762882757156,32.86237117242845,94.85897113879595,31.64068170811034,39.13694454841987,60.86305545158013,48.14,96.35,11.95,65.16018306636155,85.68258381904711,25.39092295957284,18.19973117711078,13.33333333333333,0.09176549449032939,0.2619705481130915,6.931687080597562e-7,6.606191100621029e-7,0.12349117798105021,0.12983215157162,PG
2906824,290682,6118,5180,191.1875,72.92391413337411,72.359807604135,161.875,62.71985290670825,62.73546565598792,590.9192268795471,639.3978290898461,-29.3125,-15.331807780320366,-10.204061226665864,-13.992750317821883,0.2554408443486309,0.4641,0.03098918806858959,15.81795962689453,79.33271007735542,21.95425507195228,46.11887599537279,53.88112400462722,87.8778369611615,19.85134258660865,63.643714623375,36.35628537662499,35.14,97.15,19.96,7.338380896913222,85.38906512409031,38.78858474082703,13.81772891445868,33.89830508474576,0.02881946704054726,0.2354360179401327,2.172153956307967e-6,4.368751837096121e-6,0.03855105735513582,0.1631845496449815,PP
2906899,290689,8002,7322,1000.25,38.30837389267266,38.90308525178146,915.25,46.74788543594713,46.95573665000199,540.9725597296687,599.4520411364399,-85,-8.49787553111722,8.43951154327447,22.030461451898685,0.3834999803393717,0.607,3.847943661898336,6.954103705265017,86.96928225281349,18.54999944006477,75.41576912782934,24.58423087217062,94.39999892766099,3.989999516227596,29.52390558805729,70.4760944119427,7.16,95.9,16.9,3.545904343045629,84.1234617712326,41.94612424409016,25.6410271497594,32.25806451612903,0.1874031355988507,0.06991225023722025,3.190118599410381e-6,3.894633234202319e-6,0.1790446975582886,0.07192601204845132,GP
2907103,290710,10530,9414,457.8260869565217,62.41018923160145,62.63717479028381,409.3043478260869,58.5995850159679,58.22756745254596,521.1205197672243,597.4857717907406,-48.52173913043481,-10.598290598290605,-3.8106042156335533,-6.105740524984742,0.2264033663565924,0.4745,0.001624890172193348,17.36271108876485,86.37690375662305,15.87777639902163,55.57075735997286,44.42924264002713,88.16814562838367,6.117706370511637,61.27464593168565,38.72535406831435,43.29,99.09,23.56,62.7839065541856,88.38169952790892,19.20830629461389,13.58558600753969,28.03738317757009,0.1800500564532362,0.006556892219757534,1.858296263517711e-6,4.699520041522027e-6,0.3133196494370109,0.004041424796642636,PP
2907202,290720,24947,24375,293.4941176470588,70.59329142397296,70.81982653976883,286.7647058823529,68.41064108620054,68.43150966915276,611.8526981479949,625.1151173030751,-6.729411764705844,-2.2928608650338593,-2.182650337772415,-3.091866512730986,0.3243000004007263,0.466,5.23114350759976,22.8169775333916,81.19648904565044,25.93999989241865,42.18817385335761,57.8118261466424,89.16000000605752,38.13999992963138,63.66879511382565,36.33120488617435,52.93,94.99,20.33,20.53476745947584,80.18878400888396,21.20133313134374,14.480408951345,18.51851851851852,0.03032708092796318,0.2877084125336296,4.413188386502406e-6,7.080570917577947e-6,0.01759211685472946,0.6986180068593406,PP
2907558,290755,3886,3285,971.5,43.14906432139155,43.0526047096298,821.25,43.25178545603243,43.17069011330192,505.2594973520867,595.5691130690471,-150.25,-15.46577457539887,0.10272113464088051,0.2380610941543767,0.3094027271338195,0.5348,1.032505614432369,19.85067373170771,78.42427816176345,17.79195381386119,72.28411907116315,27.71588092883686,96.78440002536786,18.10676191830858,31.8656377666818,68.1343622333182,30.68,97.21,17.17,0.1253525540582889,70.21107580571947,28.51770604826073,10.29473147392576,25,0.2015670998706341,0.05835818930545684,1.989234732367145e-6,1.284725159523661e-6,0.2728308843709268,0.01077414350945453,GP
2907608,290760,2730,2369,682.5,60.96790125203773,61.76678844842577,592.25,64.31528828015307,64.3103256763945,512.7283724807927,629.9788907623545,-90.25,-13.223443223443224,3.3473870281153424,5.490408820663583,0.2988715898164858,0.4765,0.01270758615484387,17.06665841608525,78.24170713307721,10.56159533206858,52.03577882377835,47.96422117622165,91.7804307950919,9.943092140576997,50.03370717656432,49.96629282343568,13.18,98.41,5.67,1.903269144648455,72.58074400931544,20.46574115539633,30.70363238992901,16.042780748663102,0.1998453833817789,0.1827474144938612,1.373744263838158e-6,2.165868826605701e-6,0.1197823791034155,0.08267109245778784,GP
2907707,290770,2312,2011,105.0909090909091,86.86438017158814,86.61962289025995,91.40909090909092,79.27278532871331,79.35039556599311,548.1466907912809,599.2105560079083,-13.681818181818173,-13.019031141868503,-7.5915948428748266,-8.739594788886675,0.4625999999486825,0.506,71.61895310467916,27.49259617762821,82.56008946394614,7.030000013268241,75.48909992865637,24.5109000713436,96.2099999676025,28.40999985763348,54.55748865355522,45.44251134644478,43.56,94.4,9.84,140.1515151515152,82.64939485627836,34.71479500891266,22.34636868514734,24,0.01551341586138098,0.0741035445760906,3.043268642899057e-7,6.684457624079065e-7,0.04076983949536805,0.3081966600765309,PP
2907806,290780,11614,9294,1290.444444444444,52.77562683387816,51.35757535810868,1032.666666666667,37.89600451153678,37.52117629475321,573.1734526904866,649.7594870580086,-257.7777777777769,-19.97589116583428,-14.879622322341376,-28.194117654306535,0.1882424567303822,0.5118,2.420011787256053,9.867517728748306,70.51550781380031,14.68656396997059,45.18247081122065,54.81752918877933,92.9871268138805,44.21896444812763,67.20339532171322,32.79660467828679,54.18,95.94,14.97,3.294266708900855,69.2023585822588,13.76306620209059,22.60611033749856,24.22145328719723,0.3761667944699752,0.009868133805187711,8.465286307188373e-7,8.624289565755341e-7,0.4467622107210175,0.02708006548052023,PP
2907905,290790,2493,2335,2493,23.4882507623587,23.2909142834881,2335,24.7046858644801,24.5816592574141,581.2071100167695,665.1196965116474,-158,-6.337745687926194,1.2164351021214017,5.178908869922362,0.2971375612091757,0.439,16.38335243676259,1.915223785952486,87.0291511320293,8.833020390405881,37.2329688297904,62.76703117020958,95.04407847775737,8.828982931416732,70.820509842634,29.179490157366,2.2,96.81,4.28,95.73945104465383,86.1854712269903,28.63580499795166,19.17917484545474,37.81512605042017,0.4633905564666873,0.01999544280743122,4.284323318423342e-6,7.032179074933684e-6,0.3101325622610556,0.02857465606031558,GP
2908101,290810,1821,1809,1821,41.2409204365945,42.7074811314688,1809,42.8498634405705,42.4203394171837,666.7885432947841,641.893805864328,-12,-0.6589785831960462,1.6089430039760018,3.901326611877291,0.1889099832867376,0.4762,0.001186705038934286,18.85454630547221,83.63605991310378,43.0382210735367,52.74162727928103,47.25837272071897,88.45137260648607,3.233965865255164,53.54902780681581,46.45097219318419,4.19,94.27,59.45,41.32113821138211,78.58038887727368,43.53658536585366,12.78929826121515,20.24291497975709,1.022769847918856,6.155092895955484e-4,2.686424171044912e-5,9.968579391342458e-5,1.137455538264399,0.01280670044953029,GP
2908408,290840,10355,9339,1725.833333333333,37.17815989258333,35.85138687707365,1556.5,39.62672973689582,39.65554145615083,623.8283372212434,719.8347223261056,-169.33333333333303,-9.811685176243346,2.4485698443124875,6.586043664847847,0.2054771516968852,0.563,0.4838307006658317,10.98745001369403,77.14703935644417,6.638035485438796,42.903666701227984,57.09633329877197,86.48276667274818,32.36234719200228,65.9484729165745,34.0515270834255,51.68000000000001,95.58,5.06,16.97162350752054,76.78331784866316,31.45448906807257,13.31512933872187,11.9047619047619,0.2678127068580812,0.0632501224078355,1.783725534139804e-6,2.219981332720581e-6,0.2814006213900078,0.1189014021597041,GP
2908705,290870,9492,8225,949.2,60.3481028091938,59.31525218180223,822.5,58.33415125084245,57.90689221159469,579.6609594664462,662.52160265519,-126.70000000000005,-13.348082595870212,-2.0139515583513443,-3.3372243112910698,0.506496435353087,0.6859,3.236601512778225,8.746623228979963,86.98255698786781,12.70767809000861,56.9346014144082,43.06539858559174,94.91548219294556,9.561384614774264,47.44529829295477,52.55470170704523,10.09,98.79,8.9,0.8207343412526997,83.45163371854285,36.91144708423326,42.61560724053138,0,0.2111712519734274,0.04551917870571773,5.910613727863461e-7,6.150418456386848e-7,0.1780668692476541,0.007288118765434194,PP
2908804,290880,1954,2058,217.1111111111111,62.46132151125209,63.12714279893996,228.6666666666667,62.02974054309335,62.17787287084715,605.544982030449,661.0137082664376,11.555555555555628,5.322415557830126,-0.43158096815874103,-0.6909571519087919,0.5714928870415242,0.7024,1.907981151180444E-10,13.62211201262569,83.57253862531971,22.73997068736965,50.74007921703441,49.25992078296559,97.39976205644419,11.58049963266987,60.48070256528773,39.51929743471227,29.58,97.82,26.24,1.956745623069001,85.46336954009706,27.29145211122554,18.86799695975974,0,0.07663029300092351,0.06526429432200588,9.158107106160271e-7,1.374276260972381e-6,0.0875042567234602,0.004515575298436352,PG
2909000,290900,4313,3974,1437.666666666667,47.8992297598802,47.15619090821686,1324.666666666667,46.2336152523289,46.1366412617699,551.401774491905,664.5913461307954,-113,-7.859958265708322,-1.6656145075512967,-3.4773304620994026,0.3810866266853162,0.6777,0.08084233485387896,13.58327624952355,84.84635464374043,11.17302516153528,68.35016495135858,31.64983504864137,95.97414858466823,0.7630034879277137,34.65412138881527,65.34587861118474,24.98,98.21,9.59,0.4372540445999125,88.68274582560296,43.55050284215129,1.463054090462114,0,0.2299217993741249,0.04463114278454604,8.880897152267405e-7,9.889381041047989e-7,0.2378993214664839,0.03193106277276968,PP
2909109,290910,4078,2788,582.5714285714287,66.37347754625327,66.72684750457778,398.2857142857143,65.16681666775727,64.8155822137996,574.3592923400693,652.5086208645554,-184.2857142857144,-31.633153506620904,-1.2066608784959953,-1.8179865258003352,0.3549298872178008,0.5107,0.03473685384647756,20.12466568638156,87.27719397467934,33.96684816512923,54.42815984447829,45.57184015552171,89.24767174585978,3.049070572551432,62.63161664637204,37.36838335362796,0.8799999999999999,98.7,35.89,55.4673721340388,92.56500250698375,49.38271604938272,0.2297964290321415,6.944444444444444,0.5777334515703786,0.003744680694759763,2.127714188554654e-6,2.842768380661909e-6,0.7914547606728753,0.001035807833210269,PP
2909208,290920,5786,4626,964.3333333333334,41.76831709354362,41.39177161515048,771,36.44993866712247,35.57081872509913,506.913155466214,589.5053584325458,-193.33333333333337,-20.04839267196682,-5.318378426421155,-12.73304455745776,0.2675403330358809,0.5338,0.07128800534169356,12.95136668174423,85.62563674615394,38.56368354865699,59.56298691439123,40.43701308560876,93.10517301264699,29.84069598708896,51.821434856573,48.17856514342699,45.22,94.26,19.16,6.93232728130158,80.80600692203906,21.55152086771988,27.97939684161348,29.76190476190476,0.2643681894633817,0.07321335727277087,5.161040020747278e-7,5.360175594134463e-7,0.3825144339569167,0.01064049813128867,PP
2909307,290930,5102,3888,2551,45.35013614537685,45.55371515149745,1944,46.35446268384995,46.2344613774828,784.4705532555373,803.2087523755446,-607,-23.794590356722853,1.0043265384731015,2.2146053437493065,0.2935015271070331,0.5768,26.99640908633582,1.166765378608738,74.85675053366352,37.04020483794221,59.66595011147069,40.3340498885293,77.48007474263984,17.35018174198363,52.71133606987438,47.28866393012562,43.55,98.05,62.98,47.51719824890557,68.76022344989352,9.180737961225766,19.43841847157665,10.61571125265393,1.604753972541917,0.001367442878576434,2.516022622616677e-5,4.314158129573974e-5,2.536907582794439,0.001807150647025273,GP
2909406,290940,4994,4309,356.7142857142857,66.66203713181186,66.27728959673424,307.7857142857143,59.82872298389971,59.54521237503641,536.4345713516394,623.6451383288673,-48.928571428571445,-13.716459751702045,-6.833314147912148,-10.25068306028592,0.4742999998321118,0.5956,9.433918850362456E-09,0,78.58609563092908,33.77000000525646,51.24669991306347,48.75330008693652,94.07999999853456,5.82999999713921,51.93251533742331,48.06748466257669,0.52,98.23,36.96,0.05632216277105041,80.80521472392638,14.75640664601521,12.12121212416757,24.69135802469136,0.5100839076857191,0.03243217321069113,1.073261844427134e-6,2.451142698664077e-6,0.6589781252840786,0.01358141615343359,PP
2909901,290990,9046,6540,251.2777777777778,72.90319340828177,72.44468194773691,181.6666666666667,60.79523351649562,60.85227611000964,537.3066532569062,609.2614483008907,-69.61111111111109,-27.702852089321233,-12.107959891786145,-16.608270949089434,0.270008515133304,0.5701,0.04813995921936168,30.37603818869584,85.20166075290314,26.2077551317995,57.34439853618816,42.65560146381186,96.7739643902611,37.07640422311982,52.08058801136198,47.91941198863802,54.88,95.29,19.05,68.69194074817977,81.1473249582711,40.76073311574191,17.63865944583686,15.65557729941291,0.01869221741759361,0.2612243958759786,2.350054893691412e-6,2.412393185718232e-6,0.01603141398073017,0.5159708877811026,PP
2910107,291010,6858,6757,1371.6,40.84843433914696,40.40673960346482,1351.4,37.03836125647306,37.02153527848226,595.46890005198,639.5638592397739,-20.199999999999818,-1.4727325750947666,-3.8100730826739024,-9.327341780202653,0.5191228797942598,0.7627,8.829275852499137,12.83864471445167,87.38791812791976,59.48484172632224,79.2397924955869,20.7602075044131,92.09738671575366,1.601302897752297,21.98181512039064,78.01818487960936,21.55,98.74,22.12,42.02939513849633,84.24818993096481,58.19672131147541,16.88473113334339,0,0.1485969943459632,0.04886728612815955,1.188475696666564e-5,3.199855394449449e-6,0.2227510927036644,0.02570423275687118,PP
2910701,291070,23471,23103,1173.55,55.1971024884331,54.95499038573815,1155.15,45.84878822412811,45.35709704270506,586.087738222869,699.3689452129389,-18.399999999999864,-1.5678922926164087,-9.348314264304996,-16.93624093087856,0.3648305108897576,0.5547,0.3925728839753896,6.558135087662425,84.07939915690862,34.99304195962746,51.97283649357454,48.02716350642545,93.7010185962134,12.17082394860746,52.46818011440492,47.53181988559508,43.68,96.03,22.3,9.52179432924249,78.88561138182233,16.38453942728171,14.06523317574723,21.4190093708166,0.1807681083131476,0.01566666980114578,6.199856012494265e-7,7.389439762290921e-7,0.2557310550884704,0.08645048928133642,PP
2910776,291077,4405,3182,400.4545454545454,64.06130418589188,64.45727936538397,289.2727272727273,60.45618061268306,59.9078602780979,562.7509814965175,595.8844944223338,-111.18181818181807,-27.763904653802474,-3.6051235732088216,-5.627615015060483,0.4593074342952814,0.7068,0.115734390421282,40.93478945618771,72.2938348046813,36.41213147106829,47.87487206827868,52.12512793172131,94.04796535306123,2.347113225603435,64.83555555555556,35.16444444444444,0.5,97.09,28.21,36.48097826086957,84.28444444444445,66.91576086956522,0.7687606789877218,17.24137931034483,0.2504117043377087,0.009875775063793368,2.018038982885419e-6,7.109621542321605e-7,0.3473459216265192,0.008253166563168445,PP
2910859,291085,8372,8427,1196,30.17040703172117,31.28239347777392,1203.857142857143,38.1757644279818,37.87177977965199,512.0904075355821,579.4467060599362,7.85714285714289,0.6569517439082684,8.005357396260628,26.53380641449018,0.3641364843723611,0.5892,10.16577187743368,17.77204756033256,89.84354839377704,14.18689384254061,47.08274712522247,52.91725287477755,95.56519797116927,10.32991870512481,56.47946353730092,43.52053646269908,37.87,96.39,9.64,18.93900563813429,84.50405141100866,31.80420297283445,16.35608825525859,20.32520325203252,0.3287401105068025,0.05813411101971471,8.78196422195893e-7,8.710842622608996e-7,0.3670430807757944,0.03329588316150041,GG
2911303,291130,5183,4933,136.3947368421053,88.8410533275256,88.90148728458158,129.8157894736842,89.17778684178414,89.12156570769451,542.1602987538707,572.1561938528455,-6.5789473684210975,-4.823461315840278,0.33673351425854037,0.37902917811782666,0.2004440695910603,0.5552,0.00199214678134766,9.70094982578455,86.26979319726077,14.14324381788946,48.96681366325375,51.03318633674626,91.03441648245715,3.732023458797832,53.35844895708903,46.64155104291096,18.73,90.34,4.77,1.118326118326118,88.78985573830745,39.68253968253968,34.63984811784695,0,0.01498310268940237,0.0189577186874993,1.433769310386785e-7,1.282294484231476e-7,0.01547663799660734,0.003315320992298817,GP
2911402,291140,9052,8996,696.3076923076923,56.53061562974431,57.36384015749891,692,58.26310944236526,58.59754019180813,607.6940308359142,628.6106642341791,-4.307692307692264,-0.6186478126380848,1.7324938126209517,3.0647000626495524,0.3650752092903521,0.4698,7.457555319553188,3.818806586872493,79.61343610850443,26.02249284267822,67.41948939229364,32.58051060770635,95.52452545451969,33.6957594583384,30.91437802907916,69.08562197092084,31.53,99.54,54.57,70.37105069801616,89.49273021001616,19.14033798677443,26.82622501006577,20.83333333333333,0.03441407708146146,0.127488238483186,4.870058982850946e-6,8.137665599720481e-6,0.02903482442071722,0.3908088599145,GP
2911659,291165,5890,4784,841.4285714285714,42.77199759293113,41.84032783454157,683.4285714285714,37.87844183494687,37.75651546494574,524.1815760997994,626.834949158493,-158,-18.777589134125634,-4.8935557579842595,-11.441026918025008,0.360509469809194,0.7585,0.376424611615389,14.9409897376892,69.02077638613505,21.81604078425053,79.63990043279868,20.36009956720131,82.52089121887535,1.188025583387958,30.17766182134427,69.82233817865573,1.95,97.01,21.83,84.4520288206295,77.63697353708535,59.72696245733788,9.013581296180345,12.98701298701299,0.1865593214989453,0.07392557959698358,8.65055585640656e-7,2.016133409155605e-6,0.2150510145080134,0.01087601425147521,PP
2911709,291170,4807,3267,1602.333333333333,26.6057228346107,26.2026521556351,1089,25.3369350291754,25.37836583213423,914.878421022883,975.5199313051261,-513.333333333333,-32.0366132723112,-1.2687878054352986,-4.768852976942108,0.6302246007600228,0.7456,51.98359781933598,22.18142380014639,65.04208002610861,3.731929386003477,20.69625517458686,79.30374482541315,94.53605176935605,52.93888961371318,83.61405389378614,16.38594610621386,76.68,99.08,3.94,33.033505734202834,70.0710449190909,27.70407015965819,17.00521754193982,12.58389261744966,0.4165320922186475,0.01669881661074202,5.585372528865764e-6,6.646446460113064e-6,0.6186243227834869,0.01627958744167071,PP
2911907,291190,5221,4869,274.7894736842105,50.82218206108283,49.7238677702885,256.2631578947368,49.27882774085934,49.28512671640707,607.2120338260852,652.5918749480934,-18.5263157894737,-6.742003447615405,-1.5433543202234858,-3.03677303420097,0.2968631310813754,0.5856,2.498940845428022,20.72989566291559,82.46644882067945,37.65162988638781,21.77598054256085,78.22401945743914,98.68597282710142,28.62278856434623,79.31244914564687,20.68755085435313,44.23999999999999,99.29,14.32,23.53455818022747,82.14808787632222,34.99562554680665,33.46481765212489,22.0125786163522,0.2039336567696816,0.05233212686595792,1.452612462152228e-6,1.725553953076877e-6,0.2235080146306998,0.03421879966878942,PP
2912004,291200,6806,5586,1361.2,41.20412186488892,38.77293232423952,1117.2,52.7825133066456,52.72970502978732,702.6556390280242,730.3312313015126,-244,-17.925359976491333,11.57839144175668,28.100080568936775,0.2960998201850483,0.7174,16.27720669238278,15.55929231022332,90.53341120836947,14.4928893711636,51.83009009987546,48.16990990012462,94.38522459999092,4.454226429997762,49.47247266449261,50.52752733550739,1.33,95.77,11.99,97.43202416918429,78.10281987339344,41.20090634441087,22.22581518590278,19.6078431372549,0.347413142642321,0.04626577498534645,1.672402588945587e-6,1.41495256672813e-6,0.3519785652891694,0.005255834442772838,GP
2912202,291220,5536,6190,692,67.48800257399212,67.32942049873276,773.75,60.14222518257534,60.55373517417296,638.1428335154927,726.448893171243,81.75,11.813583815028903,-7.345777391416782,-10.884567791679801,0.2959599591052817,0.5129,0.1712295640867079,0.9953652490070419,73.26121735098982,54.18161527362533,37.0620740533398,62.93792594666019,86.13426414625899,17.98365190344472,65.7016233922636,34.2983766077364,30.12,91.56,49.12,7.392514692236313,67.80673442844068,13.57871945561398,14.44091634393084,15.82278481012658,0.02632310275742926,0.009638516703418417,1.009533313439575e-5,8.242621205076326e-6,0.1249646287600771,0.004937848419241468,PG
2912400,291240,6360,4401,424,65.21506938571312,66.43457303786877,293.4,69.37905619787345,69.36467414347013,541.3938598374926,592.8598625042077,-130.60000000000002,-30.801886792452837,4.163986812160331,6.385007102472776,0.3768172036169286,0.4342,0.0009706306759400258,6.671721994229181,75.51704862260358,12.86869528290225,41.25212719168258,58.74787280831742,95.81550076830631,6.603634762557279,67.14113389626056,32.85886610373944,13.15,96.95,27.51,106.8371317398555,69.96381182147165,33.35186214563646,18.79319708564757,23.39181286549707,0.06156691196544872,0.02751922405453541,1.068776746565445e-5,1.750943376369284e-5,0.09372432269543149,0.01772530499573181,GP
2912509,291250,3236,2821,1078.666666666667,69.54235643284039,68.9487063381395,940.3333333333334,66.33761450588807,66.3296481347373,539.9664754230854,677.5737530533388,-138.3333333333336,-12.824474660074186,-3.204741926952323,-4.608330938637749,0.4657999655478682,0.4946,0.08580152981142293,26.21192294323212,78.15962264823214,9.5400010565713,63.62289253618373,36.3771074638163,94.29999956457466,1.960001706776467,44.49974752939479,55.5002524706052,8.2,95.88,7.72,0.7176441474882455,75.07033109716511,28.48304875030933,11.56069141525882,26.54867256637168,0.1364351801327614,0.1510465957808315,7.415762162653581e-7,8.461091040479325e-7,0.1484366703781453,0.161465723267491,PP
2912608,291260,1902,1696,237.75,55.32236315460108,54.82191506516,212,61.29474229823415,61.38117092560773,536.0806123625397,588.0118681361985,-25.75,-10.830704521556257,5.97237914363307,10.795596578083552,0.3682042284812108,0.57,0.0003884736179999025,7.445656762344353,73.91136015655701,28.34212899437502,49.36692991160089,50.63307008839911,98.88446366260153,7.947219015694095,68.6358754027927,31.3641245972073,5.91,92.99,20.7,14.72320376914016,97.20730397422128,46.87868080094228,13.16367934445052,24.39024390243902,0.1837180773028488,0.0200486712475887,2.487921664533399e-7,1.881383850960255e-7,0.2533464137091351,0.01159576063629547,GP
2913002,291300,9447,7885,555.7058823529412,62.59941566320565,62.00083288858358,463.8235294117647,61.88994339499519,61.93869728043924,552.325254169052,610.7678397812009,-91.88235294117652,-16.534349528950997,-0.7094722682104546,-1.1333528607160217,0.2140326677522196,0.5282,0.9238945405759024,29.98187290902719,85.8471865287406,13.05301215856842,77.5112524903991,22.48874750960087,89.04458903058409,15.66511512237584,27.57696536558549,72.42303463441452,14.65,92.15,11.04,71.53614457831326,77.23336998350742,31.66415662650602,17.117986587397,23.80952380952381,0.1175915006837597,0.03137070543474141,3.427848482097108e-7,3.225245550981314e-7,0.07974790165930329,0.06949009461565406,PP
2913101,291310,1378,1258,1378,18.6524878425912,20.8546669574057,1258,25.1070129344861,25.0544677182183,504.5938223338783,604.1877742336613,-120,-8.708272859216255,6.454525091894901,34.60409756792121,0.2310950196421213,0.5625,0.0004945967873322355,0.3981001958794613,83.94836231185022,20.83074317567402,53.12452468107348,46.87547531892653,95.58492703607244,1.599646580386817,50.12401086571396,49.87598913428605,23.54,79.49,24.59,45.91651542649728,87.20325971418448,15.13157894736842,4.226714885687903,11.23595505617977,0.1323318234962828,0.05458360125935849,5.084718377154555e-6,1.025294032086918e-5,0.1906914690426498,0.03714058893556,GP
2913200,291320,6256,4425,391,73.05945426341508,73.64399682600673,276.5625,74.92655415038402,75.1019063583726,698.0251514553578,743.1631967189248,-114.4375,-29.267902813299234,1.8670998869689441,2.5555896985448805,0.3517686761793679,0.5676,0.8616711873535119,10.97559787709445,71.36216808770043,7.708826891582818,25.32299803041005,74.67700196958994,96.13042980088306,29.76824592845838,81.48486579097658,18.51513420902342,77.9,99.11,6.22,17.47831887925284,72.99067199695412,17.27818545697131,29.16429692087464,15.07537688442211,0.1105132073819834,0.01203999071006803,1.479608388870857e-6,1.134422965346977e-6,0.1008903478291285,5.254705616100443e-4,GP
2913309,291330,3967,3266,1983.5,19.59126052753985,18.69675963911965,1633,32.80846184651205,32.69550238518455,631.493879038833,656.0372633780761,-350.5,-17.670783967733804,13.217201318972204,67.46478257686638,0.265524932014829,0.5581,11.5549651118108,15.7522118442797,91.35016593980336,10.88734598071999,36.64142043295185,63.35857956704815,81.71204582787405,6.014579371466615,60,40,9.16,94.81,8.46,26.34601579325198,83.26860841423948,26.48959081119885,44.9206060305445,17.85714285714286,0.5731086050511345,0.0252850958108246,1.361640751885187e-6,1.163707325935318e-6,0.2805889549049483,0.007860420947812459,GP
2914000,291400,3720,3202,531.4285714285714,44.6411847909803,43.94402308952328,457.4285714285714,33.55525657698745,33.58117486117725,556.4548112313752,627.2952421217146,-74.00000000000006,-13.92473118279571,-11.085928213992844,-24.833409475800348,0.4569099434203328,0.518,2.372340429899682,8.877059309390265,74.5397863879933,11.80693358329507,51.84244888374504,48.15755111625496,92.91745233551755,49.71338595752191,58.9966920045045,41.0033079954955,64.94,96.89,12.02,39.04294653014789,73.15596846846847,20.44226393629124,11.5257241339796,18.2648401826484,0.3350942372140249,0.05858823664744102,6.76465224703096e-7,6.508013735085879e-7,0.3490781585356063,0.03950270267007774,PP
2914109,291410,2722,3016,247.4545454545454,85.15274067422551,85.22390309083036,274.1818181818182,87.3551475245124,87.34774482289419,595.951232702665,682.4847845072694,26.727272727272776,10.80088170462897,2.2024068502868914,2.5864192189806143,0.5257263929224897,0.5665,0.02423851189163097,40.05321665931156,89.33927060823892,6.285759358732268,35.82036814054543,64.17963185945456,97.9638819010846,2.065434402000561,64.8207813129279,35.17921868707209,43.87,95.93,7.13,1.624883936861653,84.74627466774064,75.30176415970288,8.296728846757112,62.5,0.04886090286586364,0.02341526974028048,2.721306271316688e-7,4.513147323861382e-7,0.0633023353419081,0.01589759221635179,GG
2914307,291430,6111,5449,359.4705882352941,54.04086799704427,52.65804236381572,320.5294117647059,62.85467538058588,62.87942608298734,533.8708598188604,575.3120552000232,-38.941176470588175,-10.832924234986073,8.813807383541608,16.309522237917555,0.3549250919875409,0.312,0.1261751277092075,14.84138036876186,82.11916087771117,18.16611690535855,54.91482008970869,45.08517991029129,95.81088616910912,1.988578113434231,46.83131407269338,53.16868592730661,5.62,96.2,20.02,7.8,72.99161230195713,65.93333333333334,23.41386215796842,9.70873786407767,0.1360408331020962,0.02492121366292931,3.246272270123128e-7,3.418418694308003e-7,0.1906444157653039,0.01156822911197233,GP
2914406,291440,10353,10938,1150.333333333333,66.82489734491469,67.27657655076706,1215.333333333333,59.07083835738155,60.26998978378742,551.6708044351469,629.276393543045,65,5.6505360764995665,-7.754058987533142,-11.603547922431966,0.2501552597837623,0.41,31.6019448132202,4.656278655885752,82.31636479614792,18.21492310141006,69.85886649356503,30.14113350643496,82.02969773758936,9.972461669061602,33.01744381080174,66.98255618919825,5.59,94.42,6.26,35.18237082066869,83.3990271720899,27.38095238095238,28.3458614924668,14.20454545454545,0.1096762713461957,0.003455837105859972,2.305739233920364e-6,4.555468693681072e-6,0.0812755386609164,0.01058958249688514,PG
2914703,291470,7629,7086,586.8461538461538,67.07402791956133,66.6824029785569,545.0769230769231,63.50084902321684,63.22905072768823,784.6659333654843,823.0986011927934,-41.76923076923072,-7.117577664176161,-3.573178896344494,-5.3272168187508235,0.2564135101036283,0.5965,12.06562117009847,13.4950541687048,70.59708276882161,10.7957200800154,22.11337932840459,77.88662067159538,95.2041642725976,67.82877421691852,82.21513723315775,17.78486276684225,82.03,99.32,6.24,17.25235379923087,71.78634137325571,20.84604163903991,29.30007548301785,11.5979381443299,0.2663495320117221,0.03147017932839329,2.592436168404826e-6,2.48931618044951e-6,0.2603017241984127,0.02635600325068291,PP
2915007,291500,8039,4341,535.9333333333333,70.97338907886162,67.66529944897297,289.4,78.27384658269587,80.21346771591605,539.2764567612207,579.4237074375437,-246.5333333333333,-46.00074636148775,7.300457503834252,10.286189793927408,0.31846158664697227,0.5481,12.83255700540524,8.657821469439002,81.23098819626667,24.11654512674872,56.16647451307486,43.83352548692515,95.99459383441166,9.88224504408451,63.44853214418432,36.55146785581568,31.93,97.95,14.39,125.112540192926,96.48457822370867,47.84565916398714,23.81448793640441,15.78947368421053,0.2048583011238794,0.02857797870512785,9.5830979010295e-7,1.118381170558559e-6,0.217395458347714,0.009828972004190306,GP
2915353,291535,9138,7867,217.5714285714286,65.20998163437291,65.42314665208964,187.3095238095238,65.92084462520852,65.98115240986701,440.1551359220733,533.1035467857743,-30.261904761904816,-13.908951630553753,0.7108629908356079,1.090113772491701,0.2439635536008781,0.5536,0.7327836228175095,22.83004303025695,95.8084743482759,19.11319744795043,79.07409951670847,20.92590048329154,97.2573656378917,11.46187729540742,31.22455626119525,68.77544373880475,12.6,99.89,12.28,67.41476046611999,92.28138739618954,24.55761760897713,30.73651159541383,18.29268292682927,0.01503676187302565,0.01344916675772917,4.058311005217282e-7,6.56597709436974e-7,0.03098843246155251,0.03928460194447291,GP
2916500,291650,2274,2316,568.5,49.72246872835453,48.1239206908098,579,47.4792039899499,46.2719561490006,434.2639002582113,524.0970879424547,10.5,1.8469656992084433,-2.2432647384046263,-4.511571520432957,0.2579283365630535,0.4496,2.543428948563079E-06,10.13166470247427,70.99656376705435,45.45875013346539,79.22701224184085,20.7729877581591,91.33971878714043,11.9443279369128,40.010747929443,59.989252070557,35.12,95.96,40.57,0.5089983639338302,80.67269393690333,26.2861297945828,31.15335756651963,28.84615384615385,0.1664150997767838,0.008462246326588074,1.307886424923957e-6,1.89819716614128e-6,0.2164505983631929,0.005501835274563418,PG
2916856,291685,3806,4746,634.3333333333334,37.70105327218305,37.11708528471065,791,33.79859424749652,33.96130958425585,561.6198829132713,604.566543315313,156.66666666666663,24.697845507094055,-3.902459024686536,-10.351061007533932,0.1960822204816222,0.6599,0.9798820078262876,4.266282583385858,75.61189919727302,3.568245864695859,31.00022911900296,68.99977088099705,95.20201893088417,3.215412721076427,76.0096827621353,23.9903172378647,6.22,96.89,1.66,54.40038684719536,80.69180787361448,15.86073500967118,24.19785864840929,11.04972375690608,0.1554413512168013,0.1881785864849828,6.779777089079053e-7,5.54312483335518e-7,0.1480449531715608,0.07088698780621426,PG
2917003,291700,10312,9283,1289,36.7241716736767,38.89567734638439,1160.375,33.83820209501366,33.91186694028573,512.3780366929698,622.4561187794958,-128.625,-9.97866563227308,-2.885969578663037,-7.85850149135332,0.2284532480337614,0.4353,1.010854351755185,7.812669412470159,82.00231987906673,17.24346147422277,72.84903213686933,27.15096786313068,95.94179020533053,21.50798444758732,38.46699158174568,61.53300841825432,50.21,96.35,17.44,17.96211626387982,81.37941219908433,28.13287300550527,14.88248290383213,28.91566265060241,0.1752189268308005,0.1766635483281296,8.864580934723266e-7,5.402245279666565e-7,0.2613138683013209,0.07711556952009888,PP
2917201,291720,12425,11719,1035.416666666667,54.36432575731039,55.12915922365357,976.5833333333334,53.16741252421341,53.23268768670637,658.1430404835112,636.0725041161186,-58.8333333333336,-5.682092555332016,-1.1969132330969785,-2.201651940723332,0.3483544362220545,0.5643,0.02513267596308772,10.11005829803691,71.0910560602959,22.72968864440887,63.75693842109925,36.24306157890074,84.79868810019967,8.299026682892864,42.12351756545088,57.87648243454912,29.8,98.42,39.52,46.25757279656049,80.40948758111435,28.63005667383232,19.9077470412225,17.24137931034483,0.09382512372470905,0.1244513108451788,4.877043349828156e-6,8.940180664282575e-6,0.07434011036983298,0.06270129032728047,PP
2917334,291733,4831,3002,536.7777777777778,34.9166565266245,35.86565502653973,333.5555555555555,34.65807235434396,34.64133048149701,517.0237416918638,577.7897966830157,-203.22222222222234,-37.85965638584146,-0.25858417228054265,-0.7405754101437751,0.3752106772530311,0.5754,6.7410687204878E-05,26.87321477157387,75.51814107358804,23.20076491793711,52.37302023863538,47.62697976136463,91.29077669390743,13.43294050383781,70.90876339728001,29.09123660271998,62.12,96.69,34.77,52.61519302615193,72.21471674322255,54.54545454545454,23.82958719253448,17.24137931034483,0.2608536085882763,0.01015565666267039,1.27804369487591e-6,1.577869114899156e-6,0.4883712470015254,0.01213617363968207,PP
2917359,291735,1606,601,1606,58.9150674569156,59.485052958999,601,60.6600730798616,60.30098357014,614.0141827949724,602.4291725028056,-1005,-62.57783312577833,1.745005622945996,2.96190040726358,0.5308451040034259,0.5526,0.3170953261015702,0.9141351406746797,67.95840518060227,68.87314274479719,66.00817437964824,33.99182562035175,89.12310091055768,45.53853551970355,38.63341968911917,61.36658031088083,38.69,94.57,77.83,6.989559164733179,86.39896373056995,11.02088167053364,15.25439256101184,23.66863905325444,1.344467273491512,0.004097508997825981,3.900804669185754e-5,1.250610325012519e-4,2.044215492833978,0.002827643554765803,GP
2917409,291740,11540,10222,824.2857142857143,62.64726565032449,60.52479151944372,730.1428571428571,58.11524189215221,57.91047980349983,550.1425330016314,697.131135892818,-94.14285714285722,-11.421143847487011,-4.532023758172279,-7.234192444197769,0.4721113191827201,0.6048,3.773184430172639,10.19268325540943,83.77244094941888,15.94958692560279,62.84826797659256,37.15173202340746,94.31817565251816,6.330651088231123,37.8428927680798,62.15710723192019,19.08,97.3,13.18,1.104707012487992,76.76641729010805,19.02017291066283,7.260213764033986,7.633587786259541,0.1919655580708051,0.01718681749706491,1.089382608222204e-6,9.276565455730346e-7,0.184301594230114,0.001806128072348929,PP
2917508,291750,21265,12096,1063.25,56.61286286136338,57.72411283425321,604.8,60.32342272744222,60.29576295389953,799.658956756597,954.8095410333757,-458.45000000000005,-43.11779920056431,3.710559866078839,6.554269963639636,0.3220293282814576,0.5618,12.46730852391427,8.924721393156414,71.72783587633855,4.66369189566304,29.56123026093713,70.43876973906288,93.95018616001465,54.44414087483893,85.20818425489078,14.79181574510921,71.7,97.6,2.32,29.29123278468256,67.93125614001043,16.34755346545739,17.9214463100636,12.59445843828715,0.3525669610837065,0.1527509401887359,1.93631997498378e-6,2.476021173563385e-6,0.2003598276390986,0.02270244261563467,GP
2917706,291770,9720,5261,607.5,69.50389218763013,69.45556406961364,328.8125,45.25425475665094,45.28741788709283,795.5037878869365,800.4527446293112,-278.6875,-45.87448559670782,-24.249637430979192,-34.88961073649771,0.2798073655469179,0.6074,13.21602039442156,13.46999256838091,75.56159102322668,2.141044916265066,45.18391720213136,54.81608279786863,96.40697430530223,58.10361675630747,72.00648734661404,27.99351265338597,74.85,99.19,0.84,55.15162262812555,66.68196701245448,58.13087426848732,7.917082402844558,9.925558312655086,0.09293098764138895,0.2083170066663781,6.329454842207827e-7,5.620875328271031e-7,0.05157354227087656,0.1111205867208883,PP
2918001,291800,2829,2926,235.75,71.36855981676905,72.32097359731,243.8333333333333,77.24068404588189,77.32170439576834,906.6490138225812,893.1756415739957,8.083333333333286,3.428773418168944,5.872124229112842,8.227886683140134,0.3671433854327938,0.5078,0.03471174361297563,8.056534991967911e-8,59.8463553603208,2.493309651144979,8.240662688703846,91.75933731129608,94.60262613150124,78.06761605277295,92.57472993558909,7.425270064410914,84.8,98.58,2.84,0.8671522719389525,58.55198700403912,3.167996300150307,22.41985978903051,16.31240731586752,0.2890791212441067,0.0374649629303187,4.746424227185997e-6,2.475965937947222e-6,0.2761972703134155,0.01160006492437629,GG
2918100,291810,15299,13977,373.14634146341467,78.35989008214982,78.05928713793678,340.9024390243902,71.8571128307655,71.48229200472444,560.0877799975996,648.13642386954,-32.24390243902445,-8.64108765278778,-6.502777251384316,-8.298604355579146,0.2532195351960601,0.5739,0.0270325883739364,7.058731364761229,79.64818318143807,27.75585220384529,54.0143992199591,45.98560078004091,91.95979586644265,32.42166679664449,52.43580513558916,47.56419486441084,47.38,93.64,25.6,26.70313790255987,73.30880196250966,40.87530966143683,22.39007038722304,17.27861771058316,0.1121192918115997,0.0819164588714216,8.229233104993012e-7,9.073218236194671e-7,0.1255581479642406,0.0317832071248676,PP
2918357,291835,1688,711,844,29.66388595614955,29.77632024367675,355.5,25.5962161589179,25.5962161589179,549.3058541459707,632.7746881974913,-488.5,-57.87914691943128,-4.067669797231648,-13.71253180801954,0.1342642847686795,0.5708,0.004161605278361117,12.71346974562593,83.76555411459374,19.8850423062728,39.81389123204552,60.18610876795447,96.8042003570932,4.668839017665353,76.7044997182645,23.29550028173549,50.18,97.12,19.35,0.7550886408404465,84.92715125171054,30.33486539724228,29.53471526578963,23.68421052631579,0.1659790781254175,0.01133641424358324,2.981990873445615e-6,4.593379198378004e-6,0.1993836540624998,0.02939795500728224,PP
2918407,291840,8718,10502,322.8888888888889,69.46721880538506,69.01739316147419,388.9629629629629,43.94072932839603,43.96067090902706,959.28874227929,943.6195816185154,66.07407407407396,20.463409038770326,-25.526489476989028,-36.74609393605122,0.4697260460854177,0.5564,2.753077978628602,11.08706123884534,65.01439090352304,11.6058667128398,20.31682047295362,79.68317952704639,93.31965152926351,63.7205753598914,85.16292526344688,14.83707473655312,85.94,98.16,8.41,11.08444250490945,63.64580913564083,11.95723325332752,19.66966613186509,15.0492994291645,0.03087361859496826,0.2701989040816929,2.726560068122273e-5,3.688238326487355e-5,0.01949628153771933,0.4914243838667294,PG
2918506,291850,2171,2647,271.375,42.85069112773475,42.64533847504971,330.875,36.12126223324915,36.09916161490706,495.1699270960062,570.0356574935842,59.5,21.925380009212343,-6.729428894485601,-15.70436489443232,0.1906661185679804,0.383,8.421885972352477,32.08812492027053,91.72468602617346,14.33626958527867,44.0307090471299,55.96929095287011,93.67181494859672,6.830711665824719,61.7447199265381,38.25528007346189,0.97,98.13,12.26,31.26014061654949,79.04499540863176,26.33856138453218,21.08379726365325,37.03703703703704,0.05822152788633568,0.09836643786044824,1.645634015404505e-6,4.716173893758493e-6,0.1046295746505414,0.1492923267482115,PG
2918605,291860,4841,4226,806.8333333333334,55.85228878265933,55.31864516268795,704.3333333333334,53.54426381634333,53.66174007075682,595.5065514614327,613.0160401860481,-102.5,-12.703986779590991,-2.3080249663159975,-4.1323731159833486,0.4073797865180969,0.6851,10.66441931305901,6.569374655156392,73.12506294836575,20.10212879730743,60.0705957159489,39.92940428405111,93.06436314674481,21.47551041836731,43.05461444640195,56.94538555359805,39.64,98.34,18.87,69.76511744127936,84.32036861363328,22.73863068465767,14.53346111844782,0,0.1602519463887435,0.01050860386431188,6.117001013375825e-6,2.906825960657304e-6,0.1256418988325471,9.95183357089482e-5,PP
2918753,291875,7766,6132,1294.333333333333,53.23832280634735,52.41957500345323,1022,61.99246981796379,61.97942087953464,489.8948640931197,571.8173928225739,-272.33333333333303,-21.040432655163517,8.754147011616439,16.44331855355279,0.3895133685616046,0.6924,0.6862723685959339,12.77388023478301,65.87497429002669,14.64342652708279,78.12712324070213,21.87287675929788,95.35873861736424,7.088543379870521,26.5531914893617,73.44680851063829,1.51,90.94,12.92,56.66418466120625,67.4468085106383,38.94266567386448,35.89386827422135,9.00900900900901,0.118876724657102,0.1052001116883087,1.106174096950594e-6,1.725339585112186e-6,0.1950875778548494,0.01228693418669803,GP
2919009,291900,2674,2153,243.0909090909091,46.64722982537099,45.51518608722085,195.7272727272727,51.72932076323134,51.71138693415908,468.1675153292205,538.6137357872148,-47.3636363636364,-19.483919222139136,5.08209093786035,10.894732563725034,0.316551723787333,0.5629,8.625787591204501,8.866656334498687,92.36279415910904,27.7211012447184,64.07300563048148,35.92699436951853,99.32375708188556,23.34150002259305,37.23041997729852,62.76958002270148,63.17,100,12.26,21.98407838334354,96.7366628830874,30.31230863441519,2.876362035824606,0,0.2597022748723459,0.01124410281673388,6.106052042590485e-7,2.54072230505239e-7,0.1800020129467388,0.0191525829396594,GP
2919108,291910,5281,4482,5281,18.0217945797218,17.7457822736217,4482,25.3380225398036,25.2351212364356,468.7825887059151,558.323684103816,-799,-15.129710282143533,7.3162279600818,40.59655617378999,0.4247721047512495,0.5812,0.1332932158043315,6.417802624689687,70.91089311909346,14.58354723315641,77.72885987143248,22.27114012856751,91.35107282507703,21.69158034570347,24.92512479201331,75.0748752079867,24.08,95.96,10.52,38.0327868852459,93.16694398225181,22.38450074515648,0.6919150564939693,0,0.352336950084819,0.003229759609207424,1.127542918397408e-6,1.109098922034046e-6,0.3836167578447707,0.102256899332206,GP
2919157,291915,423,833,423,23.5076737036702,23.6016226247776,833,25.8770631941211,25.8922429232651,520.0110966055724,610.5448867277884,410,96.92671394799054,2.3693894904508994,10.079217196557275,0.259896167479243,0.6418,0.04465320523423939,5.912187994542464,81.03735522537092,19.3655741131442,58.12299598243509,41.8770040175649,96.80164210318887,10.58262911262448,63.9159205916699,36.08407940833009,32.33,63.44,18.69,24.88241881298992,87.14674970805761,17.02127659574468,25.57780238377423,10.75268817204301,0.1081810606103651,0.03629025524451815,1.012207107592547e-5,1.385429217252883e-5,0.1678637967094927,0.02203887729035682,GG
2919306,291930,2516,2305,193.5384615384615,90.45557789290834,91.54986848087444,177.3076923076923,82.01443751219053,83.81232510471092,754.5633736530679,805.7572435817156,-16.230769230769198,-8.386327503974549,-8.441140380717812,-9.3318074764957,0.3591661265139793,0.4503,1.255116511178061E-05,0.05487571505169755,72.78438374962523,8.340988584654042,23.09777556061218,76.9022244393878,86.22577267248226,55.00983252776106,79.6245893946504,20.3754106053496,51.48999999999999,90.47,16.15,55.57742782152231,70.11731581417176,41.46981627296588,31.02249541049553,77.66990291262135,0.01418629422733899,7.48859842986376e-4,1.036327367016148e-6,1.141093037023555e-6,0.03598274743649817,0.001461846700763362,PP
2919405,291940,5645,5328,1129,62.09144125361824,57.9626289657659,1065.6,55.882177695029696,55.40469942316036,565.0990971326307,676.4870894312974,-63.40000000000009,-5.615589016829061,-6.209263558588546,-10.000192350546728,0.4070704912503044,0.6213,2.701888299027004,9.491105260970501,82.9384805182412,15.15752761344487,48.94640986763948,51.0535901323605,97.45621690545829,5.049165768615921,53.89555517998986,46.10444482001014,1.67,97.89,10.22,59.47617315387414,87.50211255703904,47.21716987995635,6.109598668348893,23.62204724409449,0.2283287534599629,0.05001202524369588,3.465766107308001e-6,4.864444124213705e-6,0.2409728521684347,0.02460638279184721,PP
2919504,291950,13567,13199,969.0714285714286,44.11447837229582,43.26877626144112,942.7857142857143,43.45330765438229,43.55601633365645,710.7655612985532,748.0223542321849,-26.28571428571422,-2.712464067221929,-0.661170717913528,-1.498761273642867,0.381908908186434,0.6671,23.29391609058045,13.60920065624654,73.82775699928695,36.29291404577966,52.092407675241454,47.90759232475855,97.59356138331586,32.37610904562125,54.201987056786074,45.79801294321393,60.74,99.19,19.98,28.32228810603418,69.82727189864187,37.22822927566562,18.95188557274888,5.988023952095809,0.1562315020604792,0.02969509227972348,2.631980874879366e-5,6.333805253230377e-6,0.1801459138769874,0.01691643610812589,PP
2919603,291960,4760,4419,680,63.3718191333261,64.4453492457774,631.2857142857143,64.92618706983278,64.82623494971558,478.367566755671,541.3030706350567,-48.714285714285666,-7.16386554621848,1.5543679365066794,2.452774684022389,0.2391747754601153,0.5282,8.086914656860911,43.06255997977403,89.07396881894215,20.5739385513596,39.55806474308865,60.44193525691137,94.34726402907616,44.48807940652319,63.42326827401455,36.57673172598545,43.20999999999999,97.01,12.16,16.56989727556945,89.80099502487562,47.34256364448414,12.31955670184561,16.66666666666667,0.3190364512878198,0.02063934799895957,5.152832348413567e-7,3.883130369192091e-7,0.301281059032407,0.01622357354133695,GP
2919801,291980,10170,8276,1452.857142857143,35.89544073988659,36.03593896149299,1182.285714285714,36.82454451038728,36.75125945349187,662.4573833933531,715.2902484335447,-270.5714285714289,-18.623402163225194,0.9291037705006886,2.58836150594546,0.3755746538267571,0.5602,53.43453571507421,5.331087658281276,69.97680694219476,9.210273505837886,67.20520665802223,32.79479334197777,94.77457945735485,26.81706423570373,46.64176424107463,53.35823575892537,32.85,97.48,8.27,23.74054253552316,73.91231472834806,4.54880974349511,31.82452027818639,21.41327623126338,0.193970708039475,0.02525384760405676,1.420573004661944e-6,1.288870588801556e-6,0.253074494027709,0.01662050796395582,GP
2919900,291990,2501,2145,138.9444444444445,62.42753352462891,61.79566843977845,119.1666666666667,62.16579779635996,62.36844297932294,571.5915238528333,541.5118779701143,-19.777777777777814,-14.234306277489022,-0.26173572826895253,-0.4192632857514586,0.5028298788760314,0.5769,10.91231335435453,14.80664948170366,85.89683220804312,6.633017531187039,59.79010410117105,40.20989589882895,93.44235374931122,9.498222263406651,36.96401489039018,63.03598510960982,52.67,87.09,9.02,6.232849862798902,85.75761753757067,38.6515092120737,18.79042334943849,10.75268817204301,0.01790657854957079,0.121426463444627,6.827129600291223e-7,1.513128577506842e-7,0.008926797541721031,0.4296030813546375,PP
2919959,291995,2879,2684,575.8,47.21776544740942,47.51207135471448,536.8,55.14962554753044,55.22097683414586,533.3810552137195,613.507073688361,-39,-6.773185133726988,7.931860100121021,16.798465630389543,0.6644534909418458,0.6048,0.3173676227949566,22.65218683647835,88.72989712415462,7.742706956400617,60.24541827243331,39.75458172756672,90.87321046372925,24.77373132165627,48.06368330464716,51.93631669535284,45.8,77.83,9.46,14.37817845584836,89.80206540447504,37.40175681923255,16.14282462775171,16.94915254237288,0.08916293233396506,0.03458173002865773,2.978255453607283e-7,2.54580522391635e-7,0.1272591851837903,0.02664822292572181,GP
2920106,292010,5871,4650,838.7142857142857,37.08199236617776,38.57477070362911,664.2857142857143,43.47514861967507,43.4454796010096,567.3640484109015,586.1943883876679,-174.42857142857133,-20.797138477261104,6.39315625349731,17.24059535519582,0.1897939436809529,0.6105,0.1545113431634604,7.28449614454659,83.14974512413046,15.26701286815384,42.82494134077168,57.1750586592283,96.76471627235627,53.11584269996712,64.70554926387317,35.29445073612684,69.37,98.38,15.1,85.49985839705467,80.67950169875425,31.20928915321439,18.80029167987603,0,0.385717963732432,0.01092759301938521,5.847945366657842e-7,5.534864556515617e-7,0.4163608962921253,0.007327350996328822,GP
2920205,292020,8084,5438,449.1111111111111,47.98994899827564,49.35559751395871,302.1111111111111,42.2822196371817,42.39578313555047,504.4802287200529,539.9307456304439,-147,-32.73132112815438,-5.707729361093946,-11.893593304921067,0.257553955983621,0.5432,6.263136588281666E-08,41.30945191749493,95.55757387106591,27.3083045790554,58.54751548400882,41.45248451599117,91.98560327816988,15.08698870169792,55.21979811136437,44.78020188863562,1.22,93.41,39.15,51.99543899657925,91.16248778899381,45.89509692132269,25.86775159694318,13.04347826086956,0.2736142426935991,0.01165097590779115,2.315033078182219e-6,3.391704951284503e-6,0.4141817798790858,0.003896015541149978,PP
2920304,292030,2586,2346,862,28.06526991240823,27.22778648471993,782,29.3670364028523,29.38557564564817,602.2329890192,832.8988589074709,-80,-9.280742459396752,1.30176649044407,4.63835371798271,0.6617948346182785,0.579,0.6922298525572124,33.79491983200695,81.12526337546724,16.67100461015018,61.34383301284359,38.65616698715643,91.43351954794788,10.93005779066928,40.81891580161476,59.18108419838524,26.56,96.98,16.04,30.18242122719735,75.61707035755478,56.0530679933665,11.68236509088907,21.50537634408602,0.1927795452042542,0.1781632555062576,9.043448117567974e-7,1.197602573693574e-6,0.2838425926368854,0.1004182767108124,GP
2920403,292040,8729,7823,396.7727272727273,45.4107799818073,45.41968035344539,355.5909090909091,49.60419611874021,49.64734767168292,523.0751889432249,1095.061218889306,-41.18181818181819,-10.379195784167718,4.19341613693291,9.234406761154286,0.3615356068797174,0.5507,0.01603813380485402,6.357762493407107,87.31197561670388,25.05423880267533,48.43342573984697,51.56657426015303,94.80067070417675,5.583517793704614,55.10248267898383,44.89751732101617,8.5,97.78,26.61,0.2769315978953198,88.36605080831409,39.90584325671559,0.899699435142594,7.246376811594203,0.2181126846458888,0.08181990750967678,5.781899312222173e-7,3.952707903768356e-7,0.2422687562666635,0.04933797295487211,GP
2920452,292045,6654,6951,1109,75.83370374693271,76.53979201226376,1158.5,78.91882020284615,78.84528081109069,586.0983964836473,585.2261945453394,49.5,4.4634806131650135,3.085116455913436,4.068265564621353,0.4487966356061693,0.517,1.242696326010705E-05,2.925437413058256e-8,65.58164114567978,18.0000106761461,62.02319582102284,37.97680417897715,89.04007378892739,3.040186042583581,41.84990267464494,58.15009732535506,0.34,93.24,14.64,103.1683168316832,79.90051185927474,6.831683168316832,34.48244688432555,39.47368421052632,0.1504943400665645,0.03512085537389818,3.914480985731016e-7,4.368303002911784e-7,0.265039816887252,0.02867281022954935,GG
2920502,292050,4766,3549,317.7333333333333,47.94093331210583,45.19664190190478,236.6,49.99500486184932,49.86338796023408,524.0092205959367,724.933855788352,-81.1333333333333,-25.535039865715476,2.0540715497434903,4.2845881542836075,0.2221177833635275,0.5285,6.623991934857635,4.533520333091359,79.23230805835287,18.20878040205819,29.89443566063146,70.10556433936854,97.32652545763568,9.952451236946803,78.84489884707418,21.15510115292582,25.99,98.56,9.98,3.642384105960265,69.85715321586542,17.02538631346578,25.85974070039186,13.24503311258278,0.3334526680279258,0.1611001117977045,1.817172683409197e-6,1.138711087017541e-6,0.2821343870666587,0.01228111248445041,GP
2920809,292080,3233,2271,359.2222222222222,41.41620118980954,38.58556167867751,252.3333333333333,44.34721880008755,44.25064682124854,528.2512921601455,609.3461378424893,-106.88888888888889,-29.755644911846584,2.931017610278012,7.076983224137874,0.38897131323299883,0.6283,13.47893381345002,24.10887587421056,92.11364487406908,26.88363938864292,49.16324625930851,50.83675374069148,98.10004007760979,13.7993262330459,55.96716708067826,44.03283291932174,11.5,99.12,22.01,14.03435274403016,94.88065665838643,28.27817343946376,36.35242967088056,17.85714285714286,0.2996812093051213,0.03685302977518645,6.69830023475594e-7,5.362061802362149e-7,0.4087856174339111,0.03769763020829026,GP
2921054,292105,5657,4426,942.8333333333333,40.55494152858036,40.4910863009632,737.6666666666667,36.03359999576443,36.26494234787465,474.0490569660493,602.708913109722,-205.16666666666652,-21.7606505214778,-4.521341532815924,-11.148682163996195,0.3693340190907027,0.5345,0.2379438137015755,48.34243023487292,85.64128399192306,14.01041794793294,68.69199140209578,31.30800859790413,96.27130062448819,3.284061215116578,38.44887683965918,61.55112316034083,0.5900000000000001,95.67,19.32,51.43992055610725,89.53330751355539,52.43296921549155,25.8137620120259,28.03738317757009,0.2239004773396915,0.02306895798003213,5.152778914269356e-7,7.220275538525652e-7,0.421168220424004,0.004938115762723303,PP
2921203,292120,10104,8765,631.5,61.25120418769174,62.03895859836153,547.8125,66.16068176732638,66.08199900148327,561.2419087614853,653.8986077585048,-83.6875,-13.25217735550277,4.90947757963464,8.015316016629736,0.230844770633415,0.488,2.525932830371507,13.2348257160184,91.69245462814685,15.35887055372062,39.21911469490561,60.78088530509439,92.22469486433361,41.63399105439491,60.38425606239084,39.61574393760917,57.09,97.84,12.57,6.363764639480738,79.5483163410374,12.23366727811486,28.98656841961697,29.41176470588235,0.2418713187933775,0.1601801573452061,1.075022996491448e-6,1.005819228571195e-6,0.2564831730733284,0.0110304209554927,GP
2921302,292130,3036,1255,1518,61.65385192299514,61.06757928590605,627.5,58.22039109336515,58.4834947005068,573.9416225299531,593.701252711975,-890.5,-58.6627140974967,-3.4334608296299862,-5.568931579357498,0.2943726505942247,0.3772,0.6078146077128941,4.460418255045935,82.59576763051835,9.554941044707375,24.80503356347532,75.19496643652465,96.03523063620966,9.21842587301567,81.63173111673292,18.36826888326708,27.65,99.6,2.11,48.88152444076222,78.93024936754608,23.1980115990058,31.23110872255608,29.41176470588235,0.3217057305410778,0.204488241744634,1.297393969771379e-6,4.84159061047581e-7,0.1504719609544603,0.02730966636829791,PP
2921401,292140,6117,5905,436.9285714285714,69.46964272432967,70.47267848121473,421.7857142857143,61.35161308549195,61.40540194208237,455.7361384376994,503.0767661604294,-15.14285714285711,-3.4657511852215066,-8.118029638837726,-11.685722454413353,0.4375064455055215,0.4562,0.1593070272273432,19.69967104029841,88.48574404577663,16.65907772188347,51.83461554991176,48.16538445008824,81.93760906772293,18.72099833448821,47.92752701843611,52.07247298156389,34.11,96.86,17.86,27.02402135231317,87.45708836617926,29.00355871886121,10.7170979526942,38.70967741935484,0.09653895041861235,0.1279745105389029,9.370636126069236e-7,1.458717141855661e-6,0.1381450441800693,0.01342953192053347,PP
2921450,292145,7826,7249,782.6,35.17772085178398,35.77965876048994,724.9,42.06870530810429,42.19748798614104,476.0088696760137,555.566247859077,-57.700000000000045,-7.372859698441099,6.890984456320311,19.589058897119667,0.3527345178178345,0.632,1.336956168757738,16.63404113106528,80.51302922802064,20.85218739926133,79.19227803467032,20.80772196532968,95.4326005171984,19.65631993790097,21.35350162066594,78.64649837933405,14.79,96.35,19.19,42.1895510632712,74.69796680090364,24.75715410868994,8.679166802686327,20,0.1316224940474308,0.05733381517920975,7.7637071241114275e-07,9.864126893250088e-7,0.1429240780971796,0.07814003478419057,GP
2921500,292150,27291,24187,1240.5,43.06000514475232,43.42511839703016,1099.409090909091,35.70630075600617,35.53477798937219,438.7323724952944,544.606553956619,-141.090909090909,-11.373712945659735,-7.353704388746145,-17.077806572539007,0.2395562078393578,0.4736,0.1852795287017032,5.591507186120963,77.91643591188937,12.10153627952189,81.80678112166703,18.19321887833297,96.13129723346186,12.04025071899091,26.22154271472553,73.77845728527447,12.39,97.05,14.35,25.20768294618763,89.63704525938803,21.40854013439865,21.02346333933403,24.87562189054727,0.06983465090489939,0.2661858661290715,3.537717458580769e-7,3.174830493869887e-7,0.1146797541341793,0.1553647360121433,PP
2921609,292160,3144,2430,142.9090909090909,85.31410195006035,85.43987634073197,110.4545454545455,90.1692233955548,89.9644649794973,567.6427375375653,560.1797805754107,-32.45454545454541,-22.709923664122105,4.855121445494447,5.690877984435037,0.2860135881754127,0.5898,0.01304470179343557,56.05749017932192,88.84114844433456,17.3955244188976,35.5538820983348,64.44611790166519,95.31878796590206,9.853134098525032,66.59979939819458,33.40020060180542,36.22,98.59,21.74,78.9867587795049,94.33299899699097,58.4916522740357,30.09440645040783,9.803921568627452,0.09865337275829308,0.01702338113577847,3.139081740946445e-7,1.475823031758929e-7,0.1165138913606611,0.004702417494799306,GP
2921708,292170,13622,10035,238.9824561403509,73.46990973367038,73.66948460463037,176.0526315789474,72.49810895067392,72.5567455089949,565.7745063896168,672.67265732972,-62.92982456140351,-26.332403464983113,-0.9718007829964534,-1.3227194459871356,0.1651046757887095,0.561,26.04224997094054,2.031668376017696,74.74024373906141,15.4221796774136,42.25519518388012,57.74480481611985,95.5591433949003,10.27067259273308,65.4118490633683,34.58815093663171,45.11,98.04,8.22,49.77142857142857,75.97024289683607,5.268571428571429,15.71929153211298,17.85714285714286,0.05285208297354963,0.01355740756932636,4.018138576170131e-7,2.055226974082571e-7,0.0777225641128305,0.002921351460837793,PP
2921807,292180,5122,4359,1280.5,64.26869622310295,62.8077027332588,1089.75,65.88187920643448,65.19486961940405,634.7723002287873,630.6111278223952,-190.75,-14.896524795001953,1.6131829833315265,2.510060228593261,0.4638050642276325,0.6516,0.1273987765645789,8.955616036700595,84.25700002335147,15.98086520124969,52.97133330354786,47.02866669645213,94.02901858219641,2.176662171694813,53.37765001796622,46.62234998203378,30.95,92.75,12.26,19.29512281950872,78.04527488321955,57.35137059451763,15.21745632895469,8.547008547008549,0.2615436116870858,0.02859397356246051,8.060982591180032e-7,8.188031959982437e-7,0.2395581880397979,0,GP
2921906,292190,6485,6965,270.2083333333333,64.83460555177895,63.1759683996133,290.2083333333333,54.12792278262462,57.24493157184521,1096.256968198662,914.8324072625337,20,7.401696222050886,-10.706682769154327,-16.513839604690176,0.2122367049943899,0.4708,0.3969615234356862,0.1441170489375315,82.51711407763166,61.22213991351153,60.51548458749391,39.4845154125061,97.64353180118998,37.00913291885306,42.59918827134929,57.40081172865072,35.4,97.64,75.36,32.03040173724212,69.67613683425826,23.5884907709012,10.43749491400732,28.73563218390805,0.0241847286782882,4.191118163064907e-4,6.135469397514643e-6,1.021829196026431e-5,0.02944422730388561,6.194604800278025e-4,PG
2922052,292205,4768,3880,953.6,63.5955793325491,63.7752926943805,776,56.67637875339738,56.60915685381738,436.224576284562,528.6671366653544,-177.60000000000002,-18.624161073825505,-6.91920057915172,-10.88000243377039,0.1644087869573745,0.5676,4.348375787776272,21.59442479036346,99.10564643584254,13.62150535272023,51.1936139714438,48.8063860285562,94.62159019945652,1.17484642921135,47.07582325652141,52.92417674347859,18.83,98.76,6.22,18.44532279314888,85.5730473800289,53.80764163372859,48.24178810615327,10.36269430051813,0.07950669596310955,0.0544454428306689,1.272196716340482e-6,1.740522969074721e-6,0.06815992340036833,0.01551288407470672,PP
2922102,292210,9799,4748,653.2666666666667,73.3930816194836,74.58633603410867,316.5333333333334,72.55607273539782,72.41684664446704,566.3867209226892,616.2890225925929,-336.73333333333323,-51.54607613021736,-0.8370088840857761,-1.1404465729145459,0.2031761514847922,0.6207,0.2973076017971977,11.39982833971492,78.32493520797462,30.1062988676643,43.98684290762746,56.01315709237253,95.62765714794115,37.0433186316592,71.26403518925801,28.73596481074198,30.08,97.76,18.14,24.84041076880377,91.6251881004746,19.31723563696919,9.509233395341473,6.451612903225806,0.3721034349797848,0.006424199967628007,6.71302710039368e-7,4.757309235499898e-7,0.4193055082135297,0.004550997216120561,PP
2922250,292225,8397,5651,233.25,65.00866974625646,65.87182624904769,156.9722222222222,66.39980778637215,65.89843315965129,492.5341632959376,572.3428088630808,-76.2777777777778,-32.70215553173754,1.3911380401156919,2.1399269444300555,0.308252719982277,0.4094,1.253310311638693,19.22802267446689,87.40822648784885,37.72091511599238,86.58471681621266,13.41528318378734,97.87741670199217,15.2679883440679,40.02873563218391,59.97126436781609,38.39,97.99,27.45,33.13744694743716,94.08045977011494,33.03950375448906,5.792425353121798,18.51851851851852,0.2869015518981421,0.009623342074876414,1.341670757172412e-6,2.283459358566458e-6,0.281284283983635,0.009524066132906123,GP
2922656,292265,6255,6979,2085,41.14687341704707,41.1311936443405,2326.333333333333,36.45015727710147,36.21443871950827,460.4054181532647,578.6354295786329,241.33333333333303,11.574740207833718,-4.6967161399456,-11.414515247225953,0.2126388702238155,0.5999,0.1014063322521565,11.01545473832503,82.05427331594214,9.069831483756074,68.16859764550394,31.83140235449609,91.43214077622459,4.500449594649623,35.54768392370572,64.45231607629428,26.11,87.42,4.77,54.2495902598923,56.35967302452316,16.3427768672442,0.3568537254772101,6.369426751592357,0.1316480796472987,0.1967108840558511,5.710676088875356e-7,4.873942423757309e-7,0.1449886813862576,0.1541351149440341,PG
2922805,292280,1055,1047,527.5,50.82013531071185,47.71044634430415,523.5,45.37794773598245,44.9228127470315,447.2978773276928,550.4610797994869,-4,-0.7582938388625593,-5.442187574729395,-10.708723110350107,0.08562211336131174,0.5949,1.710548051909053,1.130017155833495,82.48005801423788,15.9747439803744,60.96728369702042,39.03271630297958,84.05688533337104,7.48215541853133,79.32630496271535,20.67369503728465,11.17,99.11,9.55,8.635578583765112,87.51607096940087,33.07426597582037,11.38875927411184,0,0.1952084570862658,0.3055191051824013,7.204821843606773e-7,5.504563710742489e-7,0.2912625955974478,0.04660887795246809,PP
2922854,292285,4563,3349,760.5,50.09054500006625,46.8358101829524,558.1666666666666,61.595649118893,61.70970131366148,531.3411271256905,579.7569875068442,-202.33333333333337,-26.605303528380457,11.50510411882675,22.96861437385346,0.3526545100403656,0.4409,0.0109444702445832,25.80540911762671,88.14921560772586,17.07235300792402,39.3637659984752,60.63623400152479,95.36477503616723,11.11705594595621,65.41373356355426,34.58626643644575,2.46,98.3,15.59,34.74178403755869,86.99694514543765,35.26995305164319,12.66610006872917,35.71428571428572,0.2867283750661043,0.01557899053743294,2.301544858290223e-6,3.632611995990689e-6,0.298869308598167,0.008565272841318012,GP
2922904,292290,5505,5930,1101,46.24479752617174,45.98334352444598,1186,33.41890064339104,32.7740575682415,499.0420979812139,565.2516096017034,85,7.720254314259764,-12.825896882780697,-27.734788708982933,0.3272182581488917,0.536,14.35856878882739,10.54494765783455,92.51923305582432,14.42918526169596,53.11358275329342,46.88641724670658,93.67573115340886,3.2480147806713,45.78890817422928,54.21109182577073,15.26,98.49,18.11,48.91478514202476,85.08141168691627,32.33794610342316,13.11662453631266,29.22077922077922,0.2045495167833717,0.0099288480207759,1.352914279764561e-6,2.196353159346321e-6,0.3390300934842853,0.03184806960037426,PG
2923035,292303,5914,5408,985.6666666666666,83.23967173341228,81.97626666967064,901.3333333333334,79.95554949110725,79.61830709649777,597.1902961158586,550.6575475933741,-84.33333333333326,-8.555968887385855,-3.284122242305031,-3.9453810591936653,0.2892290720078645,0.4045,7.497053943461966,9.43205918575254,82.86645156389032,14.78169132392926,66.95168624782663,33.04831375217339,92.06733184377379,10.43765903118021,39.84199658856271,60.15800341143729,0.45,99.08,14.85,3.244566880930518,83.29293473381811,12.94765840220386,0.8715931948614462,14.70588235294118,0.1752747484182667,0.0252915332606264,1.477064245669588e-6,1.644564205969239e-6,0.1433983624033175,0.01436638281727672,PP
2923050,292305,4972,3755,1657.333333333333,56.54445710928394,55.6538558798911,1251.666666666667,40.5359665472217,39.8844530074134,494.1181304906273,621.495260572588,-405.66666666666606,-24.477071600965374,-16.008490562062242,-28.311334798249987,0.3703739876388011,0.5834,8.220564164753139,12.90865717346361,59.82364357207206,11.49169580882333,49.75732828382415,50.24267171617583,83.87627400896024,51.55451148975374,62.68768768768768,37.31231231231232,76.53999999999999,96.59,15.08,17.36011477761837,62.67830330330331,28.26398852223817,22.81382791456145,9.615384615384617,0.2927109374848361,0.07536368046434855,1.127779652883141e-6,8.388086285885059e-7,0.3081477000556648,0.02045304792809565,PP
2923209,292320,12463,10500,389.46875,59.81367223579414,59.861843262478,328.125,62.31970333668639,62.29327875193228,536.6409670351026,604.7671783495433,-61.34375,-15.750621840648318,2.506031100892251,4.189729550483231,0.3354817449050227,0.6013,0.008656983129231608,15.50823193175874,80.53666019884477,8.971367802074214,68.61018717606055,31.38981282393945,92.20007135694765,12.82270242295536,40.03091936808541,59.96908063191459,9.38,96.19,7.4,2.443306510607169,81.56432677907145,34.20629114850037,23.82185341329605,3.98406374501992,0.05624587596497802,0.06395620589755929,2.793984694835225e-7,3.474303430541842e-7,0.09196140330243019,0.06407426571183161,GP
2923357,292335,1843,1288,368.6,60.85121744619068,61.74458738590706,257.6,41.41614389168002,41.2727353105911,472.9693579825377,532.372513071269,-111,-30.11394465545306,-19.43507355451066,-31.93867661184699,0.3371298199437413,0.5624,1.010496680303076,21.83706276823732,84.09670430689984,16.43905224740041,60.31271573819777,39.68728426180223,94.40734010605931,18.55321587318683,60.41926758218893,39.58073241781107,55.98,98.54,3.93,11.65231431646932,73.46025801081981,18.70290635091497,29.68489426220786,13.6986301369863,0.1252344203387153,0.2266317921190835,5.963956047861985e-7,1.157837320993097e-6,0.1067671370801975,0.03128019975643872,PP
2923407,292340,5371,4628,413.1538461538461,42.19147609554896,42.85738925912225,356,40.81303589393222,40.78541699675154,500.8715394567761,599.2692542380311,-57.153846153846075,-13.833550549245935,-1.3784402016167334,-3.2671058924201843,0.2042329310452559,0.6242,0.2684485610288272,28.86131088345212,88.3511404561568,20.87021919550666,52.63099147081602,47.36900852918409,92.02277808535852,16.63943686784527,49.88535539826538,50.11464460173462,8.4,98.37,26.19,43.67326057298772,78.78077958329179,33.04911323328785,27.693811471006,23.25581395348837,0.2130230238927627,0.01479054393983917,4.792779510724644e-7,5.987394621050733e-7,0.4320370817903954,0.008006378303080174,PP
2923506,292350,5209,5965,651.125,78.7104486684332,78.23304081792521,745.625,76.29517543272773,78.41448786557953,713.608859690331,795.4297379284409,94.5,14.513342292186602,-2.4152732357054703,-3.068554780928488,0.2922135899483603,0.4455,34.28691062876714,0.02715930030111529,77.6216204844746,14.50638584937375,39.08427418560408,60.9157258143959,78.63250529025782,29.90660240617779,65.56052938886727,34.43947061113274,61.08,91.03,8.06,25.33705253370525,75.20435967302453,23.33798233379823,8.480742994458176,39.0625,0.05871419943051037,0.006064715651547857,1.8125398101908e-6,1.101512094233805e-6,0.04420938873236568,0.001140374154464142,PG
2923605,292360,8453,7389,1056.625,50.2120551480665,49.65024729328699,923.625,50.51202167720355,50.47557339167334,675.4799096541616,787.8034020440847,-133,-12.587247131196024,0.2999665291370519,0.5973994258002456,0.3526327388792159,0.6053,0.4092026387464033,12.63567102764262,68.28587783387681,10.12757198761591,52.42049585030247,47.57950414969751,93.19809280584059,38.37100933858617,62.09744825212645,37.90255174787355,34.25,97.4,7.05,0.02986857825567503,70.06735827720144,28.97252090800478,10.80818967867115,22.93577981651376,0.1328642099732774,0.05985015740243212,3.325957472664257e-6,3.576292870191457e-6,0.1594911951425331,0.00724482716578985,GP
2923704,292370,14939,13925,786.2631578947369,66.73669945064411,66.7025827269135,732.8947368421052,69.72160067940153,69.66223003676421,542.2877612205679,562.5251341500249,-53.368421052631675,-6.787602918535389,2.9849012287574226,4.47265335764011,0.2446836347098529,0.3564,0.02306897498307424,17.79233361771648,90.44608990099998,15.19658751807339,62.87065355285304,37.12934644714695,95.8661451951347,3.309242594033133,41.87493589524428,58.12506410475572,19.16,95.94,13.13,76.07468519322622,92.7416321925536,15.12519901577652,33.12415897235749,36.93931398416887,0.1485484725455895,0.02385994245288062,6.904696938625552e-7,5.754916643960904e-7,0.18217858542425,0.009258932056938448,GP
2923803,292380,3884,3437,1942,28.520675412953,27.97494447108445,1718.5,30.6206396781642,30.31747723310205,594.3370868934863,634.1501859570966,-223.5,-11.50875386199794,2.0999642652111987,7.362954189568299,0.5272826840042497,0.5376,1.918303673744679,13.32428292375112,76.02985817903915,31.03222917698021,64.81763751781233,35.18236248218766,94.9765529497843,27.03311698165397,40.86312544641179,59.13687455358821,38.37,99.58,36.96,62.21221864951768,77.25273485959174,31.88424437299036,8.424174228563276,18.45018450184502,0.346761127689153,0.008936562410776342,1.446165004032394e-6,1.679032797462394e-6,0.5204504435545755,0.01600749366081989,GP
2924009,292400,13409,11287,838.0625,62.98118136524171,63.68353614324758,705.4375,62.28089876997834,62.29593367710738,1073.181399640755,989.3904551306823,-132.625,-15.825192035200239,-0.7002825952633671,-1.1118918065418215,0.4794644701598896,0.5472,0.5772507658507694,14.40802214758077,59.94673203156996,1.266333956321464,14.61815646245004,85.38184353754997,96.8786170309465,82.21439758931625,87.32391859544212,12.67608140455787,86.18,95.85,0.84,20.2618883528601,62.06430141399041,33.19090282563749,23.226419309385818,14.40733464309103,0.1247743413467228,0.1201631824420667,2.720465028923884e-6,2.642954033323226e-6,0.09969482011414173,0.2607878596445666,PP
2924207,292420,7474,4512,1245.666666666667,36.7590047592326,35.6824252269079,752,32.58284012377906,32.30676989731612,449.7700459370681,519.3789555714089,-493.66666666666697,-39.63071982873964,-4.176164635453546,-11.360929554015295,0.4618733588906589,0.515,0.6165446439917084,15.29936192087762,69.68682079362037,32.27416330896434,79.96943940351213,20.03056059648786,83.58018356221922,7.231120496458791,35.74510932105868,64.25489067894131,22.91,96.25,26.95,12.14689265536723,85.68757192174914,44.35028248587571,18.94776755373476,32.085561497326204,0.2936786234061269,0.05325979385739867,6.579338524491881e-7,4.927774478462628e-7,0.3791746248178634,0.01477809904566666,PP
2924306,292430,12560,10615,628,79.27953254009324,79.18163498040359,530.75,75.6647502011934,75.87426067140068,626.7908503515962,752.56349394008,-97.25,-15.485668789808917,-3.6147823388998432,-4.5595404300243265,0.2131285573078179,0.5738,0.7486680518493812,4.988659199623951,90.47643972167442,11.09448798312268,57.72444855986944,42.27555144013056,90.82606696491663,5.584869963434627,53.70758483033931,46.29241516966068,22.97,95.9,8.68,61.03503826016915,79.64071856287424,12.34393878372936,28.44556112840485,28.67383512544803,0.05580737903067588,0.004023767364727436,1.632962014088019e-6,1.175127630837824e-6,0.03549280417787338,0.001592591455027707,PP
2924405,292440,21469,21528,185.0775862068965,87.22957278711141,87.52896574461367,185.5862068965518,84.29789392917891,84.5328341973504,503.6628447807238,542.622440652882,0.5086206896552881,0.2748148493176833,-2.9316788579324964,-3.3608772395199287,0.3043543359214831,0.393,50.46646987366973,20.78630861826769,84.5591112866385,17.49232618581926,66.16782293765475,33.832177062345266,80.90337091197567,2.582152431750735,36.95381127798243,63.04618872201757,19.91,92.72,18.43,44.92601431980907,83.08019268914707,33.12649164677804,15.80911370322145,17.27447216890595,0.01683617168930902,0.04564257561177654,9.249513029202623e-8,1.32436798026377e-7,0.02648947408035494,0.188637369623481,PG
2924504,292450,692,580,692,82.3009299496761,81.9509782760248,580,79.3398134439355,79.2182361183986,502.7515468230729,623.9946822513033,-112,-16.184971098265898,-2.9611165057406055,-3.5979137873061893,0.3975581069096917,0.561,0.1538628870461131,18.45297373156212,80.06080770987006,14.19344657877834,71.96669818005923,28.03330181994076,89.27232999269582,3.633922944410689,30.12031812929101,69.87968187070899,0.74,97.83,8.21,63.60416666666666,84.21589286928149,35.20833333333334,18.88800252306074,20,0.3523470352631703,0.03300759445397808,2.801343812292963e-6,3.864743164246462e-6,0.7254888612536776,0.01714768787819808,PP
2924603,292460,7500,3634,1875,58.92436296704128,59.97205841311042,908.5,67.45114145976548,67.18077524773895,488.810656570222,563.6018163055292,-966.5,-51.54666666666666,8.526778492724198,14.470718160319459,0.3455040275384896,0.5985,6.907713092718885,8.417698872249044,85.80535187884479,9.874007238129998,44.15638255676537,55.84361744323456,95.42112871228515,42.21906823338972,72.78411180581095,27.21588819418904,38.25,96.74,6.84,46.90355329949239,84.47958808385437,55.32994923857868,15.75640218936691,11.85770750988142,0.3056190702234631,0.04710201810468867,1.479562544800566e-6,1.543913639530017e-6,0.2674408836908749,0.014601601046893,GP
2924702,292470,3645,3078,1822.5,54.42207219816305,54.5734866390951,1539,54.7201858413878,54.6824146752779,546.8482340895689,610.0602022468564,-283.5,-15.555555555555555,0.2981136432247524,0.5477807646486766,0.5323913679791049,0.7184,11.13892819414427,7.527920082162778,67.19138864189172,8.815040147366151,52.57773570509539,47.42226429490464,85.95286705592302,4.681747061180084,55.73412047665901,44.26587952334098,17.73,94.55,8.41,47.18954248366013,87.73368317481142,23.66013071895425,25.08318315754829,0,0.3097594299699214,0.02488296897099377,8.678815450378878e-7,5.188675612885411e-7,0.2507062142230959,0.01655041543109117,GP
2924801,292480,6886,5050,626,47.76190355405912,48.14527612069408,459.0909090909091,58.1494227703598,58.04197272113056,561.369331887514,611.0088107109459,-166.90909090909088,-26.66279407493464,10.387519216300682,21.748545270067826,0.2148951514948271,0.5957,0.5406458666118813,15.40734674101333,70.5850545500302,15.65177203459921,32.5815613141659,67.41843868583409,96.80767340075155,36.14610307149562,68.82701962574167,31.17298037425833,47.59,96.94,14.89,48.10126582278481,88.532633500684625,19.40067166106949,25.71870923630089,17.44186046511628,0.2884617930889934,0.01141120077861288,8.353967782091456e-7,9.372325514689291e-7,0.3947576595032227,0.00541648853044452,GP
2924900,292490,4544,3014,649.1428571428571,49.10874414523612,47.97204870407516,430.5714285714286,56.98420541015307,57.04770724410781,504.7667057199174,566.3691304776559,-218.5714285714285,-33.67077464788731,7.87546126491695,16.03678001136774,0.2325176393833567,0.4718,1.04914685631552,2.280088993037979,72.4512441631807,22.90240429852748,57.12813921093459,42.87186078906542,93.7577142041445,2.331691594454438,47.26318420394901,52.73681579605098,3.25,97.64,17.2,23.09677419354838,82.20444888777806,50.40860215053763,30.25717428548067,16.66666666666667,0.261000272582473,0.04093052924533642,8.154722020217978e-7,1.157939733899059e-6,0.2402976912913554,0.001020959431908392,GP
2925105,292510,8445,7503,2111.25,29.64652579351247,29.71423251872935,1875.75,48.9402544752619,49.00819036086222,613.433614037596,676.2190597484692,-235.5,-11.154529307282415,19.293728681749432,65.0792231647307,0.320297989273079,0.6268,1.939094397104493,16.9821744206129,83.33630921420016,8.657709233487473,27.05407672557394,72.94592327442605,95.96062569745956,53.09424940645948,77.32954663239288,22.67045336760712,70.03,98.07,6.37,5.240103828682673,81.69116275213003,26.47631408176509,10.83491149104548,12.45551601423488,0.6142199731536533,0.0826229486087874,7.357632522943034e-6,3.855174398505785e-6,0.5711272134569944,0.05302377271873542,GP
2925253,292525,9453,5850,1575.5,28.2923460650965,29.0970069298122,975,35.4436146198882,35.37460633482812,527.8027882043615,506.0118729367855,-600.5,-38.11488416375754,7.151268554791702,25.27633635732326,0.3225310187490947,0.5061,0.01182048139415648,23.0154489510892,90.61790315414285,23.88930154233339,46.9833599274706,53.0166400725294,93.51669415151997,12.86925497114065,70.15841142347166,29.84158857652833,25.75,96.17,9.93,1.520334473584188,90.01561802766622,74.9524895477005,5.021110479220436,19.6078431372549,0.3278416988147983,0.0323384486302343,3.899393184003248e-6,2.144648072308977e-6,0.1805174994399623,0.03378169602442452,GP
2925600,292560,4034,3598,2017,33.69685481883395,34.61225603583335,1799,40.81694054439934,40.81694077682405,553.7743361094256,632.2784582877013,-218,-10.808130887456619,7.120085725565389,21.12982283909123,0.2744662510954681,0.6199,60.04306499364922,4.049469699392684,82.44752368357015,16.46729201676176,36.81684963450945,63.18315036549055,95.6368929556123,8.10625319523923,61.71957671957672,38.28042328042328,8.15,99.76,11.17,115.9814086521273,80.91269841269842,12.12012870933143,20.72978151985052,12.5,0.248507605873181,0.1122766880844982,2.85264032233058e-5,3.385277011872436e-5,0.1311853316080989,0.06097227538555899,GP
2925709,292570,11341,8915,810.0714285714286,48.64238989306623,48.03481192386189,636.7857142857143,48.11675559052254,47.97878131423716,485.4140634872397,590.1525949198931,-173.28571428571422,-21.391411692090635,-0.5256343025436934,-1.0806095335760226,0.4742452775901717,0.577,17.21165679784556,9.106851344429941,84.76840310145296,12.89836344387881,69.08636976639502,30.91363023360498,89.02785426205604,30.60368095553922,40.56902837216674,59.43097162783325,19.31,95.87,13.22,24.56277734273036,82.326834680615,45.70608196293396,14.42439675747975,49.58677685950413,0.1684784293319776,0.02574353367840471,3.670804472871689e-7,3.947952128981634e-7,0.1717490791947366,0.0215850646571079,PP
2925808,292580,444,349,222,30.2497001619275,29.1867945873104,174.5,27.78193320000305,27.77589317976905,539.816328096112,636.7289750394192,-47.5,-21.396396396396398,-2.4677669619244504,-8.157988174145277,0.1827209726856456,0.3754,0.1381736631864046,21.47776572716993,84.69638177421615,15.0034460184008,49.73630557643845,50.2636944235613,92.32984695403839,37.42143753008187,52.76045276045276,47.23954723954724,46.45999999999999,92.97,14.64,93.37866857551896,78.5015785015785,33.60773085182534,18.36618211325665,19.6078431372549,0.1082567243534709,0.08937511084417611,7.601561276876545e-7,9.006740526293057e-7,0.256635950665533,0.04809449829809322,PP
2925907,292590,17498,14800,1346,43.62555232899815,43.4087076226475,1138.461538461539,37.26355369365967,37.1742516799261,480.5273495868057,553.5086006847869,-207.53846153846098,-15.41890501771627,-6.36199863533848,-14.583193325232985,0.3485581955529674,0.5506,0.003001643259530701,12.0186632327645,83.19610717261577,28.94037128033895,74.58732333402395,25.41267666597605,96.33605396242423,16.69100413340378,35.15909450688618,64.84090549311382,20.06,94.63,11.33,2.378664103796252,82.97451321829983,40.71359923113887,8.949413098703994,19.41747572815534,0.1380468899963847,0.154903644356872,4.210262607010744e-7,4.007257565902661e-7,0.2058540513736829,0.1268886503835874,PP
2925931,292593,817,746,817,21.6754018303976,21.9274030140585,746,30.473246178497,30.4973199831091,436.9409226215862,577.0285469888712,-71,-8.69033047735618,8.7978443480994,40.589071505753104,0.479991835696355,0.5968,3.490673372425449,9.109511763856856,88.98973517810931,12.22832479692115,59.99960283119501,40.00039716880499,97.77188568191562,5.572235313355255,51.80480575844183,48.19519424155816,9.81,92.45,11.14,5.926130099228225,82.76701598391024,32.13891951488424,73.81328327344244,24.69135802469136,0.1977815809308839,0.05736719160945576,7.504835646821698e-7,7.105075882145937e-7,0.2805321110586649,0.03476793429393104,GP
2925956,292595,4834,4250,1611.333333333333,28.37534944860997,28.1109274966312,1416.666666666667,26.87048158759287,26.76749204037057,510.2937637807844,521.1483811088921,-194.66666666666606,-12.081092263136084,-1.5048678610171002,-5.30343375591739,0.4485017969049754,0.6417,0.0004741575998237053,2.147282443379806,70.52630575546182,4.901400280957896,70.04963216926917,29.95036783073083,91.26033444409583,11.70773190131433,34.84809933336726,65.15190066663274,33.87,98.38,5.3,6.484858094181069,80.58114090885961,29.06294593309022,13.33294604474949,4.926108374384237,0.2523437014737575,0.01250164056590571,8.179594090997165e-7,6.981889837600157e-7,0.360365294498703,0.07420156474808938,PP
2926004,292600,12509,12904,305.0975609756098,72.53069890375473,72.96609824704139,314.7317073170732,72.63810675164699,72.98679907068339,612.1263845066021,659.0878650330807,9.634146341463406,3.1577264369653824,0.10740784789226154,0.14808605116957077,0.1928162884693761,0.4704,3.914605431653856,39.79461856908031,74.7709813435458,24.65737145965096,39.87488162710812,60.12511837289189,88.5245204452057,49.77277192946642,66.13145887285732,33.86854112714268,60.65,94.71,16.75,25.87988826815642,80.09125662843753,52.41620111731844,19.33895361104031,18.65671641791045,0.05521836574974161,0.1342882059684468,4.332527794268483e-7,4.885939797905644e-7,0.05875520772695829,0.4713635200897787,GG
2926103,292610,1510,1160,1510,26.3764217163267,21.8265026590851,1160,24.5530752837172,24.7354118612895,577.384152507013,596.2489798766037,-350,-23.178807947019866,-1.823346432609501,-6.912789203248409,0.2538330637270761,0.5803,28.05149718155637,11.06841945775286,95.63732197946015,7.794277212372418,42.68302932731653,57.31697067268346,93.77731391619282,27.98823231599146,52.86647581296337,47.13352418703663,40.89,92.6,9.39,97.0827067669173,89.06261469573515,46.07518796992481,6.560350762827607,9.950248756218905,0.2444226529996485,0.1424062923215749,1.678315507079907e-6,2.068323700321079e-6,0.2105922076458514,0.5081742422767077,PP
2926400,292640,13376,11479,636.952380952381,55.65990757496215,54.86623483561083,546.6190476190476,49.24776184409536,49.11985745303112,548.6441343380462,617.8582720029432,-90.33333333333337,-14.18211722488039,-6.41214573086679,-11.520223461081,0.213038715022446,0.6439,14.28309480180863,9.211762377787553,87.25606027299428,17.88380354581689,56.81583455160309,43.1841654483969,94.81159255292424,6.670803510615356,44.16824135010099,55.831758649899,13.58,98.18,16.71,38.94673847995212,81.22760148563238,11.21484141232795,28.86508924511944,6.872852233676976,0.267260484503656,0.02467565620967683,1.030357405020843e-6,8.769534891223073e-7,0.4121314592731269,0.00808100900535543,PP
2926509,292650,5792,5580,1158.4,59.68419715831766,59.12531520638316,1116,48.933472062187,47.86138060716318,438.6912478388886,544.5656770963609,-42.40000000000009,-3.6602209944751456,-10.750725096130658,-18.012682766953205,0.4000936048513321,0.5795,0.02000262980884511,8.594735953598605,90.58102194632673,26.40711485143506,85.96192239044179,14.03807760955823,92.25001417308579,1.676528016769293,40.96088250235866,59.03911749764134,4.01,89.87,44,53.60297536029753,83.17004136729807,13.83077638307764,1.34236719062345,13.60544217687075,0.1790818025773263,0.01970399209072029,2.505763617282439e-6,6.353206924754133e-6,0.2930578304199456,0.006667215467120438,PP
2926608,292660,13336,10760,1667,41.86959015580696,39.89462942417963,1345,25.7556911618711,24.80723025014922,630.6626249092699,745.3640740474198,-322,-19.31613677264547,-16.113898993935862,-38.48592482986366,0.3443619412676833,0.5264,0.3186195967658429,4.855604943648897,73.22045085270128,13.39577462848633,45.57662966785754,54.42337033214245,95.32751894336643,33.86261596365222,63.61464083280851,36.3853591671915,54.95,99.16,11.81,46.56894182317911,60.57311154743823,23.44480073293633,23.51622328186908,23.90438247011952,0.39962532015284,0.01056145343264103,1.526995578266479e-6,1.910753738899567e-6,0.4271798971516668,0.02414404518111047,PP
2926707,292670,7984,7071,665.3333333333334,54.33080709141763,54.2356662956966,589.25,48.91096135832014,48.92918086943795,639.4661292044718,715.9794524814633,-76.08333333333337,-11.435370741482972,-5.419845733097496,-9.975640015761227,0.2510409402852535,0.4933,0.4466474726252619,14.27072430139885,83.2803985873646,18.99564599614847,52.6756939035986,47.32430609640139,95.84120557372259,22.22036223278809,50.23142878822369,49.76857121177631,37.38,97.87,24.73,14.54378444580527,79.17140905986797,20.51439069197795,28.31470029415742,33.89830508474576,0.07644970020505402,0.002328525450108413,6.609927443937608e-6,1.600023837852148e-6,0.07745503921610677,0.001377797547805208,PP
2926806,292680,12782,11969,1278.2,32.72185156263397,31.19016178162771,1196.9,35.3245140950273,35.40544222105079,554.4529907337379,594.162962259546,-81.29999999999995,-6.360506962916598,2.6026625323933246,7.953897496941707,0.4227140948386734,0.5825,18.64190375578607,16.51530852621247,72.76569714493068,11.27421885905176,59.55332834086635,40.44667165913365,98.04299651600851,16.00521429434354,45.88280060882801,54.11719939117199,50.28,97.63,9.67,73.07489451476793,85.35007610350075,46.94092827004219,33.50113885617797,21.27659574468085,0.1780992938242543,0.05528481387294425,7.871590776478345e-7,1.068756841362592e-6,0.2496240292350905,0.01446219457794014,GP
2926905,292690,4718,4064,786.3333333333334,79.55049751813975,79.49854379329575,677.3333333333334,77.36004911793204,77.27005362209647,581.8143694608004,694.0288371675114,-109,-13.861805849936411,-2.190448400207714,-2.7535319935720457,0.2541009125018401,0.3316,9.486809364004554E-06,12.95423104813958,77.0683368249966,12.550002839894839,55.80650173797869,44.19349826202133,91.51003086016121,2.889998877106371,51.67746854746473,48.32253145253527,48.3,96.56,9.42,1.308016877637131,68.43309187952727,51.22362869198312,26.08684741762974,42.25352112676056,0.1087885423379356,0.01512111427973917,1.661226600546619e-6,5.239792268611517e-7,0.1489642494166668,0.012305417696173781,PP
2927101,292710,1261,1260,66.36842105263159,70.80223049405619,70.95449302757427,66.3157894736842,75.69283481063681,75.91769083838699,665.4333467796562,690.5147422753429,-0.05263157894738413,-0.07930214115783492,4.890604316580621,6.907415603229032,0.4668861376061816,0.5533,33.58876142120478,0.2308580146739362,76.0485068094931,10.07894963235678,16.63150423831287,83.36849576168713,91.25474126709058,85.67253211397433,79.21321029626031,20.78678970373968,82.74,97.77,24.45,39.07125700560448,86.02234094220495,0,39.07128502808117,19.86754966887417,0.008112480248544876,0.0377358746315291,4.929422784565255e-6,1.424908209900588e-5,0.00350630240715073,0.08699219442859733,GP
2927200,292720,8305,6543,415.25,63.1659648923827,64.06855049121052,327.15,66.96965061132443,66.88352488233097,632.169006417691,657.2465521289965,-88.10000000000002,-21.21613485851897,3.803685718941722,6.021732946567266,0.1599985703042764,0.5857,16.97769403063894,14.37690718403898,83.87012873788339,16.92930388028222,26.39876428129631,73.6012357187037,95.70998097134927,52.71701414086042,78.28504639795992,21.71495360204009,71.27,97.26,6.86,62.62904335856848,78.55776723099808,24.54691442991512,27.70872944465088,17.49271137026239,0.2657646714756356,0.005064144072619865,5.639862612242689e-7,5.942700563830001e-7,0.2632563229034329,0.006923034120251223,GP
2927507,292750,6777,6850,3388.5,26.69179271620195,26.0593925080176,3425,31.79743330058785,31.83570683232325,552.7741211126297,589.6507606152684,36.5,1.0771727903202006,5.1056405843859025,19.12812915442271,0.3901874542976547,0.435,45.82287190048384,5.61793977562905,82.28648598501488,13.61268059929831,54.12673060441526,45.87326939558481,95.28117749126042,6.541433668225053,45.9613088129926,54.0386911870074,13.01,98.09,7.08,50.23830538393646,87.15548125149272,17.05207413945278,39.34522322489165,31.74603174603174,0.8055185073502831,0.08927581452531595,2.046523933227622e-6,1.609946134053457e-6,0.596944345619801,0.1576182141374612,GG
2927606,292760,8419,8525,1052.375,47.43308837831857,47.69841314324167,1065.625,47.20799819138955,46.69128329015271,514.7795689793201,528.4563772934468,13.25,1.259056895118185,-0.22509018692902316,-0.4745425495673834,0.3122852276389624,0.4823,3.875819307958948,13.84076733183352,89.0642172949307,19.00469127027617,60.8037800317551,39.19621996824491,92.24968278721128,36.59435688370075,34.56005352960857,65.43994647039143,32.88,95.16,13.42,4.938512590279133,79.84610237537638,15.10833495998438,25.11805418658515,34.82587064676617,0.2320309996235425,0.06428840053905131,7.297992761767955e-7,8.665050305626501e-7,0.2112590028526334,0.02770981939946154,PG
2928000,292800,5113,5356,1022.6,41.67194789328468,39.5738799626562,1071.2,41.1584534078783,41.1112535221456,532.112006193862,622.3501308728507,48.60000000000002,4.752591433600628,-0.5134944854063832,-1.2322305804407367,0.2135474363838746,0.5277,0.1663801146106375,15.46226791743536,82.81440333427413,12.40670796615535,39.09806946647395,60.90193053352606,79.44691504818992,55.28890791696993,64.07358390682901,35.92641609317099,68.67,93.15,7.75,14.04094671119501,83.13922710428798,44.85262087991869,24.43735263489664,20.08032128514056,0.1714795124919219,0.107610127414316,5.949505948446742e-7,5.942710080859972e-7,0.2310193353767017,0.1444841641087544,PG
2928109,292810,8412,7530,1402,55.997369337483,55.98066030603029,1255,57.50277258520483,57.40008993006283,723.6249092188231,789.4822773926692,-147,-10.485021398002853,1.50540324772183,2.6883463732896415,0.3440651326005578,0.4337,0.04505597454170173,6.459982982191126,74.46856285398076,12.83811791515711,41.04508791867579,58.9549120813242,96.41825797153002,13.31528016203608,63.96139276633284,36.03860723366717,34.75,98.41,12.28,41.62645472608572,84.48445851279124,13.5963667328981,10.62673623002575,25.31645569620253,0.6849914731687826,0.003261194105994971,3.801415620630769e-6,3.122976957263374e-6,0.8832463425377713,0.003251498500007572,GP
2928208,292820,10659,10140,627,64.78703213192807,64.76407514758085,596.4705882352941,61.89860239156661,61.47039674124414,613.967827003481,673.8145724785554,-30.529411764705856,-4.869124683366166,-2.8884297403614596,-4.458345513465797,0.2679137888001296,0.5182,0.03552085861133947,15.88734353046719,84.98093091124258,29.48482863722063,46.25724589377975,53.74275410622024,95.96871142188743,12.826933426897421,56.2044386845942,43.7955613154058,13.55,92.1,28.32,79.54835184847933,85.38393001781954,23.62046985977053,16.96860493137728,11.02941176470588,0.3539651335266642,0.003934655516027138,8.631181753351965e-6,4.827445687914445e-6,0.5179043306545309,0.004122208614718221,PP
2928406,292840,6213,4830,1035.5,85.96082563712743,85.25829610598824,805,78.5021076177589,77.92436120981748,577.5473179019828,642.4360357412163,-230.5,-22.25977788507967,-7.458718019368533,-8.676880386019734,0.2507656157784905,0.5389,0.7021697969193884,3.180596515987978e-8,84.40980582395727,18.58503510712994,43.68062978015917,56.31937021984083,93.3887609324186,14.01915886348171,64.34763524635136,35.65236475364863,12.81,96.8,24.53,16.45957721478134,93.17824353487691,13.8776827497176,16.125155182603,17.69911504424779,0.3179718007022403,0.02267398207343261,6.343537791091082e-7,9.94676283644868e-7,0.7718954175970176,0.01692475395548777,PP
2928505,292850,2832,2886,2832,36.2243388185036,36.3269143900011,2886,32.9298564331743,33.1350882191723,521.300516614566,615.0868694118794,54,1.9067796610169492,-3.294482385329296,-9.09466533491691,0.2971584806668013,0.5125,7.25910247152756,5.168812472991181e-5,80.6597630093066,13.00960461308492,75.7630811620453,24.23691883795469,87.32020715786341,4.734145252538408,28.62350119904077,71.37649880095923,9.64,93.26,8.82,16.06714628297362,70.2158273381295,4.316546762589928,27.21514967439417,7.633587786259541,0.6260264462261003,0.1228075668600412,2.06554704481854e-6,9.115710357800353e-7,0.5328013650762639,0.04162149366970207,PG
2928802,292880,9421,6642,9421,20.1956578665467,21.1456977749106,6642,26.8324996344867,26.821351064137,672.8313564200295,694.8021441790924,-2779,-29.497930156034393,6.636841767940002,32.862716390802326,0.4314110288670647,0.5838,21.91458908918309,1.126192028746126,73.73134589482343,4.506146594196118,42.68164385987876,57.31835614012124,95.04381837474207,12.63822023518679,65.93377128301381,34.06622871698619,47.92,96.21,2.16,22.65384141077815,64.92827456763641,6.782587248735972,20.53962579436461,12.46105919003115,0.7064694675079697,0.3152360563673373,8.433750818548805e-6,8.751267379311921e-6,0.606435293040473,0.1601536039591587,GP
2929057,292905,3970,3555,233.5294117647059,70.71115126372787,70.3486383999745,209.1176470588235,65.4014749116815,64.77856446209191,628.5944692548723,762.0642715358676,-24.411764705882405,-10.453400503778358,-5.309676352046367,-7.5089660642677565,0.2866349996947257,0.4998,0.006008320717303704,39.84957609688115,89.44784103453838,26.61517554405224,39.37984423041662,60.62015576958335,91.386704845506,2.477151727637662,75.47256800368834,24.52743199631166,10.81,98.78,32.88,43.56617647058824,80.56378844760587,38.74080882352941,19.4586368326753,16.94915254237288,0.4651313587891045,0.01215525755847426,5.317647434688624e-6,7.219314394450657e-6,0.3757058472543582,0.004828646578652157,PP
2929255,292925,3774,3648,539.1428571428571,38.34731077896129,38.37627154081657,521.1428571428571,37.07961812502469,37.06425434680404,490.4215454882466,598.9206006591129,-18,-3.338632750397456,-1.2676926539365994,-3.3058189171171324,0.2017309203476443,0.548,0.6764237335868905,23.20488658105571,86.65696377890885,16.27118715940785,42.77404392809763,57.22595607190237,97.1037527246755,8.450595008855974,63.03950059197072,36.96049940802927,13.15,99.07,9.4,0.3967270022315894,87.6331934129803,32.70518224646665,38.8552025730207,9.174311926605505,0.05576607420919034,0.05912165656341075,1.123687939282058e-6,1.739579232736738e-6,0.0983561669245558,0.0971442113793209,PP
2929370,292937,1447,529,1447,20.8609261833974,19.7242590869793,529,20.7440315411487,20.8105888150877,505.5732540001636,652.3123159781444,-918,-63.44160331720802,-0.11689464224869894,-0.5603521206154881,0.3507346728887663,0.6487,15.40450725677892,15.59569455199641,82.13064749146714,18.89875243007805,31.2991241055818,68.7008758944182,97.91726344418942,31.91692016838008,71.40330188679245,28.59669811320755,35.9,95.76,18.57,89.16706788637457,76.0121855345912,28.21376986037554,34.61890962114568,9.09090909090909,0.387586512270209,0.03225739180285193,7.340513668409698e-7,8.22289908128195e-7,0.450936371967621,0.04713676667374704,PP
2929701,292970,6564,6164,1094,35.8550970465739,34.08626394481352,1027.333333333333,23.34515271542735,23.12025895162083,473.400261728438,573.6042752529861,-66.66666666666697,-6.093845216331533,-12.509944331146553,-34.89028161016211,0.3835111220561078,0.5307,15.71088198137215,10.76699507955233,69.72276840035082,19.12247852531005,76.85070719038269,23.1492928096173,81.54912160949081,29.05141367702768,34.23209258680012,65.76790741319988,29.36,98.36,47.04,16.43522921818528,74.40100093837974,14.11451398135819,32.97708721754125,24.03846153846154,0.1557829624771797,0.006759019401851202,2.283111738706377e-6,3.124748704489691e-6,0.2224211792832849,0.005395113273232998,PP
2929800,292980,5192,4301,1038.4,63.46121601381896,64.265687493927,860.2,73.76951771028942,73.79112552728549,542.8757621900015,636.0495382114409,-178.20000000000005,-17.161016949152547,10.308301696470458,16.24346702437246,0.2745055005086549,0.622,0.007698123688639431,9.954939079831814,86.66469581902673,12.17637059656492,44.66807887510078,55.33192112489921,90.81647776018532,19.68265895439531,57.37626600420409,42.62373399579591,46.12,99.2,8.91,0.4792879150975694,86.91954901586088,55.52892844916124,20.30584967953272,0,0.2178078853600078,0.03598213104143332,2.948971399111393e-6,2.088009501477308e-6,0.225466085049257,0.002676609167039428,GP
2929909,292990,21633,20840,901.375,73.913360282429025,73.56151154082849,868.3333333333333,72.09988736763972,72.19804628127409,714.5012496417818,761.3824718330927,-33.04166666666674,-3.665695927518152,-1.8134729147893012,-2.453511662654589,0.2846982955295138,0.5486,72.00118591648328,1.146552230848864,81.56110585564538,6.73816874614876,51.78267805932779,48.21732194067221,93.03779027810532,4.65393800195707,54.07702984038863,45.92297015961138,23.62,96.43,4.78,66.25351617440225,74.44482997918112,40.14592123769339,16.55898403155071,18.97810218978102,0.08466681490747181,0.005249425557597178,9.804213018550048e-7,1.19966899235073e-6,0.06815380230388335,0.003260362485385797,PP
2930006,293000,7238,5506,361.8999999999999,50.31098485952285,50.69699923420799,275.3,52.9968983060685,52.96589612443141,528.2484892636479,576.0812365148103,-86.59999999999991,-23.929262227134547,2.685913446545655,5.338622279101074,0.3403498697057117,0.6823,1.270165723817495,23.25424043163297,74.6400503497363,28.36076296613735,60.72146749666218,39.2785325033378,90.54638068513636,12.56689669511031,43.29092269859938,56.70907730140063,2.42,93.56,26.41,2.465023317788141,75.83662995830215,26.98201199200533,8.250369557319049,23.25581395348837,0.1321278387134819,0.01390098205297163,5.882711109399644e-6,6.392126336158222e-6,0.2043551330792588,0.002477452332265582,GP
2930105,293010,14098,11681,2014,35.25917691157191,36.12977216700209,1668.714285714286,38.63762058736901,38.56588622413692,828.4022790490791,871.8464727889021,-345.285714285714,-17.144275783799106,3.3784436757970937,9.581742887163944,0.3060534932228596,0.6131,12.85809153359171,5.127606346192311,67.92936639221136,2.325996996847749,22.93111293161335,77.06888706838664,97.6135995141448,55.41778134753574,83.47656512675677,16.52343487324323,73.08,99.15,1.74,30.22015588677697,69.31342882119561,25.20169561055654,28.64774791989348,19.77107180020812,0.3416883217134326,0.1791409647989264,1.680999723407086e-6,1.990489765744286e-6,0.2385844099230064,0.03139495435928673,GP
2930154,293015,12888,9468,644.4,52.82126727631512,52.60033236656615,473.4,47.0331527263407,46.8573880971607,525.1678888508344,608.813587068346,-171,-26.536312849162012,-5.788114549974416,-10.957924427855952,0.2563975398015659,0.5251,0,5.972187359176764,82.36532903352555,20.05964351027523,79.87162990298877,20.12837009701123,87.52842127882437,2.439576928176562,53.45882490705232,46.54117509294768,19.72,98.37,29.12,52.31084368198694,82.4819227729149,14.0058891307131,12.36766412535949,12.91512915129151,0.2892428811463125,0.03044179933199347,4.276500896932724e-6,5.826863588839218e-6,0.3985278652420032,0.0134295526566918,PP
2930204,293020,11768,10259,105.0714285714286,82.12606137639493,82.17493318017475,91.5982142857143,81.09370669299443,81.22753006580015,567.9909682103319,589.4165768519198,-13.473214285714292,-12.822909585316115,-1.0323546834004986,-1.2570366411084497,0.236886944654303,0.54990000000000006,5.448724968086043,34.90556735374045,82.9842415593654,22.17494364449091,42.07952249904618,57.92047750095382,96.30855145694706,31.84609445971843,66.15129326239267,33.84870673760733,49.2,94.25,3.37,23.30789648307897,79.71342780382447,42.88321167883212,15.60029356906429,12.90322580645161,0.01688871948881771,0.02112279499209231,8.620444139732297e-7,1.270199379158089e-6,0.03304304125665888,0.1358589404775872,PP
2930303,293030,11524,9622,720.25,37.57892569424838,38.62399652042573,601.375,42.26302498833488,42.24018371974295,514.3201348700212,618.3663722313333,-118.875,-16.504685872960778,4.684099294086494,12.464697187454231,0.2995459383536236,0.4053,0.128841510101152,19.82096725784323,89.39902882834119,29.55748867627335,64.55755140118238,35.44244859881763,93.30781364130418,5.828716155701575,37.86350844277673,62.13649155722326,6.18,97.17,29.84,115.0813397129186,86.11632270168855,38.94736842105263,12.69993566575649,29.26829268292683,0.5467533138720448,0.01517442614300212,1.088208801085523e-6,8.052569317223279e-7,0.624109022196296,0.005481243229234254,GP
2930501,293050,22051,22392,4410.2,22.73587035660956,22.66469596051244,4478.4,30.06124831230174,29.44474097367704,775.959780950164,790.5899456405403,68.19999999999982,1.5464151285655938,7.325377955692179,32.219474516675426,0.2741926033820208,0.4383,6.537903770906453,9.716025996541404,68.1230734547604,3.997363842529324,38.56353718656145,61.43646281343855,94.53677535718784,51.81699328092832,66.48898986368403,33.51101013631597,63.52,97.54,2.56,17.50896183313418,77.85988914964797,25.48675054473888,24.14818788012295,16.0377358490566,0.338036006186607,0.01380791860478816,2.339202924671955e-6,2.531034987696929e-6,0.3303729023588458,0.0513754837361488,GG
2930600,293060,5154,4878,1288.5,19.0332732140294,19.2866529850712,1219.5,27.79486865583338,27.88337633583873,527.3635196280146,657.8751803742033,-69,-5.355064027939465,8.76159544180398,46.033046146502116,0.3568644981056198,0.608,0.9422006212877251,14.6685010959481,87.30433152826963,9.864854122353357,40.18115683571439,59.81884316428562,95.33258065767144,9.154982370046724,70.17135127010371,29.82864872989629,12.19,96.54,6.94,10.14347681014348,81.84277769427327,33.7671004337671,27.6047954329064,14.81481481481481,0.4329282229910398,0.1458990202244664,1.35984385527449e-6,1.312983292384342e-6,0.3769777927957875,0.009366283222464864,GP
2930758,293075,5281,4795,330.0625,51.41252267798811,50.53244877759909,299.6875,55.02512479912848,55.06869123418807,465.4828918274675,591.7165726063521,-30.375,-9.202802499526605,3.6126021211403696,7.026696868712647,0.2172743382837306,0.5032,0.8116270235314214,39.71413240281156,91.75205343873759,31.54922211816388,46.48665754094278,53.51334245905722,96.42198618576074,12.25278263984731,55.50660792951542,44.49339207048458,38.52,96.85,34.26,91.97138314785374,87.8145299783469,35.41335453100159,43.46305559286818,10.20408163265306,0.2028249893350975,0.01289928718754501,1.45770546602996e-6,1.31871432789873e-6,0.3393771290509692,0.006535319162464331,GP
2930766,293076,7946,4089,1589.2,41.15002417635598,40.13148888436526,817.8,32.82195591640968,32.5147369091846,499.6302748906046,562.883548970931,-771.4000000000001,-48.54014598540146,-8.3280682599463,-20.238307088848444,0.2349321233297745,0.501,1.488014299377263,9.260021416704587,83.71088997190247,27.18551514671552,58.93787677686619,41.06212322313382,89.99366692605108,17.5752444427237,53.56828193832599,46.43171806167401,32.47,97.03,19.58,65.09150505326413,60.98949508641138,29.55476645725212,0.07820409412234591,18.86792452830188,0.2048203652968004,0.07759847793339189,4.634409873980559e-7,4.077811404142752e-7,0.3963473204268594,0.05194624602095732,PP
2930774,293077,669,1153,66.9,80.09888265906685,79.88592339309741,115.3,70.44906000456272,70.48001609905104,768.587703621917,779.1746965966897,48.39999999999999,72.34678624813152,-9.64982265450412,-12.047387346934237,0.3724209606873139,0.4728,0.9661633997574832,40.10478601212337,74.59185465951768,6.122821606672796,13.97433833405183,86.02566166594816,96.27572471375757,68.07666977163089,90.25233865262165,9.74766134737835,89.26,97.43,3.03,15.90027700831025,74.45169404920998,66.14958448753463,17.87975432086869,27.56892230576441,0.03591588179103949,0.1159393183165474,4.528809678207755e-6,9.492724563887479e-6,0.02909974195698126,0.3058528845767618,PG
2930808,293080,7401,6784,740.1000000000001,74.16956367244299,75.12687611467422,678.3999999999999,69.82189248724471,69.66772635849388,510.2096339809202,559.2956078497853,-61.70000000000027,-8.336711255235814,-4.34767118519828,-5.861799598011679,0.2252637733202358,0.3532,2.653170050561982,30.27629103104623,94.78928304587495,9.832811731212104,61.96424756110517,38.03575243889482,92.21913757040328,4.788587448730793,39.00650988211835,60.99349011788166,11.25,93.13,5.37,45.10111576011158,84.31177057064102,42.86959553695955,28.91513847588823,47.39336492890995,0.03650137357882657,0.008029123658037282,5.291463696549324e-7,9.978786537483676e-7,0.03444006746274891,0.02097097935733397,PP
2931004,293100,4616,4623,769.3333333333334,38.86693728938833,39.1712664010351,770.5,36.3632307140282,36.30595100512686,565.6900184187276,598.7066807945157,1.1666666666666288,0.15164644714037637,-2.503706575360134,-6.441738788725475,0.5069533297596343,0.5474,6.179374978246825E-09,12.64420786351092,86.02347605214875,13.86966420899384,58.31256158394912,41.68743841605088,95.04230725489218,12.26604993770482,44.21062654732432,55.78937345267568,21.99,96.46,24.66,35.52123552123552,79.7276709198248,21.52509652509652,24.99614723542798,29.78723404255319,0.2279954630660771,0.3034855602153539,2.813272732186219e-6,1.527268557280406e-6,0.2626748361015769,0.06088550349463625,PG
2931301,293130,4004,3770,500.5,70.94319457732665,71.49883767622104,471.25,68.04492108763691,67.59576869059836,586.2109044193146,605.7040997258916,-29.25,-5.844155844155844,-2.8982734896897426,-4.085343924751913,0.2760648451325027,0.5011,1.957825207727172,26.80408466201529,69.89033559622375,28.51210217000364,24.41412794340478,75.58587205659522,97.7073476079622,4.239559795494978,74.45056685033884,25.54943314966116,2.8,99.37,18.29,4.557498675145734,66.83133827348153,25.70217276099629,12.04751745391944,0,0.2543664906929056,0.006230593144135545,9.878601683113598e-7,5.693903555771601e-7,0.3367286983855068,0.005716284118933933,PP
2931509,293150,3161,2427,3161,21.9316785222852,21.8221040648016,2427,22.7133510425915,22.6046097254771,623.0758647056903,666.2116782555844,-734,-23.22049984182221,0.7816725203063015,3.5641253792409415,0.3537641302820325,0.4764,0.06387134594515449,10.02283756834482,88.3383017809677,13.36030712624385,69.35812016480213,30.64187983519787,93.90471859219075,23.96409545206267,41.91605406687219,58.08394593312781,54.73,95.21,7.07,0.03071253071253071,78.131373013991,25.19963144963145,8.286667926831697,22.22222222222222,0.3313480921459506,0.04060607605462035,1.024277318439986e-6,9.846715653390653e-7,0.3420019263495919,0.09845343328494201,GP
2931806,293180,8564,7280,1070.5,51.22167061511281,51.9531242038799,910,60.11104769333915,59.88287335099183,515.7350807452337,575.0282642380912,-160.5,-14.992993928070995,8.889377078226346,17.354719148116892,0.3383519993465801,0.6112,0.1766907024274442,5.026341613882544,87.27625405071652,15.25349912637891,76.45244671009999,23.54755328990003,93.02883107262788,8.296538414654831,26.37524557956778,73.62475442043221,13.97,95.82,17.07,65.64426633785449,83.27603143418467,43.20283600493218,39.09263388663976,12.4223602484472,0.3618892665796887,0.0521313269948832,1.481874538663007e-6,5.117366285706834e-7,0.2984148493778679,0.03789015973243558,GP
2931905,293190,13050,10241,1186.363636363636,47.97192916875604,46.94409536573464,931,41.74439369108529,41.20730465958791,534.0827064687358,643.2319250800123,-255.36363636363603,-21.524904214559363,-6.227535477670749,-12.981624015501803,0.419540475113911,0.5251,0.1206217969021312,4.712962556694952,77.79697477746399,23.0191106103573,58.06446402423236,41.93553597576764,97.15215803621624,46.16376158230801,53.57583230579531,46.42416769420469,62.4,97.21,7.55,14.26104701357821,86.74064940402795,9.96782042225885,18.39385321275641,20.03642987249545,0.1228718868517561,0.005559743060714828,5.936086585982296e-7,1.062356992348145e-6,0.2132797394874369,0.1075615113233603,PP
2932002,293200,12062,11110,446.7407407407407,66.29356078429606,65.44594344300732,411.4814814814815,51.10098290961747,51.14120043607002,540.9468896121214,607.5791625021249,-35.25925925925918,-7.892555131818919,-15.192577874678591,-22.917124521507798,0.1969834987093701,0.51,1.61890816133905,9.607687962027295,75.01460034077743,15.81207898940961,56.63822191466561,43.36177808533439,92.84357265280943,3.07589107418892,47.65637692932575,52.34362307067425,14.64,98.5,10.24,14.63700234192037,93.76929325751422,18.86709601873536,24.33283743706052,19.84126984126984,0.0291752999552091,0.4395938026937881,4.679272001763375e-7,4.61601116454778e-7,0.01721939129688634,0.6222742676396402,PP
2932408,293240,4242,2792,848.4,53.75346882514372,55.38545645939664,558.4,57.66526471774426,57.55480299643438,526.3517138788573,671.7237297972259,-290,-34.18198962753418,3.911795892600537,7.2772901509395345,0.3152347776738998,0.6425,0.1222876269834174,4.410587458489282,84.56714883396992,16.17441996657073,39.19947827138031,60.80052172861969,94.07204587249275,2.015692869702216,65.88708476091166,34.11291523908834,31.86,96.67,10.9,1.939058171745152,92.89438403098465,10.42243767313019,25.86735439437546,7.042253521126761,0.04743698013971011,0.0568498862258351,3.981815547566382e-6,7.122090800395755e-6,0.07798247857920768,0.05664104007377144,GP
2932457,293245,6848,3724,402.8235294117648,78.59211654497142,79.14576282148712,219.0588235294118,71.13624614341515,71.33413632167665,413.0162091798607,576.4076719814095,-183.764705882353,-45.61915887850468,-7.455870401556268,-9.48679171566772,0.4301925087940452,0.4509,2.920686874609363,13.81889206859371,75.88443064102059,11.07537888509363,55.32571807077134,44.67428192922866,97.76026653435333,7.862417795671597,61.47859922178989,38.52140077821012,58.62,89.88,3.05,2.418414918414919,84.52389692386755,18.24009324009324,34.34672445166605,38.75968992248062,0.0398176784052634,0.1282019436384314,9.176818675457878e-7,2.338565632609261e-6,0.05224365487734643,0.01188405665157322,PP
2932606,293260,6929,5960,1732.25,33.1186425094694,31.7741836326001,1490,27.46903294854418,27.44377639230233,673.5888395245385,737.1358018755801,-242.25,-13.984701977197286,-5.649609560925224,-17.058699067481005,0.3093037413440402,0.4941,0.03656484686238105,17.99043483833019,85.54466281605083,13.88173925915112,63.93135344329886,36.06864655670115,92.19980132930804,8.18052629495292,41.89787677478181,58.10212322521819,10.52,96.85,15.4,55.54481758878956,86.49863227823369,46.00144962551341,19.04632084301433,18.18181818181818,0.1851999912542925,0.03878643606298547,6.146060780651605e-6,9.250723096419831e-6,0.3562377115212857,0.01847016725890383,PP
2932804,293280,3257,2541,651.4,74.95289322943944,75.39443405807378,508.2,67.34892417335737,67.45123510373622,561.5853226356792,871.9526146123711,-143.2,-21.983420325452872,-7.6039690560820645,-10.144997382296424,0.2636652957649195,0.4901,16.36300998297792,13.97589800291241,87.80478190370495,16.37833358549803,30.29793701433147,69.70206298566853,95.46476978532661,5.464371492486332,72.95268565803237,27.04731434196764,24.86,98.52,17.14,27.97945205479452,76.96425275333785,34.58904109589041,19.2882243224327,15,0.1761617750600551,0.007404169602820435,4.189731563667296e-6,4.836798347532126e-6,0.3285276515725207,0.006252975788216372,PP
2933000,293300,7400,5835,2466.666666666667,23.79627939301643,21.76560266517023,1945,27.3152991503236,27.27174809814843,599.5011536815935,704.2290134263679,-521.666666666667,-21.148648648648656,3.51901975730717,14.788109095491238,0.2655526811695427,0.5737,9.813849790740699,9.673235759312167,65.66720757520864,6.630421336877298,44.55814745460201,55.44185254539799,86.9270381182991,47.45067012596537,66.09884245956817,33.90115754043182,83.28,93.69,5.57,27.49314779675311,68.84081766685823,42.18848829854522,13.55844116161308,18.79699248120301,0.1866498442178924,0.08341700427467996,1.540704897333236e-6,1.795356663601008e-6,0.1771650176315201,0.4803642562895111,GP
2933059,293305,1335,1142,1335,15.7258625241834,15.9045110826371,1142,23.3355473300075,23.4300777305576,463.9344322952451,555.3131997934757,-193,-14.45692883895131,7.6096848058241005,48.389618020136226,0.2671367204177297,0.5496,3.79556640203171E-08,18.85734647564951,84.67809227245516,11.09999864759092,52.76188632835091,47.23811367164911,84.69150695765795,19.93193077531497,54.20289855072464,45.79710144927536,19.15,99.13,12.82,55.07042253521127,79.0072463768116,27.29577464788732,6.374719654185541,33.33333333333334,0.2808265731262194,0.01169595270748621,1.25451330853545e-6,1.818206339914332e-6,0.3950562535660276,0.03825401541124305,GP
2933158,293315,1884,1700,269.1428571428572,65.36132041966415,65.40569127529231,242.8571428571428,54.72824272941349,54.7441061909341,484.8542930983422,570.7301871933831,-26.28571428571442,-9.76645435244166,-10.633077690250666,-16.26815006486875,0.2482941684901864,0.555,0.5784836255511625,20.27599900337374,93.62734443457454,15.46355896602359,34.37382299190843,65.62617700809156,94.8225338458416,35.6894651314405,70.33600239467187,29.66399760532815,60.47,94.05,10.39,17.53554502369668,82.96041308089501,20.31144211238998,32.43664087388814,22.3463687150838,0.1215687314909499,0.05444832571859465,6.070604291199918e-7,1.064523870267773e-6,0.09676383201362833,0.03381998208652684,PP
2933307,293330,3122,4592,1561,39.7398441440828,40.259476725362,2296,48.21319429149214,48.2642356972615,1109.35342272484,1134.447231738168,735,47.08520179372198,8.473350147409334,21.32205178431985,0.4048969756039684,0.5649,0.1289388293433193,8.685671946162927,53.13579214740229,2.270355465351269,10.47130527886936,89.52869472113063,93.80942967475279,59.74810841136155,90.27389739192994,9.72610260807006,83.77000000000001,98.34,2.67,8.803785627819963,60.02428753411208,25.64652800704303,24.48258602236422,18.02170796641409,2.50411740734602,0.1254807875145129,2.734500236070302e-5,3.670860860913562e-5,2.763040483402527,0.1324385032569004,GG
2933406,293340,2950,2952,590,66.95349954857248,66.8653605829192,590.4,68.06282538261053,68.08620239880466,578.4190186968357,623.378890173561,0.39999999999997726,0.06779661016948767,1.1093258340380459,1.6568601216031549,0.1822912863000656,0.4024,17.05754431529675,37.05637664731375,85.28174194846667,16.06267098818441,28.29423657530352,71.70576342469649,96.29543306130347,10.78702426875204,71.55335718796043,28.44664281203957,4.109999999999999,98.72,17.33,36.45352669742913,68.680277836245,42.71588661832564,22.58097342443384,0,0.1851255070637232,0.007269428222226203,7.84283880076928e-6,6.475451922631988e-6,0.07173802739797372,0.003476621442423948,GG
2933455,293345,4482,4500,203.7272727272727,65.9580157059402,64.39712420067539,204.5454545454546,60.5698781359424,60.0819224590414,570.8241311829483,696.3705605865189,0.8181818181818983,0.40160642570285066,-5.388137569997795,-8.169041339902737,0.211376760927547,0.5529,14.71882293682492,0.1266171438767242,81.31937484694781,41.99138452101115,53.13946249134085,46.86053750865915,91.82381347219858,1.434749018018513,51.68955408116032,48.31044591883968,21.74,98.39,35.81,17.08413615928067,83.22789692948619,13.19845857418112,16.69060705885472,0,0.4615717577725906,0.01221888263001352,5.369431514550087e-7,4.968139100956408e-7,0.4517506457518171,0.005352957829488781,PG
2933604,293360,15433,13807,291.188679245283,69.85901939476109,70.1465333335461,260.5094339622641,69.06071701223642,69.06654744265568,606.7755034061669,638.6715551685725,-30.67924528301893,-10.535864705501218,-0.7983023825246676,-1.1427334500840907,0.1622308039441289,0.3024,0.1441661659793682,13.5889967473556,89.60185003555836,16.37502061920165,28.63574356250971,71.36425643749028,95.77012461159383,37.76015903948634,78.011743267868,21.98825673213201,36.86,99.09,14.06,56.22129019372878,91.08906436300646,14.99900139804274,17.11235369641579,23.60248447204969,0.03673410807113101,0.05598148946012053,1.179813484176032e-6,1.536842040111262e-6,0.04579531070162752,0.02365430713978557,PP
3108602,310860,2325,1866,2325,65.7791212706231,64.3466175374611,1866,53.937873416267,53.9631784182479,701.7121038815305,773.4512337214677,-459,-19.741935483870968,-11.84124785435609,-18.00152939964004,0.5817999995327513,0.5955,0.03571468658498705,1.229245078983382e-7,78.45449023194335,7.190000051542737,33.76157397776771,66.2384260222323,95.8399999829248,53.54999929796991,71.6590582202489,28.34094177975111,57.64,94.66,5.23,4.650673400673401,67.34100431492715,2.525252525252525,17.02127644819009,8.565310492505354,7.361581567084022,0.0540546088828077,1.827987519067659e-5,1.864059551821978e-5,6.422343680930185,0.02999562107418316,PP
3112703,311270,4285,2595,476.1111111111111,39.49539895717328,39.06070463087611,288.3333333333333,38.28284349952575,38.00492382609254,698.2096995540375,757.140437810966,-187.77777777777777,-39.43990665110852,-1.2125554576475324,-3.070118266085534,0.374400002144251,0.5137,0,38.20549157741023,78.55835487507936,14.65000160707611,18.90750943358717,81.09249056641282,96.129999290223,20.25000702786286,86.28230616302187,13.71769383697813,62.83,97.38,7.58,0.5594405594405595,69.63220675944333,39.790209790209794,4.926110291344398,24.39024390243902,0.7531540781099301,0.001977182178645762,6.534099045502954e-6,1.286079286873318e-5,0.4919447366146563,0.004005073806892066,PP
3115474,311547,1300,1227,650,29.31535307149345,29.59216378624755,613.5,36.33243358597175,35.94265349935955,544.3240316368863,602.1244967576218,-36.5,-5.615384615384615,7.017080514478298,23.936537613465685,0.5425000002187432,0.6369,0.3407155226497588,21.29471881984211,92.35593864765785,16.86999992565366,41.63073307070488,58.36926692929513,92.66000002340475,3.03000004726945,60.05486389533657,39.94513610466343,28.92,97.1,16.06,1.440922190201729,89.0483224308926,65.51392891450529,1.302688518559224e-7,0,0.3792434455722966,0.006149893805092894,1.965730207864411e-6,1.285172005841809e-6,0.3508514366812066,0.00153747342980371,GP
3117836,311783,3466,1713,3466,47.8247154676226,47.9493774437112,1713,40.2298628465895,40.1477448007827,579.8738825449162,623.1945250165204,-1753,-50.57703404500865,-7.594852621033105,-15.880601790877002,0.5492999988447179,0.537,1.386674877191557E-10,6.846153920734341,94.49373309600352,15.12999993486716,73.03196702232228,26.96803297767772,87.21000003760595,0.4900003259182945,50.06913716814159,49.93086283185841,0.46,87.89,9.46,2.275522755227553,90.05807522123894,87.57687576875769,26.31578941557677,34.48275862068965,1.043687461736959,9.992221431352583e-4,4.675844571374785e-6,9.51414082729714e-6,0.8714589428187767,0.01658779778785884,PP
3124302,312430,6772,6294,483.7142857142857,59.81932276359359,59.45971255674796,449.5714285714286,59.90989437623161,59.91990407464659,642.435465020554,730.8217343282139,-34.14285714285711,-7.058476077968097,0.09057161263802271,0.15140862258832719,0.3697999994219908,0.597,1.734774507947201E-08,8.255269581551008,81.83717410333409,7.430000327072174,42.0724460030738,57.92755399692621,96.63999988527168,2.310000174779043,60.90030251216625,39.09969748783375,26.97,98.15,5.51,34.78969677208999,79.08391424437721,45.85914574502771,10.91703058912549,15.8311345646438,0.2829389604739205,0.01350251029270373,3.031377743281818e-6,3.396071055179734e-6,0.2170467194324176,0.008432931582969738,GP
3126703,312670,7273,5091,661.1818181818181,37.93737767156615,36.62369500977679,462.8181818181818,36.78033573194197,36.60900120390139,738.2885511794931,770.0190138814158,-198.36363636363632,-30.00137494843943,-1.157041939624186,-3.049873266520955,0.3793999890372912,0.6374,0,9.111769067385396,75.91121334175145,20.95998590551076,40.20146176839297,59.79853823160701,93.37000616220729,47.04994020182082,67.54619719540432,32.4538028045957,60.66,98.06,11.14,0.01983339944466482,68.26263597046875,31.81277270924237,12.19510573299902,14.21800947867298,0.924452455520261,0.00481798890803594,4.259460431239123e-6,5.156787795111041e-6,0.6096859185276231,0.001180406381502584,PP
3127339,312733,3362,2831,210.125,67.2305536647942,67.40855897205842,176.9375,61.04003371763469,60.82556987015819,556.156595954345,643.5431857022787,-33.1875,-15.794170136823318,-6.190519947159508,-9.207896722113746,0.6147999992175465,0.6486,3.02981611599759E-09,3.204524067102296,90.67912041070667,28.87999994795118,72.50437819322683,27.49562180677319,70.77000008640681,0.8200000190814414,34.47698744769874,65.52301255230125,0.46,95.55,15.65,31.24423963133641,79.81171548117155,7.695852534562212,15.8730158566883,0,0.179078267248002,0.003888070167447133,9.323261542379562e-7,9.540624021119814e-7,0.1697525746593895,0.003405608880718017,PP
3129657,312965,2089,1310,2089,54.4872316403074,54.1370810841203,1310,48.924990527586,49.1291072934335,568.0163796453662,645.4481770218553,-779,-37.2905696505505,-5.562241112721402,-10.20833862406525,0.6127999994949505,0.5738,1.307079748952431E-08,28.88040717429112,91.2753856920851,9.800000079310333,49.26076351262756,50.73923648737247,92.55000001314163,22.01999982768472,58.02007478842748,41.97992521157253,1.19,97.7,7.69,0,95.2765203700059,35.56231003039514,1.082555287852814e-7,28.16901408450704,0.3754305441267097,0.004338951301979138,9.660110634217815e-7,1.072839310304807e-6,0.3241487655250865,0.0072936256069712,PP
3132107,313210,4020,3823,502.5,54.78810423132745,54.80986827020449,477.875,54.05483069575602,54.57590593293321,768.2876481277211,729.7283199060882,-24.625,-4.900497512437811,-0.7332735355714348,-1.3383809238505358,0.5132999998323149,0.436,6.995510019559935E-10,19.97851775058724,82.62415349155442,7.880000017415881,22.12753961376077,77.87246038623925,97.98999997018878,39.35999991861529,77.68691588785047,22.31308411214953,53.83,96.43,14.83,6.430707876370888,70.42056074766356,19.59122632103689,19.4174757089556,30.04291845493562,0.3201000285235528,0.004317670324307024,1.759973150055614e-5,2.865677462490855e-5,0.259763095946079,0.001285260003134833,PP
3135050,313505,12704,11969,488.6153846153845,52.1507955902253,51.97288583264236,460.3461538461539,51.52942146798819,51.34856497387384,736.8391718784281,782.9490736131121,-28.269230769230603,-5.785579345088128,-0.621374122237107,-1.1914950006123626,0.4890259331701856,0.588,7.527654459491402E-09,5.93198740566129,71.89638334336841,25.99845316412169,47.49816324273964,52.50183675726036,91.14549914891568,19.79381410231441,57.07632531403023,42.92367468596977,38.54,98.01,26.95,3.294339115234637,78.80828188205238,6.225628613688315,9.261540425741156,3.696857670979667,0.3143416131351268,0.003565550447795454,2.303470624475138e-5,4.834499036219691e-5,0.2314252665626668,0.001024088293386048,PP
3135100,313510,7814,6859,411.2631578947368,38.34649309756975,38.08817389281683,361,37.57385979889747,37.43795854903932,953.8438071398123,1017.204336831044,-50.26315789473682,-12.221653442539028,-0.7726332986722753,-2.014873424556369,0.5598999998322614,0.6933,2.851483731129144E-12,6.308411223398658,69.7812972580822,7.050000016146108,9.330419328010617,90.66958067198942,96.82999999725907,16.3000000024364,91.40792481224356,8.592075187756434,39.44,99.26,4.24,0.4709965294992564,64.36247994661896,28.58205255329698,12.54826254700357,8.255933952528379,0.5597278837585267,0.006904048589110165,1.037048891569795e-5,1.760646341281847e-5,0.3848697651440342,0.003313943369997251,PP
3135209,313520,5885,4341,1471.25,52.45127650367377,51.99621184986765,1085.25,48.68600513471915,49.0244491329833,809.8548177837694,840.2025957772298,-386,-26.236193712829227,-3.7652713689546147,-7.178607690683923,0.4129004485683882,0.4634,0.01637192944377306,15.651575508106781,73.12381956408768,7.440025283950953,36.87743885958552,63.12256114041446,91.64998541032989,38.96987348481811,67.31219933390898,32.68780066609104,40.2,97.25,7.16,26.71806586712355,69.6712717404712,43.24195697696555,19.45527547245175,12.7253446447508,0.6543288623294018,0.008173613164399674,2.918195441150833e-6,4.4808259779689e-6,0.679313545173789,0.006947951436897424,PP
3136959,313695,1523,1450,152.3,72.15686753915314,73.08609362740366,145,67.76313817901183,67.2536934189676,580.4039264830606,616.1108667396735,-7.300000000000011,-4.793171372291536,-4.393729360141307,-6.08913539346372,0.2766000269376588,0.606,2.521156269043569E-08,11.174790678141,87.45619914437026,18.42000251830344,23.05536814838242,76.94463185161759,96.38999883190432,7.809998947115838,76.28060427157493,23.71939572842507,59.48,97.58,18.23,0.683371298405467,90.25872547317243,51.59453302961276,14.28571197397398,16.39344262295082,0.2920181608038607,0.004658437185433224,1.362019805713068e-6,1.682506668256899e-6,0.3273701145426531,0.002204200725957662,PP
3139250,313925,3213,2493,1071,32.54486267872073,32.30287620362157,831,29.0729168571676,29.05889714771683,531.036182718243,612.5974049472694,-240,-22.408963585434176,-3.4719458215531347,-10.668183964479425,0.6251999989294041,0.707,0,9.820585433841233,90.11232395538684,11.70000002380804,55.51336811996179,44.48663188003822,86.5200000062299,5.049999981188349,58.30135157683964,41.69864842316036,10.29,93.88,7.8,9.88888888888889,76.7228433172034,8.944444444444443,15.87301585259633,0,0.3596823334500672,0.003372548894122598,1.156873737521627e-6,1.316788192538093e-6,0.3148357964302423,0.002765052554003665,PP
3139300,313930,6052,5754,356,69.16601818654374,69.4744518154136,338.4705882352941,64.8730583734752,65.0464462489765,718.5823695516765,745.4380063842053,-17.529411764705912,-4.923992068737616,-4.292959813068535,-6.206747078442823,0.4679999995551471,0.6509,1.106050745274328,23.03188025516893,87.02367132282882,17.74999999995057,30.10649573534776,69.89350426465225,94.5500000014942,4.4800000093413,69.62824284568066,30.37175715431933,41.64,97.53,16.11,1.721109940288023,81.62075421235625,24.83315770987004,24.39024387912568,17.85714285714286,0.2786576301996897,0.001433005080498076,3.693349315067509e-6,5.941473660771357e-6,0.2365540859181126,0.002103115361499857,PP
3140852,314085,4550,3046,227.5,62.77238070398207,62.73143552826443,152.3,61.32382270180295,61.25841711201361,672.5177965255962,653.8659122075018,-75.19999999999999,-33.05494505494505,-1.4485580021791193,-2.3076359155631447,0.5826997526447846,0.4643,5.988514185396498E-10,11.62979685732403,65.76812925752652,37.04997094680807,48.53191435923706,51.46808564076293,95.59998829337385,20.88999707208306,58.59170925610449,41.40829074389551,8.49,96.77,35.59,21.40019860973188,78.45542305508233,10.87388282025819,19.73681468890272,22.05882352941176,0.3276919861126788,0.004295113293443266,8.140592564764567e-6,1.407533734794702e-5,0.2871372068399049,0.001279369428262245,PP
3141009,314100,1667,1545,1667,33.7730263644824,32.2169662723487,1545,23.3463819485812,23.319336011034,615.6413331896489,740.0926115587542,-122,-7.318536292741452,-10.426644415901198,-30.872697943547163,0.6163999996722981,0.5896,5.455083455879246E-09,10.55900623003213,73.41532642210902,7.950000020444086,25.42573331083316,74.57426668916685,94.97999999682864,1.530000030643945,74.79837033341647,25.20162966658352,32.59,98.12,7.55,0.2507522567703109,66.9826224328594,48.24473420260782,6.944444457716643,6.578947368421052,0.4575976494800525,0.005856625255606509,1.798873496261174e-6,1.573642989228884e-6,0.4836270951104727,0.004867506285557503,PP
3142700,314270,2203,2094,440.6,58.7665330984047,59.57681611290662,418.8,56.1360457290725,56.20463551750464,650.0570358615441,689.6921488706464,-21.80000000000001,-4.947798456650025,-2.630487369332201,-4.476165651847189,0.4353925025714077,0.4087,3.31743544022995,2.031647078775201,60.81269478682748,12.68091756753209,35.45002482996522,64.5499751700348,91.2999128198917,7.779863008134464,65.35998861696073,34.64001138303927,23.02,95.3,12.69,1.196172248803828,70.59618668184406,12.59968102073365,31.57838296366844,22.72727272727273,0.5588779735121315,0.004099531440801532,3.039321143102934e-6,4.621190659439104e-6,0.579171711078424,0.003992624454089256,PP
3142908,314290,5540,4405,923.3333333333334,44.35430419822892,44.55284276288137,734.1666666666666,44.35465408291456,44.28202878425724,621.6726892780183,704.3876744778516,-189.16666666666674,-20.487364620938635,3.498846856402338e-4,7.88840433786367e-4,0.5756884713832465,0.542,7.664875506343803E-09,7.551820752318264,69.19206455178757,7.979194645463193,43.63236913830286,56.36763086169714,95.60868725616174,9.505043859011524,62.19403428797938,37.80596571202061,33.22,98.93,8.6,12.21779548472776,63.2395203646814,25.8584708783912,14.66152021628623,13.82488479262673,0.313181655634566,0.01735994915668681,1.776260157428711e-6,1.980412441174253e-6,0.3733352329153335,0.00566595069251384,GP
3143302,314330,626,506,626,53.9468825181464,52.4554841352807,506,48.575310840184,47.0808192330059,1281.087868276932,1324.135710461898,-120,-19.169329073482427,-5.3715716779624,-9.957149379587477,0.616999997634512,0.7335,0,2.291320358640904e-7,46.07324967327177,2.500000179898004,4.832074353735607,95.16792564626441,98.19999996948557,93.03999897140012,95.95008544021127,4.049914559788729,94.6,99.09,1.65,0.2650462214752085,43.43275467008427,0,14.57068508798985,11.8491921005386,2.664203385649649,0.01120537518146124,2.339881187594101e-5,2.653384317060517e-5,1.835557537434394,0.007475824981851742,PP
3146552,314655,3320,2903,415,40.61126268946415,40.7053257305022,362.875,41.62857254799547,41.52623612270976,503.4323914836881,621.0692176727808,-52.125,-12.56024096385542,1.0173098585313198,2.504994405887415,0.425400000631919,0.7032,27.74725262603934,51.64835148278321,88.01820018303842,19.41999998212325,70.5257834937043,29.47421650629571,90.4200000022922,1.160000012830661,37.33333333333334,62.66666666666667,1.26,95.84,18.42,57.75862068965517,80.84684684684684,54.36422413793104,13.51351348022991,0,0.2773205216281983,0.003279127801011285,7.262899858171813e-7,7.414394027846381e-7,0.2793933984136604,9.01760140749124e-4,GP
3149150,314915,8963,7343,560.1875,64.05961883022238,63.92933109090784,458.9375,58.530615306119,58.98042904825428,595.7986375985704,690.6025945208088,-101.25,-18.074305478076536,-5.5290035241033735,-8.631027822311786,0.5874026075754352,0.4751,1.38462537424785,36.5966358348504,73.7681575073295,18.11914566601261,38.65353713865882,61.34646286134121,93.85986548641307,5.041743618756143,59.76114803043436,40.23885196956564,24.99,97.27,16.64,5.06638714185884,64.77896561687373,26.58979734451433,8.129246539589612,19.8019801980198,0.2982832047815401,0.001663604356298672,1.962013517217322e-6,2.228227631953247e-6,0.299414062969574,0.001754112808422874,PP
3152204,315220,15142,13330,1261.833333333333,39.42829942061816,39.33788359532794,1110.833333333333,40.45570705033376,40.23280354583542,620.9966733488077,753.3396443896513,-151,-11.96671509708097,1.0274076297155972,2.6057619649158315,0.4028000002463815,0.6412,0.01926787640657114,7.591522246754632,79.79908045292778,11.16000001482403,48.60605415925944,51.39394584074056,96.99999998421461,19.36999995468777,56.16497054097482,43.83502945902518,30.73,96.5,19.1,0.7465339495200853,69.10016068559186,11.77864675909468,13.51351351179219,7.352941176470588,0.3813683613681403,0.004152831527397731,2.244711618472841e-6,3.020250051606977e-6,0.3733458458492276,0.004159123689329054,GP
3161106,316110,9961,7029,1423,52.69650771058615,52.43493083296527,1004.142857142857,42.75347857404923,42.81184477164796,685.4669410196035,733.2590577168396,-418.857142857143,-29.434795703242656,-9.943029136536914,-18.868478327150072,0.4100000002696877,0.5782,59.44219703883042,6.5573770872869,80.30207326321504,10.94000000703544,36.45686261001901,63.543137389981,90.60000000598323,17.30999999113663,69.90680867249905,30.09319132750095,47.76,96.35,12.41,71.93330686780467,81.05173069608216,6.722244276829429,17.08542712128366,14.08450704225352,0.8537691262173843,0.01818038355203166,3.114891678684884e-6,4.432100046497246e-6,1.08933136548173,0.003677429330725074,PP
3162401,316240,14399,11507,1028.5,45.8144050749128,45.54171901782512,821.9285714285714,45.90035839607422,45.78748337443712,549.2932067507244,661.3942698724585,-206.57142857142856,-20.08472810611848,0.08595332116141918,0.18761199893543043,0.4881999998087519,0.617,0,4.455445572788307,80.29024371433907,16.56999999905974,65.86481577043831,34.13518422956169,96.38999999403018,1.770000046220743,38.39210747271201,61.60789252728799,34.43,96.28,14.82,0.1151742009789807,74.24013434089001,46.73193204722143,9.80392158729049,7.092198581560283,0.6583917472077284,0.001537242105416364,3.951220732917992e-6,9.745784157309677e-6,1.693082277937939,9.886576639635326e-4,GP
3162450,316245,3661,1153,1830.5,45.61117578392055,48.63203405853115,576.5,47.00320247573315,46.8223196710475,567.1869445356782,613.2765236967538,-1254,-68.50587271237367,1.392026691812596,3.051942134548813,0.3940000008432323,0.383,7.024640788351815E-09,38.87733870515086,87.708066558415,7.520000064215557,79.12078499927155,20.87921500072845,82.17000009414795,2.680000013326103,39.35810810810811,60.64189189189189,1.05,82.68,7.49,0.3008649868371568,82.10995085995087,42.91086874764949,10.86956537298593,28.80658436213992,0.3871439500834239,0.006430239779287646,2.232852466724448e-6,2.772696175263125e-6,0.3297552670806211,0.005197374270385862,GP
3166956,316695,1267,764,1267,47.8424606352007,47.4703103485116,764,46.328652880156,46.3618024524272,638.9954873588702,658.6264074465521,-503,-39.700078926598266,-1.5138077550447022,-3.1641511221329175,0.3694000000077902,0.6196,5.523203237806714E-12,25.22875816481787,88.40677965852521,13.94999999941775,60.94915253869591,39.0508474613041,95.59000000028982,0.3900000057547245,45.54342883128695,54.45657116871305,1.44,99.86,13.64,0.1666666666666667,69.96361982719418,56.25,18.18181818051642,0,0.3621385107742736,0.007002678384390674,1.585001667470487e-6,2.449882254709913e-6,0.367874037331312,0.006402448800544952,PP
3170909,317090,4703,3054,783.8333333333334,67.08115782322562,67.05098226133745,509,67.30060813414282,67.09261804851593,619.2168973012525,666.0273944818574,-274.83333333333337,-35.06272591962578,0.21945031091719613,0.32714150744907905,0.4259999999059557,0.5843,0,12.70110074864677,85.844318890767,10.33000004877872,53.42121779627566,46.57878220372433,93.06000000184339,13.69000002203832,53.30288870008496,46.69711129991504,18.16,94.24,5.03,0.02324500232450023,77.67629566694987,8.94932589493259,22.14022139063126,37.34439834024896,0.3938273265044521,0.005501040694213724,1.120596682704979e-6,1.13606057888209e-6,0.2965346541670145,0.001477706191200784,GP
3171030,317103,3641,2954,227.5625,50.60182679611498,49.57531233003702,184.625,46.97399202819629,46.68580516454574,630.4411321936991,662.3704157165081,-42.9375,-18.86844273551222,-3.627834767918685,-7.169375094966368,0.3619003954976701,0.5542,0,5.617978453680465,84.7711078694655,31.72998168229565,42.94274044858916,57.05725955141085,93.3999930587776,20.24999849729543,59.7174993460633,40.2825006539367,46.86,98.48,33.44,0.5128205128205128,83.76929113261836,6.03988603988604,18.98731150192602,0,0.3463551912354402,0.00470335456140954,8.65152389357101e-6,1.292078365219514e-5,0.2942474355532745,4.703343421175079e-4,PP
